sample_id,date,lat,lon,elevation_m,slope_deg,aspect_deg,state,district,corridor,split_target,geology,trigger,label,source,sample_type
LS-POS-0001,2020-08-11,27.2122,88.6754,1931.0,42.37,278.9,Sikkim,North Sikkim,Sikkim & NH-10 Corridor,TRAIN,Disang Shale,High Intensity Rain,1,ISRO_ATLAS,POSITIVE_LANDSLIDE
LS-POS-0002,2022-09-15,27.3708,88.554,686.0,51.28,211.7,Sikkim,West Sikkim,Sikkim & NH-10 Corridor,TRAIN,Granite Gneiss,Prolonged Downpour,1,NASA_GLC,POSITIVE_LANDSLIDE
LS-POS-0003,2021-08-14,27.3782,88.2035,690.4,40.59,212.0,Sikkim,North Sikkim,Sikkim & NH-10 Corridor,TRAIN,Quartzite Schist,High Intensity Rain,1,NASA_GLC,POSITIVE_LANDSLIDE
LS-POS-0004,2018-09-02,27.2177,88.6916,1466.8,48.64,299.4,Sikkim,Kalimpong,Sikkim & NH-10 Corridor,TRAIN,Schist & Phyllite,High Intensity Rain,1,NASA_GLC,POSITIVE_LANDSLIDE
LS-POS-0005,2019-09-15,27.3443,88.3927,677.9,33.54,54.3,Sikkim,West Sikkim,Sikkim & NH-10 Corridor,TRAIN,Disang Shale,High Intensity Rain,1,NASA_GLC,POSITIVE_LANDSLIDE
LS-POS-0006,2022-06-18,27.5865,88.3294,1809.4,35.48,254.3,Sikkim,North Sikkim,Sikkim & NH-10 Corridor,TRAIN,Quartzite Schist,Prolonged Downpour,1,ISRO_ATLAS,POSITIVE_LANDSLIDE
LS-POS-0007,2022-09-15,27.6076,88.6474,1696.3,50.12,149.9,Sikkim,West Sikkim,Sikkim & NH-10 Corridor,TRAIN,Schist & Phyllite,Prolonged Downpour,1,NASA_GLC,POSITIVE_LANDSLIDE
LS-POS-0008,2021-08-14,27.1399,88.6144,1274.3,34.74,89.6,Sikkim,West Sikkim,Sikkim & NH-10 Corridor,TRAIN,Schist & Phyllite,Monsoon Cloudburst,1,ISRO_ATLAS,POSITIVE_LANDSLIDE
LS-POS-0009,2018-08-18,26.9609,88.4117,1341.0,35.04,258.3,Sikkim,South Sikkim,Sikkim & NH-10 Corridor,TRAIN,Disang Shale,Monsoon Cloudburst,1,NASA_GLC,POSITIVE_LANDSLIDE
LS-POS-0010,2021-09-02,27.3742,88.6632,1789.4,49.96,145.1,Sikkim,East Sikkim,Sikkim & NH-10 Corridor,TRAIN,Quartzite Schist,Prolonged Downpour,1,ISRO_ATLAS,POSITIVE_LANDSLIDE
LS-POS-0011,2021-08-14,27.4182,88.533,1684.8,34.59,237.6,Sikkim,South Sikkim,Sikkim & NH-10 Corridor,TRAIN,Schist & Phyllite,High Intensity Rain,1,ISRO_ATLAS,POSITIVE_LANDSLIDE
LS-POS-0012,2020-07-10,27.4825,88.4806,1999.2,39.85,163.6,Sikkim,East Sikkim,Sikkim & NH-10 Corridor,TRAIN,Disang Shale,High Intensity Rain,1,NASA_GLC,POSITIVE_LANDSLIDE
LS-POS-0013,2019-08-08,27.0912,88.6479,1481.9,41.52,155.8,Sikkim,West Sikkim,Sikkim & NH-10 Corridor,TRAIN,Granite Gneiss,Monsoon Cloudburst,1,ISRO_ATLAS,POSITIVE_LANDSLIDE
LS-POS-0014,2022-09-15,27.4789,88.3144,784.7,34.95,280.3,Sikkim,West Sikkim,Sikkim & NH-10 Corridor,TRAIN,Granite Gneiss,Prolonged Downpour,1,ISRO_ATLAS,POSITIVE_LANDSLIDE
LS-POS-0015,2018-06-14,27.5126,88.2933,2212.0,40.94,118.5,Sikkim,North Sikkim,Sikkim & NH-10 Corridor,TRAIN,Disang Shale,Monsoon Cloudburst,1,ISRO_ATLAS,POSITIVE_LANDSLIDE
LS-POS-0016,2018-06-14,27.4034,88.2003,1267.0,35.31,77.4,Sikkim,South Sikkim,Sikkim & NH-10 Corridor,TRAIN,Schist & Phyllite,Prolonged Downpour,1,ISRO_ATLAS,POSITIVE_LANDSLIDE
LS-POS-0017,2022-05-18,27.1863,88.6715,1215.6,40.45,113.6,Sikkim,East Sikkim,Sikkim & NH-10 Corridor,TRAIN,Quartzite Schist,Monsoon Cloudburst,1,NASA_GLC,POSITIVE_LANDSLIDE
LS-POS-0018,2018-07-22,27.1228,88.5482,1896.5,31.55,156.0,Sikkim,East Sikkim,Sikkim & NH-10 Corridor,TRAIN,Disang Shale,Monsoon Cloudburst,1,NASA_GLC,POSITIVE_LANDSLIDE
LS-POS-0019,2019-07-12,26.9731,88.3725,1760.1,44.34,110.4,Sikkim,Kalimpong,Sikkim & NH-10 Corridor,TRAIN,Quartzite Schist,Prolonged Downpour,1,NASA_GLC,POSITIVE_LANDSLIDE
LS-POS-0020,2020-08-11,27.4205,88.5808,1065.9,45.48,265.4,Sikkim,Kalimpong,Sikkim & NH-10 Corridor,TRAIN,Quartzite Schist,Prolonged Downpour,1,NASA_GLC,POSITIVE_LANDSLIDE
LS-POS-0021,2022-07-19,27.5088,88.2754,1539.3,44.7,237.0,Sikkim,South Sikkim,Sikkim & NH-10 Corridor,TRAIN,Quartzite Schist,High Intensity Rain,1,NASA_GLC,POSITIVE_LANDSLIDE
LS-POS-0022,2022-06-18,27.5167,88.3743,818.3,50.57,294.7,Sikkim,North Sikkim,Sikkim & NH-10 Corridor,TRAIN,Quartzite Schist,Monsoon Cloudburst,1,ISRO_ATLAS,POSITIVE_LANDSLIDE
LS-POS-0023,2018-06-14,27.5641,88.329,1805.0,47.61,70.1,Sikkim,East Sikkim,Sikkim & NH-10 Corridor,TRAIN,Quartzite Schist,Monsoon Cloudburst,1,NASA_GLC,POSITIVE_LANDSLIDE
LS-POS-0024,2018-06-14,27.5781,88.6502,1757.9,36.14,218.3,Sikkim,South Sikkim,Sikkim & NH-10 Corridor,TRAIN,Disang Shale,High Intensity Rain,1,NASA_GLC,POSITIVE_LANDSLIDE
LS-POS-0025,2018-08-18,27.0089,88.2808,2222.5,42.55,307.9,Sikkim,South Sikkim,Sikkim & NH-10 Corridor,TRAIN,Quartzite Schist,Prolonged Downpour,1,ISRO_ATLAS,POSITIVE_LANDSLIDE
LS-POS-0026,2018-06-14,27.1487,88.3527,1499.8,38.76,178.4,Sikkim,Kalimpong,Sikkim & NH-10 Corridor,TRAIN,Schist & Phyllite,Monsoon Cloudburst,1,NASA_GLC,POSITIVE_LANDSLIDE
LS-POS-0027,2021-07-28,27.0752,88.3832,1952.3,45.3,204.3,Sikkim,East Sikkim,Sikkim & NH-10 Corridor,TRAIN,Quartzite Schist,High Intensity Rain,1,ISRO_ATLAS,POSITIVE_LANDSLIDE
LS-POS-0028,2021-08-14,27.6352,88.4434,2235.7,38.43,178.0,Sikkim,Kalimpong,Sikkim & NH-10 Corridor,TRAIN,Granite Gneiss,Monsoon Cloudburst,1,NASA_GLC,POSITIVE_LANDSLIDE
LS-POS-0029,2021-07-28,27.0867,88.5612,1141.4,28.58,292.0,Sikkim,East Sikkim,Sikkim & NH-10 Corridor,TRAIN,Quartzite Schist,Monsoon Cloudburst,1,NASA_GLC,POSITIVE_LANDSLIDE
LS-POS-0030,2018-06-14,27.2091,88.2077,2274.6,38.28,65.3,Sikkim,Kalimpong,Sikkim & NH-10 Corridor,TRAIN,Disang Shale,High Intensity Rain,1,NASA_GLC,POSITIVE_LANDSLIDE
LS-POS-0031,2018-08-18,27.164,88.2955,1119.8,39.65,198.9,Sikkim,North Sikkim,Sikkim & NH-10 Corridor,TRAIN,Schist & Phyllite,Prolonged Downpour,1,ISRO_ATLAS,POSITIVE_LANDSLIDE
LS-POS-0032,2022-05-18,27.018,88.5075,2382.6,31.36,274.1,Sikkim,South Sikkim,Sikkim & NH-10 Corridor,TRAIN,Granite Gneiss,Prolonged Downpour,1,NASA_GLC,POSITIVE_LANDSLIDE
LS-POS-0033,2021-06-25,27.0456,88.5545,1617.4,35.12,67.0,Sikkim,North Sikkim,Sikkim & NH-10 Corridor,TRAIN,Disang Shale,Prolonged Downpour,1,ISRO_ATLAS,POSITIVE_LANDSLIDE
LS-POS-0034,2018-07-22,26.9536,88.5139,990.0,29.7,70.4,Sikkim,West Sikkim,Sikkim & NH-10 Corridor,TRAIN,Disang Shale,High Intensity Rain,1,ISRO_ATLAS,POSITIVE_LANDSLIDE
LS-POS-0035,2022-05-18,27.3548,88.218,1464.8,41.02,55.1,Sikkim,Kalimpong,Sikkim & NH-10 Corridor,TRAIN,Granite Gneiss,Prolonged Downpour,1,NASA_GLC,POSITIVE_LANDSLIDE
LS-POS-0036,2018-09-02,27.5258,88.3801,872.4,40.53,272.3,Sikkim,Kalimpong,Sikkim & NH-10 Corridor,TRAIN,Quartzite Schist,Monsoon Cloudburst,1,ISRO_ATLAS,POSITIVE_LANDSLIDE
LS-POS-0037,2022-07-19,27.0861,88.4057,1874.1,31.32,259.7,Sikkim,Kalimpong,Sikkim & NH-10 Corridor,TRAIN,Granite Gneiss,Prolonged Downpour,1,NASA_GLC,POSITIVE_LANDSLIDE
LS-POS-0038,2020-06-25,27.1396,88.4195,787.3,28.61,230.9,Sikkim,Kalimpong,Sikkim & NH-10 Corridor,TRAIN,Granite Gneiss,High Intensity Rain,1,ISRO_ATLAS,POSITIVE_LANDSLIDE
LS-POS-0039,2018-06-14,26.9907,88.6576,1424.1,33.75,302.8,Sikkim,East Sikkim,Sikkim & NH-10 Corridor,TRAIN,Quartzite Schist,Monsoon Cloudburst,1,ISRO_ATLAS,POSITIVE_LANDSLIDE
LS-POS-0040,2021-07-28,27.4665,88.4772,1720.5,38.07,69.8,Sikkim,West Sikkim,Sikkim & NH-10 Corridor,TRAIN,Granite Gneiss,High Intensity Rain,1,ISRO_ATLAS,POSITIVE_LANDSLIDE
LS-POS-0041,2018-09-02,27.0159,88.3557,2364.1,32.21,91.8,Sikkim,North Sikkim,Sikkim & NH-10 Corridor,TRAIN,Granite Gneiss,Monsoon Cloudburst,1,ISRO_ATLAS,POSITIVE_LANDSLIDE
LS-POS-0042,2022-07-19,27.2537,88.3993,1727.7,43.24,180.8,Sikkim,North Sikkim,Sikkim & NH-10 Corridor,TRAIN,Quartzite Schist,High Intensity Rain,1,NASA_GLC,POSITIVE_LANDSLIDE
LS-POS-0043,2020-09-22,27.5495,88.5293,935.1,29.69,149.8,Sikkim,North Sikkim,Sikkim & NH-10 Corridor,TRAIN,Schist & Phyllite,High Intensity Rain,1,NASA_GLC,POSITIVE_LANDSLIDE
LS-POS-0044,2020-07-10,27.4003,88.4291,1604.8,50.6,100.8,Sikkim,South Sikkim,Sikkim & NH-10 Corridor,TRAIN,Schist & Phyllite,Monsoon Cloudburst,1,NASA_GLC,POSITIVE_LANDSLIDE
LS-POS-0045,2019-09-15,27.1418,88.3073,1310.2,28.94,149.1,Sikkim,North Sikkim,Sikkim & NH-10 Corridor,TRAIN,Disang Shale,High Intensity Rain,1,ISRO_ATLAS,POSITIVE_LANDSLIDE
LS-POS-0046,2020-08-11,27.4271,88.3703,1106.2,39.9,281.9,Sikkim,North Sikkim,Sikkim & NH-10 Corridor,TRAIN,Schist & Phyllite,Prolonged Downpour,1,ISRO_ATLAS,POSITIVE_LANDSLIDE
LS-POS-0047,2018-08-18,27.4645,88.6017,1143.6,32.26,156.4,Sikkim,East Sikkim,Sikkim & NH-10 Corridor,TRAIN,Quartzite Schist,High Intensity Rain,1,ISRO_ATLAS,POSITIVE_LANDSLIDE
LS-POS-0048,2021-06-25,27.2104,88.5882,1246.4,50.34,244.8,Sikkim,Kalimpong,Sikkim & NH-10 Corridor,TRAIN,Quartzite Schist,Monsoon Cloudburst,1,ISRO_ATLAS,POSITIVE_LANDSLIDE
LS-POS-0049,2022-07-19,27.1168,88.3889,1585.1,39.92,150.1,Sikkim,East Sikkim,Sikkim & NH-10 Corridor,TRAIN,Granite Gneiss,Monsoon Cloudburst,1,ISRO_ATLAS,POSITIVE_LANDSLIDE
LS-POS-0050,2021-09-02,26.9576,88.6527,809.8,35.66,166.1,Sikkim,West Sikkim,Sikkim & NH-10 Corridor,TRAIN,Disang Shale,Prolonged Downpour,1,ISRO_ATLAS,POSITIVE_LANDSLIDE
LS-POS-0051,2020-07-10,27.1552,88.3643,1826.9,46.06,308.0,Sikkim,East Sikkim,Sikkim & NH-10 Corridor,TRAIN,Disang Shale,Monsoon Cloudburst,1,ISRO_ATLAS,POSITIVE_LANDSLIDE
LS-POS-0052,2020-06-25,27.6472,88.2279,1939.8,41.1,250.6,Sikkim,South Sikkim,Sikkim & NH-10 Corridor,TRAIN,Granite Gneiss,High Intensity Rain,1,NASA_GLC,POSITIVE_LANDSLIDE
LS-POS-0053,2018-07-22,27.3828,88.2506,797.2,44.82,67.0,Sikkim,North Sikkim,Sikkim & NH-10 Corridor,TRAIN,Schist & Phyllite,Prolonged Downpour,1,ISRO_ATLAS,POSITIVE_LANDSLIDE
LS-POS-0054,2021-06-25,27.0094,88.6933,1305.0,36.9,248.4,Sikkim,West Sikkim,Sikkim & NH-10 Corridor,TRAIN,Schist & Phyllite,High Intensity Rain,1,ISRO_ATLAS,POSITIVE_LANDSLIDE
LS-POS-0055,2019-08-08,27.2134,88.2418,2010.0,41.4,162.3,Sikkim,South Sikkim,Sikkim & NH-10 Corridor,TRAIN,Granite Gneiss,Prolonged Downpour,1,ISRO_ATLAS,POSITIVE_LANDSLIDE
LS-POS-0056,2018-06-14,27.1276,88.4026,1650.1,45.78,228.9,Sikkim,Kalimpong,Sikkim & NH-10 Corridor,TRAIN,Disang Shale,Monsoon Cloudburst,1,ISRO_ATLAS,POSITIVE_LANDSLIDE
LS-POS-0057,2020-09-22,27.1163,88.4001,1486.0,29.99,309.0,Sikkim,East Sikkim,Sikkim & NH-10 Corridor,TRAIN,Granite Gneiss,Monsoon Cloudburst,1,NASA_GLC,POSITIVE_LANDSLIDE
LS-POS-0058,2022-08-05,27.3392,88.3613,726.0,50.19,65.4,Sikkim,West Sikkim,Sikkim & NH-10 Corridor,TRAIN,Schist & Phyllite,High Intensity Rain,1,ISRO_ATLAS,POSITIVE_LANDSLIDE
LS-POS-0059,2020-08-11,27.0664,88.3084,1165.4,51.9,120.9,Sikkim,South Sikkim,Sikkim & NH-10 Corridor,TRAIN,Quartzite Schist,High Intensity Rain,1,ISRO_ATLAS,POSITIVE_LANDSLIDE
LS-POS-0060,2022-06-18,27.6153,88.6451,1447.4,42.88,116.8,Sikkim,North Sikkim,Sikkim & NH-10 Corridor,TRAIN,Quartzite Schist,Prolonged Downpour,1,NASA_GLC,POSITIVE_LANDSLIDE
NON-LS-BG-0061,2021-06-25,27.2022,88.33,1263.3,26.76,246.5,Sikkim,East Sikkim,Sikkim & NH-10 Corridor,TRAIN,Schist & Phyllite,None (Stable Steep Terrain),0,STABLE_REFERENCE,STEEP_STABLE
NON-LS-BG-0062,2021-02-10,27.0638,88.6555,1869.0,15.35,335.8,Sikkim,Kalimpong,Sikkim & NH-10 Corridor,TRAIN,Disang Shale,None (Stable Terrain),0,STABLE_REFERENCE,BACKGROUND_STABLE
NON-LS-BG-0063,2018-02-14,27.5562,88.2226,563.2,7.89,135.6,Sikkim,East Sikkim,Sikkim & NH-10 Corridor,TRAIN,Granite Gneiss,None (Stable Terrain),0,STABLE_REFERENCE,BACKGROUND_STABLE
NON-LS-BG-0064,2018-06-14,27.4747,88.3965,1879.8,10.4,4.9,Sikkim,East Sikkim,Sikkim & NH-10 Corridor,TRAIN,Granite Gneiss,None (Stable Terrain),0,STABLE_REFERENCE,BACKGROUND_STABLE
NON-LS-BG-0065,2022-09-15,27.0028,88.5459,1396.3,42.94,340.1,Sikkim,South Sikkim,Sikkim & NH-10 Corridor,TRAIN,Schist & Phyllite,None (Stable Steep Terrain),0,STABLE_REFERENCE,STEEP_STABLE
NON-LS-BG-0066,2022-03-30,27.5448,88.3237,1258.9,4.68,316.2,Sikkim,South Sikkim,Sikkim & NH-10 Corridor,TRAIN,Schist & Phyllite,None (Stable Terrain),0,STABLE_REFERENCE,BACKGROUND_STABLE
NON-LS-BG-0067,2018-08-18,27.4799,88.2234,960.6,3.29,187.3,Sikkim,North Sikkim,Sikkim & NH-10 Corridor,TRAIN,Granite Gneiss,None (Stable Terrain),0,STABLE_REFERENCE,BACKGROUND_STABLE
NON-LS-BG-0068,2021-08-14,27.5465,88.476,1439.9,35.08,151.4,Sikkim,East Sikkim,Sikkim & NH-10 Corridor,TRAIN,Schist & Phyllite,None (Stable Steep Terrain),0,STABLE_REFERENCE,STEEP_STABLE
NON-LS-BG-0069,2018-07-22,27.4993,88.5197,1840.3,14.74,229.2,Sikkim,West Sikkim,Sikkim & NH-10 Corridor,TRAIN,Granite Gneiss,None (Stable Terrain),0,STABLE_REFERENCE,BACKGROUND_STABLE
NON-LS-BG-0070,2022-03-30,27.3384,88.2455,1711.3,10.12,224.0,Sikkim,East Sikkim,Sikkim & NH-10 Corridor,TRAIN,Quartzite Schist,None (Stable Terrain),0,STABLE_REFERENCE,BACKGROUND_STABLE
NON-LS-BG-0071,2019-06-28,27.5537,88.6748,761.2,41.64,352.8,Sikkim,North Sikkim,Sikkim & NH-10 Corridor,TRAIN,Schist & Phyllite,None (Stable Steep Terrain),0,STABLE_REFERENCE,STEEP_STABLE
NON-LS-BG-0072,2021-09-02,27.2948,88.3644,1558.8,47.49,54.7,Sikkim,South Sikkim,Sikkim & NH-10 Corridor,TRAIN,Disang Shale,None (Stable Steep Terrain),0,STABLE_REFERENCE,STEEP_STABLE
NON-LS-BG-0073,2022-06-18,27.0472,88.5204,818.3,37.39,216.7,Sikkim,South Sikkim,Sikkim & NH-10 Corridor,TRAIN,Quartzite Schist,None (Stable Steep Terrain),0,STABLE_REFERENCE,STEEP_STABLE
NON-LS-BG-0074,2020-06-25,27.1067,88.6109,1085.9,36.53,128.2,Sikkim,Kalimpong,Sikkim & NH-10 Corridor,TRAIN,Granite Gneiss,None (Stable Steep Terrain),0,STABLE_REFERENCE,STEEP_STABLE
NON-LS-BG-0075,2021-08-14,27.576,88.2644,1061.4,26.66,184.2,Sikkim,North Sikkim,Sikkim & NH-10 Corridor,TRAIN,Schist & Phyllite,None (Stable Steep Terrain),0,STABLE_REFERENCE,STEEP_STABLE
NON-LS-BG-0076,2018-07-22,27.6404,88.4683,2035.4,6.07,269.1,Sikkim,West Sikkim,Sikkim & NH-10 Corridor,TRAIN,Disang Shale,None (Stable Terrain),0,STABLE_REFERENCE,BACKGROUND_STABLE
NON-LS-BG-0077,2022-06-18,26.9757,88.3262,1689.9,31.17,161.1,Sikkim,South Sikkim,Sikkim & NH-10 Corridor,TRAIN,Disang Shale,None (Stable Steep Terrain),0,STABLE_REFERENCE,STEEP_STABLE
NON-LS-BG-0078,2019-08-08,27.3228,88.3212,961.6,36.5,32.1,Sikkim,North Sikkim,Sikkim & NH-10 Corridor,TRAIN,Disang Shale,None (Stable Steep Terrain),0,STABLE_REFERENCE,STEEP_STABLE
NON-LS-BG-0079,2018-04-10,27.3247,88.3166,1082.4,9.16,31.3,Sikkim,North Sikkim,Sikkim & NH-10 Corridor,TRAIN,Disang Shale,None (Stable Terrain),0,STABLE_REFERENCE,BACKGROUND_STABLE
NON-LS-BG-0080,2019-07-12,27.326,88.4934,1742.5,40.62,323.9,Sikkim,South Sikkim,Sikkim & NH-10 Corridor,TRAIN,Granite Gneiss,None (Stable Steep Terrain),0,STABLE_REFERENCE,STEEP_STABLE
NON-LS-BG-0081,2022-09-15,27.3753,88.3222,1337.1,43.49,55.0,Sikkim,East Sikkim,Sikkim & NH-10 Corridor,TRAIN,Schist & Phyllite,None (Stable Steep Terrain),0,STABLE_REFERENCE,STEEP_STABLE
NON-LS-BG-0082,2019-09-15,27.1222,88.2803,826.0,33.76,250.9,Sikkim,East Sikkim,Sikkim & NH-10 Corridor,TRAIN,Disang Shale,None (Stable Steep Terrain),0,STABLE_REFERENCE,STEEP_STABLE
NON-LS-BG-0083,2022-07-19,27.6481,88.6483,1464.6,14.93,295.5,Sikkim,East Sikkim,Sikkim & NH-10 Corridor,TRAIN,Granite Gneiss,None (Stable Terrain),0,STABLE_REFERENCE,BACKGROUND_STABLE
NON-LS-BG-0084,2022-08-05,27.2836,88.6193,856.3,26.52,87.3,Sikkim,West Sikkim,Sikkim & NH-10 Corridor,TRAIN,Disang Shale,None (Stable Steep Terrain),0,STABLE_REFERENCE,STEEP_STABLE
NON-LS-BG-0085,2022-06-18,27.152,88.4906,773.2,31.63,163.5,Sikkim,South Sikkim,Sikkim & NH-10 Corridor,TRAIN,Disang Shale,None (Stable Steep Terrain),0,STABLE_REFERENCE,STEEP_STABLE
NON-LS-BG-0086,2020-06-25,27.334,88.4745,850.8,45.92,273.7,Sikkim,West Sikkim,Sikkim & NH-10 Corridor,TRAIN,Schist & Phyllite,None (Stable Steep Terrain),0,STABLE_REFERENCE,STEEP_STABLE
NON-LS-BG-0087,2021-11-05,27.3669,88.4358,1195.4,7.54,147.1,Sikkim,East Sikkim,Sikkim & NH-10 Corridor,TRAIN,Schist & Phyllite,None (Stable Terrain),0,STABLE_REFERENCE,BACKGROUND_STABLE
NON-LS-BG-0088,2021-11-05,27.6031,88.6955,856.2,7.93,303.1,Sikkim,East Sikkim,Sikkim & NH-10 Corridor,TRAIN,Quartzite Schist,None (Stable Terrain),0,STABLE_REFERENCE,BACKGROUND_STABLE
NON-LS-BG-0089,2021-04-20,27.0478,88.5976,850.7,5.13,228.2,Sikkim,Kalimpong,Sikkim & NH-10 Corridor,TRAIN,Schist & Phyllite,None (Stable Terrain),0,STABLE_REFERENCE,BACKGROUND_STABLE
NON-LS-BG-0090,2021-08-14,27.5855,88.3581,1484.8,29.91,207.9,Sikkim,South Sikkim,Sikkim & NH-10 Corridor,TRAIN,Schist & Phyllite,None (Stable Steep Terrain),0,STABLE_REFERENCE,STEEP_STABLE
NON-LS-BG-0091,2019-07-12,27.1988,88.3957,1392.2,35.4,119.8,Sikkim,South Sikkim,Sikkim & NH-10 Corridor,TRAIN,Disang Shale,None (Stable Steep Terrain),0,STABLE_REFERENCE,STEEP_STABLE
NON-LS-BG-0092,2021-04-20,27.4614,88.5469,793.4,14.42,283.9,Sikkim,East Sikkim,Sikkim & NH-10 Corridor,TRAIN,Quartzite Schist,None (Stable Terrain),0,STABLE_REFERENCE,BACKGROUND_STABLE
NON-LS-BG-0093,2019-03-25,27.0562,88.3559,927.5,12.67,315.6,Sikkim,West Sikkim,Sikkim & NH-10 Corridor,TRAIN,Granite Gneiss,None (Stable Terrain),0,STABLE_REFERENCE,BACKGROUND_STABLE
NON-LS-BG-0094,2019-09-15,27.1895,88.6106,701.4,46.42,54.0,Sikkim,West Sikkim,Sikkim & NH-10 Corridor,TRAIN,Quartzite Schist,None (Stable Steep Terrain),0,STABLE_REFERENCE,STEEP_STABLE
NON-LS-BG-0095,2020-08-11,27.454,88.5206,1658.1,25.57,345.3,Sikkim,South Sikkim,Sikkim & NH-10 Corridor,TRAIN,Disang Shale,None (Stable Steep Terrain),0,STABLE_REFERENCE,STEEP_STABLE
NON-LS-BG-0096,2020-04-15,27.1898,88.3137,1214.7,6.74,182.1,Sikkim,South Sikkim,Sikkim & NH-10 Corridor,TRAIN,Quartzite Schist,None (Stable Terrain),0,STABLE_REFERENCE,BACKGROUND_STABLE
NON-LS-BG-0097,2018-02-14,27.5605,88.6661,1446.8,12.06,207.5,Sikkim,Kalimpong,Sikkim & NH-10 Corridor,TRAIN,Quartzite Schist,None (Stable Terrain),0,STABLE_REFERENCE,BACKGROUND_STABLE
NON-LS-BG-0098,2019-06-28,27.3747,88.4121,1727.8,38.81,354.5,Sikkim,South Sikkim,Sikkim & NH-10 Corridor,TRAIN,Disang Shale,None (Stable Steep Terrain),0,STABLE_REFERENCE,STEEP_STABLE
NON-LS-BG-0099,2022-10-25,27.5372,88.2623,2030.2,14.31,19.7,Sikkim,South Sikkim,Sikkim & NH-10 Corridor,TRAIN,Quartzite Schist,None (Stable Terrain),0,STABLE_REFERENCE,BACKGROUND_STABLE
NON-LS-BG-0100,2019-12-05,27.1846,88.6014,527.6,7.34,124.7,Sikkim,West Sikkim,Sikkim & NH-10 Corridor,TRAIN,Schist & Phyllite,None (Stable Terrain),0,STABLE_REFERENCE,BACKGROUND_STABLE
NON-LS-BG-0101,2019-08-08,27.1929,88.5688,1261.6,46.85,59.6,Sikkim,West Sikkim,Sikkim & NH-10 Corridor,TRAIN,Disang Shale,None (Stable Steep Terrain),0,STABLE_REFERENCE,STEEP_STABLE
NON-LS-BG-0102,2020-11-12,27.4963,88.3388,881.0,5.76,53.5,Sikkim,East Sikkim,Sikkim & NH-10 Corridor,TRAIN,Disang Shale,None (Stable Terrain),0,STABLE_REFERENCE,BACKGROUND_STABLE
NON-LS-BG-0103,2022-07-19,27.2402,88.2427,2154.9,9.53,75.6,Sikkim,East Sikkim,Sikkim & NH-10 Corridor,TRAIN,Quartzite Schist,None (Stable Terrain),0,STABLE_REFERENCE,BACKGROUND_STABLE
NON-LS-BG-0104,2022-07-19,27.5786,88.3026,832.7,3.48,163.2,Sikkim,South Sikkim,Sikkim & NH-10 Corridor,TRAIN,Granite Gneiss,None (Stable Terrain),0,STABLE_REFERENCE,BACKGROUND_STABLE
NON-LS-BG-0105,2019-08-08,27.3171,88.4204,1177.3,30.3,271.2,Sikkim,West Sikkim,Sikkim & NH-10 Corridor,TRAIN,Schist & Phyllite,None (Stable Steep Terrain),0,STABLE_REFERENCE,STEEP_STABLE
NON-LS-BG-0106,2022-01-15,27.1406,88.6487,1383.6,13.41,146.9,Sikkim,West Sikkim,Sikkim & NH-10 Corridor,TRAIN,Quartzite Schist,None (Stable Terrain),0,STABLE_REFERENCE,BACKGROUND_STABLE
NON-LS-BG-0107,2022-07-19,27.3362,88.3269,841.6,9.57,235.0,Sikkim,East Sikkim,Sikkim & NH-10 Corridor,TRAIN,Disang Shale,None (Stable Terrain),0,STABLE_REFERENCE,BACKGROUND_STABLE
NON-LS-BG-0108,2019-06-28,27.1167,88.2497,918.8,37.62,50.8,Sikkim,South Sikkim,Sikkim & NH-10 Corridor,TRAIN,Quartzite Schist,None (Stable Steep Terrain),0,STABLE_REFERENCE,STEEP_STABLE
NON-LS-BG-0109,2022-01-15,27.2345,88.362,662.6,11.23,315.5,Sikkim,East Sikkim,Sikkim & NH-10 Corridor,TRAIN,Disang Shale,None (Stable Terrain),0,STABLE_REFERENCE,BACKGROUND_STABLE
NON-LS-BG-0110,2018-11-20,27.4,88.552,2013.4,11.12,212.5,Sikkim,South Sikkim,Sikkim & NH-10 Corridor,TRAIN,Granite Gneiss,None (Stable Terrain),0,STABLE_REFERENCE,BACKGROUND_STABLE
NON-LS-BG-0111,2022-08-05,27.1376,88.5121,1191.4,45.91,350.8,Sikkim,North Sikkim,Sikkim & NH-10 Corridor,TRAIN,Schist & Phyllite,None (Stable Steep Terrain),0,STABLE_REFERENCE,STEEP_STABLE
NON-LS-BG-0112,2021-07-28,27.4958,88.2571,1447.9,28.06,267.0,Sikkim,East Sikkim,Sikkim & NH-10 Corridor,TRAIN,Granite Gneiss,None (Stable Steep Terrain),0,STABLE_REFERENCE,STEEP_STABLE
NON-LS-BG-0113,2021-06-25,27.4392,88.4013,877.6,11.39,248.8,Sikkim,West Sikkim,Sikkim & NH-10 Corridor,TRAIN,Granite Gneiss,None (Stable Terrain),0,STABLE_REFERENCE,BACKGROUND_STABLE
NON-LS-BG-0114,2019-06-28,27.4282,88.6113,1388.6,37.04,234.5,Sikkim,East Sikkim,Sikkim & NH-10 Corridor,TRAIN,Granite Gneiss,None (Stable Steep Terrain),0,STABLE_REFERENCE,STEEP_STABLE
NON-LS-BG-0115,2020-04-15,27.5308,88.3032,538.0,4.78,90.3,Sikkim,East Sikkim,Sikkim & NH-10 Corridor,TRAIN,Disang Shale,None (Stable Terrain),0,STABLE_REFERENCE,BACKGROUND_STABLE
NON-LS-BG-0116,2018-02-14,27.3513,88.6191,1183.2,13.02,29.8,Sikkim,North Sikkim,Sikkim & NH-10 Corridor,TRAIN,Quartzite Schist,None (Stable Terrain),0,STABLE_REFERENCE,BACKGROUND_STABLE
NON-LS-BG-0117,2020-04-15,27.3722,88.3227,1158.4,6.75,203.9,Sikkim,West Sikkim,Sikkim & NH-10 Corridor,TRAIN,Schist & Phyllite,None (Stable Terrain),0,STABLE_REFERENCE,BACKGROUND_STABLE
NON-LS-BG-0118,2022-08-05,27.2832,88.5318,2056.4,42.26,58.3,Sikkim,East Sikkim,Sikkim & NH-10 Corridor,TRAIN,Granite Gneiss,None (Stable Steep Terrain),0,STABLE_REFERENCE,STEEP_STABLE
NON-LS-BG-0119,2020-06-25,27.5391,88.6232,2086.6,40.39,27.0,Sikkim,East Sikkim,Sikkim & NH-10 Corridor,TRAIN,Granite Gneiss,None (Stable Steep Terrain),0,STABLE_REFERENCE,STEEP_STABLE
NON-LS-BG-0120,2020-09-22,27.4597,88.4477,1649.0,35.76,250.1,Sikkim,South Sikkim,Sikkim & NH-10 Corridor,TRAIN,Disang Shale,None (Stable Steep Terrain),0,STABLE_REFERENCE,STEEP_STABLE
LS-POS-0121,2020-07-10,25.2589,92.0607,1211.0,34.01,231.5,Meghalaya,East Jaintia Hills,Meghalaya Southern Escarpment & NH-6,TRAIN,Sandstone & Shale,Cherrapunji Torrential Deluge,1,GSI_NLSM,POSITIVE_LANDSLIDE
LS-POS-0122,2019-06-28,25.3585,91.5824,1808.2,48.68,231.9,Meghalaya,East Jaintia Hills,Meghalaya Southern Escarpment & NH-6,TRAIN,Sandstone & Shale,Cherrapunji Torrential Deluge,1,GSI_NLSM,POSITIVE_LANDSLIDE
LS-POS-0123,2021-08-14,25.4897,91.7372,1339.4,36.87,56.9,Meghalaya,West Jaintia Hills,Meghalaya Southern Escarpment & NH-6,TRAIN,Sandstone & Shale,Cherrapunji Torrential Deluge,1,ISRO_ATLAS,POSITIVE_LANDSLIDE
LS-POS-0124,2019-08-08,25.3853,92.4494,1405.8,42.41,125.3,Meghalaya,East Jaintia Hills,Meghalaya Southern Escarpment & NH-6,TRAIN,Limestone Karst,Multi-Day Monsoonal Flush,1,GSI_NLSM,POSITIVE_LANDSLIDE
LS-POS-0125,2020-07-10,25.5198,92.4225,1794.3,42.43,219.0,Meghalaya,West Jaintia Hills,Meghalaya Southern Escarpment & NH-6,TRAIN,Silty Clay Loam Bedrock,Multi-Day Monsoonal Flush,1,ISRO_ATLAS,POSITIVE_LANDSLIDE
LS-POS-0126,2020-09-22,25.4101,91.8465,1410.7,42.58,199.6,Meghalaya,East Jaintia Hills,Meghalaya Southern Escarpment & NH-6,TRAIN,Sandstone & Shale,Multi-Day Monsoonal Flush,1,ISRO_ATLAS,POSITIVE_LANDSLIDE
LS-POS-0127,2018-07-22,25.4716,92.0115,1511.7,48.23,51.6,Meghalaya,East Khasi Hills,Meghalaya Southern Escarpment & NH-6,TRAIN,Sandstone & Shale,Escarpment Undercutting,1,ISRO_ATLAS,POSITIVE_LANDSLIDE
LS-POS-0128,2022-08-05,25.498,91.5202,1724.7,43.64,59.2,Meghalaya,East Jaintia Hills,Meghalaya Southern Escarpment & NH-6,TRAIN,Silty Clay Loam Bedrock,Multi-Day Monsoonal Flush,1,ISRO_ATLAS,POSITIVE_LANDSLIDE
LS-POS-0129,2019-08-08,25.1854,91.5357,1329.8,44.78,186.1,Meghalaya,East Jaintia Hills,Meghalaya Southern Escarpment & NH-6,TRAIN,Sandstone & Shale,Escarpment Undercutting,1,ISRO_ATLAS,POSITIVE_LANDSLIDE
LS-POS-0130,2021-09-02,25.4429,91.5032,1317.3,38.53,49.8,Meghalaya,West Jaintia Hills,Meghalaya Southern Escarpment & NH-6,TRAIN,Limestone Karst,Escarpment Undercutting,1,GSI_NLSM,POSITIVE_LANDSLIDE
LS-POS-0131,2019-06-28,25.5451,91.9064,1234.3,46.95,69.1,Meghalaya,East Jaintia Hills,Meghalaya Southern Escarpment & NH-6,TRAIN,Limestone Karst,Cherrapunji Torrential Deluge,1,GSI_NLSM,POSITIVE_LANDSLIDE
LS-POS-0132,2022-08-05,25.317,92.3352,1794.7,42.28,62.5,Meghalaya,East Khasi Hills,Meghalaya Southern Escarpment & NH-6,TRAIN,Limestone Karst,Cherrapunji Torrential Deluge,1,GSI_NLSM,POSITIVE_LANDSLIDE
LS-POS-0133,2020-06-25,25.3106,92.2959,1080.6,50.27,95.3,Meghalaya,West Jaintia Hills,Meghalaya Southern Escarpment & NH-6,TRAIN,Limestone Karst,Multi-Day Monsoonal Flush,1,ISRO_ATLAS,POSITIVE_LANDSLIDE
LS-POS-0134,2022-05-18,25.4618,91.8326,907.8,53.32,92.0,Meghalaya,East Khasi Hills,Meghalaya Southern Escarpment & NH-6,TRAIN,Sandstone & Shale,Multi-Day Monsoonal Flush,1,ISRO_ATLAS,POSITIVE_LANDSLIDE
LS-POS-0135,2021-08-14,25.3085,92.2203,1546.0,35.39,54.4,Meghalaya,East Jaintia Hills,Meghalaya Southern Escarpment & NH-6,TRAIN,Limestone Karst,Cherrapunji Torrential Deluge,1,ISRO_ATLAS,POSITIVE_LANDSLIDE
LS-POS-0136,2018-07-22,25.508,92.3171,1307.4,40.61,277.8,Meghalaya,East Jaintia Hills,Meghalaya Southern Escarpment & NH-6,TRAIN,Sandstone & Shale,Cherrapunji Torrential Deluge,1,GSI_NLSM,POSITIVE_LANDSLIDE
LS-POS-0137,2021-09-02,25.4738,92.1225,1400.9,33.91,178.9,Meghalaya,East Jaintia Hills,Meghalaya Southern Escarpment & NH-6,TRAIN,Limestone Karst,Multi-Day Monsoonal Flush,1,GSI_NLSM,POSITIVE_LANDSLIDE
LS-POS-0138,2022-07-19,25.1824,91.7092,1533.3,33.67,267.7,Meghalaya,East Khasi Hills,Meghalaya Southern Escarpment & NH-6,TRAIN,Limestone Karst,Cherrapunji Torrential Deluge,1,ISRO_ATLAS,POSITIVE_LANDSLIDE
LS-POS-0139,2021-09-02,25.2891,92.1441,1415.7,37.87,236.3,Meghalaya,West Jaintia Hills,Meghalaya Southern Escarpment & NH-6,TRAIN,Silty Clay Loam Bedrock,Cherrapunji Torrential Deluge,1,GSI_NLSM,POSITIVE_LANDSLIDE
LS-POS-0140,2021-06-25,25.4848,92.1626,1530.1,45.61,280.4,Meghalaya,West Jaintia Hills,Meghalaya Southern Escarpment & NH-6,TRAIN,Silty Clay Loam Bedrock,Cherrapunji Torrential Deluge,1,GSI_NLSM,POSITIVE_LANDSLIDE
LS-POS-0141,2018-09-02,25.1617,92.2845,978.9,39.37,195.2,Meghalaya,West Jaintia Hills,Meghalaya Southern Escarpment & NH-6,TRAIN,Silty Clay Loam Bedrock,Multi-Day Monsoonal Flush,1,ISRO_ATLAS,POSITIVE_LANDSLIDE
LS-POS-0142,2019-09-15,25.4527,91.7458,1043.1,33.85,115.1,Meghalaya,East Jaintia Hills,Meghalaya Southern Escarpment & NH-6,TRAIN,Sandstone & Shale,Cherrapunji Torrential Deluge,1,GSI_NLSM,POSITIVE_LANDSLIDE
LS-POS-0143,2018-07-22,25.4036,92.013,1629.8,34.35,137.3,Meghalaya,West Jaintia Hills,Meghalaya Southern Escarpment & NH-6,TRAIN,Silty Clay Loam Bedrock,Escarpment Undercutting,1,GSI_NLSM,POSITIVE_LANDSLIDE
LS-POS-0144,2022-05-18,25.403,92.3854,952.5,52.62,202.2,Meghalaya,West Jaintia Hills,Meghalaya Southern Escarpment & NH-6,TRAIN,Silty Clay Loam Bedrock,Cherrapunji Torrential Deluge,1,ISRO_ATLAS,POSITIVE_LANDSLIDE
LS-POS-0145,2022-08-05,25.2884,92.0899,895.7,51.17,249.7,Meghalaya,East Jaintia Hills,Meghalaya Southern Escarpment & NH-6,TRAIN,Sandstone & Shale,Multi-Day Monsoonal Flush,1,GSI_NLSM,POSITIVE_LANDSLIDE
LS-POS-0146,2018-07-22,25.1598,91.521,1173.6,42.75,118.9,Meghalaya,East Jaintia Hills,Meghalaya Southern Escarpment & NH-6,TRAIN,Silty Clay Loam Bedrock,Escarpment Undercutting,1,GSI_NLSM,POSITIVE_LANDSLIDE
LS-POS-0147,2022-08-05,25.5488,91.9049,1301.4,35.6,271.8,Meghalaya,East Jaintia Hills,Meghalaya Southern Escarpment & NH-6,TRAIN,Sandstone & Shale,Cherrapunji Torrential Deluge,1,GSI_NLSM,POSITIVE_LANDSLIDE
LS-POS-0148,2021-09-02,25.4591,91.7186,981.3,51.1,276.5,Meghalaya,West Jaintia Hills,Meghalaya Southern Escarpment & NH-6,TRAIN,Sandstone & Shale,Cherrapunji Torrential Deluge,1,GSI_NLSM,POSITIVE_LANDSLIDE
LS-POS-0149,2018-08-18,25.5358,92.2221,1292.3,38.86,53.4,Meghalaya,West Jaintia Hills,Meghalaya Southern Escarpment & NH-6,TRAIN,Limestone Karst,Multi-Day Monsoonal Flush,1,ISRO_ATLAS,POSITIVE_LANDSLIDE
LS-POS-0150,2022-09-15,25.4107,91.8501,1714.4,42.41,86.5,Meghalaya,West Jaintia Hills,Meghalaya Southern Escarpment & NH-6,TRAIN,Sandstone & Shale,Cherrapunji Torrential Deluge,1,GSI_NLSM,POSITIVE_LANDSLIDE
LS-POS-0151,2021-07-28,25.3315,92.0038,867.9,49.53,169.8,Meghalaya,East Khasi Hills,Meghalaya Southern Escarpment & NH-6,TRAIN,Limestone Karst,Multi-Day Monsoonal Flush,1,ISRO_ATLAS,POSITIVE_LANDSLIDE
LS-POS-0152,2022-09-15,25.1505,92.0684,1457.3,37.45,117.6,Meghalaya,East Khasi Hills,Meghalaya Southern Escarpment & NH-6,TRAIN,Limestone Karst,Cherrapunji Torrential Deluge,1,ISRO_ATLAS,POSITIVE_LANDSLIDE
LS-POS-0153,2021-08-14,25.469,91.7948,1305.2,32.26,207.0,Meghalaya,West Jaintia Hills,Meghalaya Southern Escarpment & NH-6,TRAIN,Limestone Karst,Escarpment Undercutting,1,ISRO_ATLAS,POSITIVE_LANDSLIDE
LS-POS-0154,2020-06-25,25.2667,92.1602,1710.1,49.16,110.4,Meghalaya,East Jaintia Hills,Meghalaya Southern Escarpment & NH-6,TRAIN,Limestone Karst,Multi-Day Monsoonal Flush,1,ISRO_ATLAS,POSITIVE_LANDSLIDE
LS-POS-0155,2018-06-14,25.5447,91.6354,1348.9,45.6,184.8,Meghalaya,East Khasi Hills,Meghalaya Southern Escarpment & NH-6,TRAIN,Limestone Karst,Escarpment Undercutting,1,ISRO_ATLAS,POSITIVE_LANDSLIDE
LS-POS-0156,2019-08-08,25.1851,91.8331,883.2,33.73,99.2,Meghalaya,West Jaintia Hills,Meghalaya Southern Escarpment & NH-6,TRAIN,Silty Clay Loam Bedrock,Escarpment Undercutting,1,ISRO_ATLAS,POSITIVE_LANDSLIDE
LS-POS-0157,2019-07-12,25.4273,92.2804,891.2,46.75,205.6,Meghalaya,East Jaintia Hills,Meghalaya Southern Escarpment & NH-6,TRAIN,Sandstone & Shale,Multi-Day Monsoonal Flush,1,GSI_NLSM,POSITIVE_LANDSLIDE
LS-POS-0158,2019-08-08,25.3966,92.0823,1148.8,52.57,223.4,Meghalaya,West Jaintia Hills,Meghalaya Southern Escarpment & NH-6,TRAIN,Limestone Karst,Escarpment Undercutting,1,GSI_NLSM,POSITIVE_LANDSLIDE
LS-POS-0159,2020-08-11,25.3712,92.0676,1633.8,42.58,240.7,Meghalaya,East Jaintia Hills,Meghalaya Southern Escarpment & NH-6,TRAIN,Sandstone & Shale,Escarpment Undercutting,1,ISRO_ATLAS,POSITIVE_LANDSLIDE
LS-POS-0160,2021-06-25,25.3873,92.1178,1329.3,45.55,94.2,Meghalaya,East Jaintia Hills,Meghalaya Southern Escarpment & NH-6,TRAIN,Silty Clay Loam Bedrock,Escarpment Undercutting,1,ISRO_ATLAS,POSITIVE_LANDSLIDE
NON-LS-BG-0161,2021-02-10,25.3493,92.0276,1388.4,4.74,145.2,Meghalaya,East Khasi Hills,Meghalaya Southern Escarpment & NH-6,TRAIN,Silty Clay Loam Bedrock,None (Stable Terrain),0,STABLE_REFERENCE,BACKGROUND_STABLE
NON-LS-BG-0162,2021-02-10,25.2382,91.8975,880.5,12.09,267.4,Meghalaya,East Khasi Hills,Meghalaya Southern Escarpment & NH-6,TRAIN,Limestone Karst,None (Stable Terrain),0,STABLE_REFERENCE,BACKGROUND_STABLE
NON-LS-BG-0163,2020-06-25,25.3202,91.8286,1045.5,29.71,157.9,Meghalaya,West Jaintia Hills,Meghalaya Southern Escarpment & NH-6,TRAIN,Sandstone & Shale,None (Stable Steep Terrain),0,STABLE_REFERENCE,STEEP_STABLE
NON-LS-BG-0164,2022-07-19,25.4401,91.9623,1540.3,36.29,102.2,Meghalaya,West Jaintia Hills,Meghalaya Southern Escarpment & NH-6,TRAIN,Silty Clay Loam Bedrock,None (Stable Steep Terrain),0,STABLE_REFERENCE,STEEP_STABLE
NON-LS-BG-0165,2019-01-18,25.2937,91.8647,1138.8,12.03,327.3,Meghalaya,East Khasi Hills,Meghalaya Southern Escarpment & NH-6,TRAIN,Silty Clay Loam Bedrock,None (Stable Terrain),0,STABLE_REFERENCE,BACKGROUND_STABLE
NON-LS-BG-0166,2021-08-14,25.2219,91.7257,1636.8,33.56,213.5,Meghalaya,East Khasi Hills,Meghalaya Southern Escarpment & NH-6,TRAIN,Limestone Karst,None (Stable Steep Terrain),0,STABLE_REFERENCE,STEEP_STABLE
NON-LS-BG-0167,2018-06-14,25.1881,92.1195,987.5,35.98,278.5,Meghalaya,East Jaintia Hills,Meghalaya Southern Escarpment & NH-6,TRAIN,Sandstone & Shale,None (Stable Steep Terrain),0,STABLE_REFERENCE,STEEP_STABLE
NON-LS-BG-0168,2020-07-10,25.2023,92.4213,1127.0,33.42,161.6,Meghalaya,East Jaintia Hills,Meghalaya Southern Escarpment & NH-6,TRAIN,Limestone Karst,None (Stable Steep Terrain),0,STABLE_REFERENCE,STEEP_STABLE
NON-LS-BG-0169,2022-08-05,25.4178,91.6385,1122.7,9.05,136.6,Meghalaya,East Khasi Hills,Meghalaya Southern Escarpment & NH-6,TRAIN,Sandstone & Shale,None (Stable Terrain),0,STABLE_REFERENCE,BACKGROUND_STABLE
NON-LS-BG-0170,2022-08-05,25.3922,91.8389,1205.5,11.38,97.1,Meghalaya,East Jaintia Hills,Meghalaya Southern Escarpment & NH-6,TRAIN,Silty Clay Loam Bedrock,None (Stable Terrain),0,STABLE_REFERENCE,BACKGROUND_STABLE
NON-LS-BG-0171,2022-09-15,25.1728,92.0046,1602.6,44.27,31.9,Meghalaya,East Jaintia Hills,Meghalaya Southern Escarpment & NH-6,TRAIN,Silty Clay Loam Bedrock,None (Stable Steep Terrain),0,STABLE_REFERENCE,STEEP_STABLE
NON-LS-BG-0172,2018-07-22,25.1913,92.0554,1357.9,42.68,116.3,Meghalaya,West Jaintia Hills,Meghalaya Southern Escarpment & NH-6,TRAIN,Silty Clay Loam Bedrock,None (Stable Steep Terrain),0,STABLE_REFERENCE,STEEP_STABLE
NON-LS-BG-0173,2021-06-25,25.5392,92.0511,930.4,32.22,51.7,Meghalaya,East Jaintia Hills,Meghalaya Southern Escarpment & NH-6,TRAIN,Limestone Karst,None (Stable Steep Terrain),0,STABLE_REFERENCE,STEEP_STABLE
NON-LS-BG-0174,2019-06-28,25.5259,92.1963,839.9,38.17,346.8,Meghalaya,East Jaintia Hills,Meghalaya Southern Escarpment & NH-6,TRAIN,Sandstone & Shale,None (Stable Steep Terrain),0,STABLE_REFERENCE,STEEP_STABLE
NON-LS-BG-0175,2019-09-15,25.2521,92.1286,1644.0,31.35,311.3,Meghalaya,West Jaintia Hills,Meghalaya Southern Escarpment & NH-6,TRAIN,Limestone Karst,None (Stable Steep Terrain),0,STABLE_REFERENCE,STEEP_STABLE
NON-LS-BG-0176,2022-03-30,25.4574,91.6075,1463.6,13.02,141.8,Meghalaya,East Khasi Hills,Meghalaya Southern Escarpment & NH-6,TRAIN,Silty Clay Loam Bedrock,None (Stable Terrain),0,STABLE_REFERENCE,BACKGROUND_STABLE
NON-LS-BG-0177,2020-11-12,25.4105,91.6013,1328.0,13.99,357.6,Meghalaya,West Jaintia Hills,Meghalaya Southern Escarpment & NH-6,TRAIN,Silty Clay Loam Bedrock,None (Stable Terrain),0,STABLE_REFERENCE,BACKGROUND_STABLE
NON-LS-BG-0178,2019-01-18,25.451,91.586,964.4,3.31,240.3,Meghalaya,West Jaintia Hills,Meghalaya Southern Escarpment & NH-6,TRAIN,Sandstone & Shale,None (Stable Terrain),0,STABLE_REFERENCE,BACKGROUND_STABLE
NON-LS-BG-0179,2019-08-08,25.4731,92.2242,1465.8,7.23,2.1,Meghalaya,East Jaintia Hills,Meghalaya Southern Escarpment & NH-6,TRAIN,Sandstone & Shale,None (Stable Terrain),0,STABLE_REFERENCE,BACKGROUND_STABLE
NON-LS-BG-0180,2022-05-18,25.2798,91.8481,1070.2,35.42,160.0,Meghalaya,East Khasi Hills,Meghalaya Southern Escarpment & NH-6,TRAIN,Sandstone & Shale,None (Stable Steep Terrain),0,STABLE_REFERENCE,STEEP_STABLE
NON-LS-BG-0181,2018-04-10,25.2174,92.1104,1428.0,8.01,172.5,Meghalaya,East Khasi Hills,Meghalaya Southern Escarpment & NH-6,TRAIN,Limestone Karst,None (Stable Terrain),0,STABLE_REFERENCE,BACKGROUND_STABLE
NON-LS-BG-0182,2021-08-14,25.1603,91.8242,1054.5,33.12,142.0,Meghalaya,East Khasi Hills,Meghalaya Southern Escarpment & NH-6,TRAIN,Silty Clay Loam Bedrock,None (Stable Steep Terrain),0,STABLE_REFERENCE,STEEP_STABLE
NON-LS-BG-0183,2021-09-02,25.3698,92.2095,1384.8,8.25,233.1,Meghalaya,East Khasi Hills,Meghalaya Southern Escarpment & NH-6,TRAIN,Silty Clay Loam Bedrock,None (Stable Terrain),0,STABLE_REFERENCE,BACKGROUND_STABLE
NON-LS-BG-0184,2018-07-22,25.5092,91.7313,1593.1,2.72,59.9,Meghalaya,East Khasi Hills,Meghalaya Southern Escarpment & NH-6,TRAIN,Sandstone & Shale,None (Stable Terrain),0,STABLE_REFERENCE,BACKGROUND_STABLE
NON-LS-BG-0185,2019-08-08,25.1859,92.1818,1073.9,13.72,245.2,Meghalaya,West Jaintia Hills,Meghalaya Southern Escarpment & NH-6,TRAIN,Sandstone & Shale,None (Stable Terrain),0,STABLE_REFERENCE,BACKGROUND_STABLE
NON-LS-BG-0186,2018-09-02,25.2226,91.9989,1378.4,40.12,152.8,Meghalaya,West Jaintia Hills,Meghalaya Southern Escarpment & NH-6,TRAIN,Sandstone & Shale,None (Stable Steep Terrain),0,STABLE_REFERENCE,STEEP_STABLE
NON-LS-BG-0187,2022-09-15,25.1848,92.275,1047.9,33.52,318.3,Meghalaya,East Jaintia Hills,Meghalaya Southern Escarpment & NH-6,TRAIN,Silty Clay Loam Bedrock,None (Stable Steep Terrain),0,STABLE_REFERENCE,STEEP_STABLE
NON-LS-BG-0188,2018-02-14,25.2412,91.7014,1281.8,6.93,85.3,Meghalaya,East Khasi Hills,Meghalaya Southern Escarpment & NH-6,TRAIN,Limestone Karst,None (Stable Terrain),0,STABLE_REFERENCE,BACKGROUND_STABLE
NON-LS-BG-0189,2019-06-28,25.479,91.9026,1337.5,35.56,60.5,Meghalaya,West Jaintia Hills,Meghalaya Southern Escarpment & NH-6,TRAIN,Sandstone & Shale,None (Stable Steep Terrain),0,STABLE_REFERENCE,STEEP_STABLE
NON-LS-BG-0190,2019-08-08,25.4447,92.3197,893.5,3.15,196.8,Meghalaya,East Khasi Hills,Meghalaya Southern Escarpment & NH-6,TRAIN,Silty Clay Loam Bedrock,None (Stable Terrain),0,STABLE_REFERENCE,BACKGROUND_STABLE
NON-LS-BG-0191,2022-06-18,25.2428,91.8714,1265.6,41.54,145.6,Meghalaya,West Jaintia Hills,Meghalaya Southern Escarpment & NH-6,TRAIN,Silty Clay Loam Bedrock,None (Stable Steep Terrain),0,STABLE_REFERENCE,STEEP_STABLE
NON-LS-BG-0192,2019-12-05,25.3213,92.1817,1362.0,13.9,208.2,Meghalaya,West Jaintia Hills,Meghalaya Southern Escarpment & NH-6,TRAIN,Silty Clay Loam Bedrock,None (Stable Terrain),0,STABLE_REFERENCE,BACKGROUND_STABLE
NON-LS-BG-0193,2019-07-12,25.2597,91.5754,764.4,34.5,127.8,Meghalaya,East Jaintia Hills,Meghalaya Southern Escarpment & NH-6,TRAIN,Sandstone & Shale,None (Stable Steep Terrain),0,STABLE_REFERENCE,STEEP_STABLE
NON-LS-BG-0194,2019-09-15,25.1778,91.9931,746.6,45.85,234.3,Meghalaya,East Jaintia Hills,Meghalaya Southern Escarpment & NH-6,TRAIN,Sandstone & Shale,None (Stable Steep Terrain),0,STABLE_REFERENCE,STEEP_STABLE
NON-LS-BG-0195,2018-08-18,25.3632,91.8081,1008.0,10.03,263.0,Meghalaya,East Jaintia Hills,Meghalaya Southern Escarpment & NH-6,TRAIN,Limestone Karst,None (Stable Terrain),0,STABLE_REFERENCE,BACKGROUND_STABLE
NON-LS-BG-0196,2020-11-12,25.3361,91.5571,1233.9,13.49,61.4,Meghalaya,East Khasi Hills,Meghalaya Southern Escarpment & NH-6,TRAIN,Sandstone & Shale,None (Stable Terrain),0,STABLE_REFERENCE,BACKGROUND_STABLE
NON-LS-BG-0197,2022-07-19,25.3138,91.9016,1489.5,29.15,54.9,Meghalaya,East Jaintia Hills,Meghalaya Southern Escarpment & NH-6,TRAIN,Limestone Karst,None (Stable Steep Terrain),0,STABLE_REFERENCE,STEEP_STABLE
NON-LS-BG-0198,2019-09-15,25.547,92.3807,1211.9,42.05,271.9,Meghalaya,East Khasi Hills,Meghalaya Southern Escarpment & NH-6,TRAIN,Limestone Karst,None (Stable Steep Terrain),0,STABLE_REFERENCE,STEEP_STABLE
NON-LS-BG-0199,2021-06-25,25.2011,92.2848,1450.3,10.5,129.6,Meghalaya,West Jaintia Hills,Meghalaya Southern Escarpment & NH-6,TRAIN,Sandstone & Shale,None (Stable Terrain),0,STABLE_REFERENCE,BACKGROUND_STABLE
NON-LS-BG-0200,2018-04-10,25.1851,92.3901,1225.5,5.67,185.6,Meghalaya,West Jaintia Hills,Meghalaya Southern Escarpment & NH-6,TRAIN,Silty Clay Loam Bedrock,None (Stable Terrain),0,STABLE_REFERENCE,BACKGROUND_STABLE
LS-POS-0201,2019-07-12,25.3258,93.0488,1144.3,44.73,265.7,Assam,Cachar,Assam Barail Range & Dima Hasao,TRAIN,Tertiary Clay Shale,Railway Cut Slope Failure,1,NDRF_INCIDENTS,POSITIVE_LANDSLIDE
LS-POS-0202,2021-08-14,25.1642,93.2012,1053.7,43.73,153.8,Assam,Cachar,Assam Barail Range & Dima Hasao,TRAIN,Tertiary Clay Shale,Toe Erosion by Jatinga River,1,GSI_NLSM,POSITIVE_LANDSLIDE
LS-POS-0203,2018-06-14,25.1021,93.128,672.7,47.46,294.1,Assam,Cachar,Assam Barail Range & Dima Hasao,TRAIN,Barail Sandstone,Railway Cut Slope Failure,1,NDRF_INCIDENTS,POSITIVE_LANDSLIDE
LS-POS-0204,2021-06-25,25.1961,93.0925,978.3,29.85,144.2,Assam,Dima Hasao,Assam Barail Range & Dima Hasao,TRAIN,Tertiary Clay Shale,Railway Cut Slope Failure,1,NDRF_INCIDENTS,POSITIVE_LANDSLIDE
LS-POS-0205,2022-08-05,25.0705,92.8603,518.7,47.19,163.7,Assam,Cachar,Assam Barail Range & Dima Hasao,TRAIN,Disang Siltstone,Pre-Monsoon Cloudburst,1,NDRF_INCIDENTS,POSITIVE_LANDSLIDE
LS-POS-0206,2022-07-19,25.0817,93.1063,577.7,39.63,197.4,Assam,Cachar,Assam Barail Range & Dima Hasao,TRAIN,Tertiary Clay Shale,Pre-Monsoon Cloudburst,1,GSI_NLSM,POSITIVE_LANDSLIDE
LS-POS-0207,2022-07-19,25.1075,92.9347,773.8,42.59,91.1,Assam,Dima Hasao,Assam Barail Range & Dima Hasao,TRAIN,Tertiary Clay Shale,Railway Cut Slope Failure,1,GSI_NLSM,POSITIVE_LANDSLIDE
LS-POS-0208,2022-05-18,25.0724,93.1631,613.7,29.91,107.8,Assam,Cachar,Assam Barail Range & Dima Hasao,TRAIN,Disang Siltstone,Pre-Monsoon Cloudburst,1,NDRF_INCIDENTS,POSITIVE_LANDSLIDE
LS-POS-0209,2018-08-18,25.1162,92.9195,898.7,44.66,144.3,Assam,Cachar,Assam Barail Range & Dima Hasao,TRAIN,Tertiary Clay Shale,Railway Cut Slope Failure,1,NDRF_INCIDENTS,POSITIVE_LANDSLIDE
LS-POS-0210,2022-09-15,25.1742,93.181,955.5,42.92,50.2,Assam,Cachar,Assam Barail Range & Dima Hasao,TRAIN,Tertiary Clay Shale,Toe Erosion by Jatinga River,1,NDRF_INCIDENTS,POSITIVE_LANDSLIDE
LS-POS-0211,2022-06-18,25.1279,93.1541,520.1,37.78,214.9,Assam,Dima Hasao,Assam Barail Range & Dima Hasao,TRAIN,Disang Siltstone,Railway Cut Slope Failure,1,NDRF_INCIDENTS,POSITIVE_LANDSLIDE
LS-POS-0212,2022-08-05,25.1097,92.8758,451.1,34.17,116.8,Assam,Dima Hasao,Assam Barail Range & Dima Hasao,TRAIN,Tertiary Clay Shale,Pre-Monsoon Cloudburst,1,GSI_NLSM,POSITIVE_LANDSLIDE
LS-POS-0213,2022-08-05,25.0948,92.9009,1051.2,31.36,277.1,Assam,Cachar,Assam Barail Range & Dima Hasao,TRAIN,Tertiary Clay Shale,Railway Cut Slope Failure,1,GSI_NLSM,POSITIVE_LANDSLIDE
LS-POS-0214,2018-07-22,25.1677,93.2325,517.2,28.25,163.2,Assam,Cachar,Assam Barail Range & Dima Hasao,TRAIN,Disang Siltstone,Railway Cut Slope Failure,1,GSI_NLSM,POSITIVE_LANDSLIDE
LS-POS-0215,2019-09-15,25.1264,93.1863,448.1,45.84,286.7,Assam,Dima Hasao,Assam Barail Range & Dima Hasao,TRAIN,Tertiary Clay Shale,Pre-Monsoon Cloudburst,1,NDRF_INCIDENTS,POSITIVE_LANDSLIDE
LS-POS-0216,2019-06-28,25.241,93.0956,468.7,37.4,57.9,Assam,Dima Hasao,Assam Barail Range & Dima Hasao,TRAIN,Disang Siltstone,Railway Cut Slope Failure,1,GSI_NLSM,POSITIVE_LANDSLIDE
LS-POS-0217,2022-09-15,25.0614,93.1485,901.1,43.65,149.7,Assam,Dima Hasao,Assam Barail Range & Dima Hasao,TRAIN,Disang Siltstone,Railway Cut Slope Failure,1,NDRF_INCIDENTS,POSITIVE_LANDSLIDE
LS-POS-0218,2019-06-28,25.1886,93.2466,1128.6,46.73,193.4,Assam,Dima Hasao,Assam Barail Range & Dima Hasao,TRAIN,Tertiary Clay Shale,Pre-Monsoon Cloudburst,1,NDRF_INCIDENTS,POSITIVE_LANDSLIDE
LS-POS-0219,2019-09-15,25.2992,92.8775,729.7,27.82,213.7,Assam,Cachar,Assam Barail Range & Dima Hasao,TRAIN,Disang Siltstone,Pre-Monsoon Cloudburst,1,NDRF_INCIDENTS,POSITIVE_LANDSLIDE
LS-POS-0220,2022-06-18,25.1646,92.9323,508.6,39.53,132.0,Assam,Cachar,Assam Barail Range & Dima Hasao,TRAIN,Disang Siltstone,Railway Cut Slope Failure,1,GSI_NLSM,POSITIVE_LANDSLIDE
LS-POS-0221,2020-07-10,25.0876,93.0397,503.2,36.69,136.3,Assam,Cachar,Assam Barail Range & Dima Hasao,TRAIN,Tertiary Clay Shale,Toe Erosion by Jatinga River,1,GSI_NLSM,POSITIVE_LANDSLIDE
LS-POS-0222,2022-08-05,25.3284,92.9398,691.7,35.51,110.0,Assam,Cachar,Assam Barail Range & Dima Hasao,TRAIN,Barail Sandstone,Railway Cut Slope Failure,1,NDRF_INCIDENTS,POSITIVE_LANDSLIDE
LS-POS-0223,2019-08-08,25.0865,92.929,1067.5,40.21,273.6,Assam,Dima Hasao,Assam Barail Range & Dima Hasao,TRAIN,Barail Sandstone,Toe Erosion by Jatinga River,1,GSI_NLSM,POSITIVE_LANDSLIDE
LS-POS-0224,2020-09-22,25.3257,92.9509,971.2,36.13,59.5,Assam,Cachar,Assam Barail Range & Dima Hasao,TRAIN,Barail Sandstone,Toe Erosion by Jatinga River,1,GSI_NLSM,POSITIVE_LANDSLIDE
LS-POS-0225,2022-09-15,25.146,93.1513,616.6,37.87,241.0,Assam,Dima Hasao,Assam Barail Range & Dima Hasao,TRAIN,Barail Sandstone,Toe Erosion by Jatinga River,1,GSI_NLSM,POSITIVE_LANDSLIDE
LS-POS-0226,2018-06-14,25.2953,92.9354,789.3,44.5,182.3,Assam,Dima Hasao,Assam Barail Range & Dima Hasao,TRAIN,Barail Sandstone,Pre-Monsoon Cloudburst,1,GSI_NLSM,POSITIVE_LANDSLIDE
LS-POS-0227,2019-09-15,25.1393,93.076,922.9,45.21,169.6,Assam,Dima Hasao,Assam Barail Range & Dima Hasao,TRAIN,Disang Siltstone,Railway Cut Slope Failure,1,GSI_NLSM,POSITIVE_LANDSLIDE
LS-POS-0228,2020-08-11,25.0528,92.9487,950.3,47.82,129.0,Assam,Cachar,Assam Barail Range & Dima Hasao,TRAIN,Tertiary Clay Shale,Toe Erosion by Jatinga River,1,NDRF_INCIDENTS,POSITIVE_LANDSLIDE
LS-POS-0229,2018-09-02,25.2727,93.176,868.9,41.13,46.4,Assam,Cachar,Assam Barail Range & Dima Hasao,TRAIN,Disang Siltstone,Railway Cut Slope Failure,1,NDRF_INCIDENTS,POSITIVE_LANDSLIDE
LS-POS-0230,2020-08-11,25.2783,92.8641,964.4,30.45,249.2,Assam,Cachar,Assam Barail Range & Dima Hasao,TRAIN,Disang Siltstone,Railway Cut Slope Failure,1,NDRF_INCIDENTS,POSITIVE_LANDSLIDE
LS-POS-0231,2018-08-18,25.3026,93.0381,786.5,28.74,82.2,Assam,Dima Hasao,Assam Barail Range & Dima Hasao,TRAIN,Disang Siltstone,Toe Erosion by Jatinga River,1,NDRF_INCIDENTS,POSITIVE_LANDSLIDE
LS-POS-0232,2022-05-18,25.2489,92.8508,550.2,26.64,203.8,Assam,Cachar,Assam Barail Range & Dima Hasao,TRAIN,Disang Siltstone,Railway Cut Slope Failure,1,NDRF_INCIDENTS,POSITIVE_LANDSLIDE
LS-POS-0233,2022-06-18,25.1943,93.1069,467.3,38.76,207.6,Assam,Dima Hasao,Assam Barail Range & Dima Hasao,TRAIN,Barail Sandstone,Toe Erosion by Jatinga River,1,NDRF_INCIDENTS,POSITIVE_LANDSLIDE
LS-POS-0234,2019-07-12,25.0569,92.9788,884.6,29.28,101.7,Assam,Cachar,Assam Barail Range & Dima Hasao,TRAIN,Disang Siltstone,Toe Erosion by Jatinga River,1,NDRF_INCIDENTS,POSITIVE_LANDSLIDE
LS-POS-0235,2022-08-05,25.2975,93.0581,692.6,28.69,61.9,Assam,Dima Hasao,Assam Barail Range & Dima Hasao,TRAIN,Tertiary Clay Shale,Railway Cut Slope Failure,1,NDRF_INCIDENTS,POSITIVE_LANDSLIDE
LS-POS-0236,2022-08-05,25.2904,93.1566,955.5,32.59,257.1,Assam,Dima Hasao,Assam Barail Range & Dima Hasao,TRAIN,Disang Siltstone,Toe Erosion by Jatinga River,1,NDRF_INCIDENTS,POSITIVE_LANDSLIDE
LS-POS-0237,2022-08-05,25.0855,93.014,1033.1,34.44,142.8,Assam,Dima Hasao,Assam Barail Range & Dima Hasao,TRAIN,Barail Sandstone,Railway Cut Slope Failure,1,GSI_NLSM,POSITIVE_LANDSLIDE
LS-POS-0238,2021-06-25,25.1504,92.8605,437.7,44.3,256.3,Assam,Dima Hasao,Assam Barail Range & Dima Hasao,TRAIN,Barail Sandstone,Railway Cut Slope Failure,1,GSI_NLSM,POSITIVE_LANDSLIDE
LS-POS-0239,2020-07-10,25.0668,93.1911,584.6,34.29,298.1,Assam,Cachar,Assam Barail Range & Dima Hasao,TRAIN,Disang Siltstone,Railway Cut Slope Failure,1,GSI_NLSM,POSITIVE_LANDSLIDE
LS-POS-0240,2019-07-12,25.2618,93.1025,456.4,45.89,60.5,Assam,Dima Hasao,Assam Barail Range & Dima Hasao,TRAIN,Disang Siltstone,Railway Cut Slope Failure,1,NDRF_INCIDENTS,POSITIVE_LANDSLIDE
NON-LS-BG-0241,2021-07-28,25.1916,92.8554,533.6,3.54,89.8,Assam,Cachar,Assam Barail Range & Dima Hasao,TRAIN,Tertiary Clay Shale,None (Stable Terrain),0,STABLE_REFERENCE,BACKGROUND_STABLE
NON-LS-BG-0242,2020-08-11,25.1849,93.1607,381.7,34.71,50.1,Assam,Cachar,Assam Barail Range & Dima Hasao,TRAIN,Tertiary Clay Shale,None (Stable Steep Terrain),0,STABLE_REFERENCE,STEEP_STABLE
NON-LS-BG-0243,2022-10-25,25.2097,93.0144,578.8,34.81,317.6,Assam,Cachar,Assam Barail Range & Dima Hasao,TRAIN,Tertiary Clay Shale,None (Stable Steep Terrain),0,STABLE_REFERENCE,STEEP_STABLE
NON-LS-BG-0244,2019-03-25,25.2863,93.0998,681.6,14.75,203.5,Assam,Dima Hasao,Assam Barail Range & Dima Hasao,TRAIN,Tertiary Clay Shale,None (Stable Terrain),0,STABLE_REFERENCE,BACKGROUND_STABLE
NON-LS-BG-0245,2019-08-08,25.2326,92.9898,415.8,4.81,246.2,Assam,Cachar,Assam Barail Range & Dima Hasao,TRAIN,Tertiary Clay Shale,None (Stable Terrain),0,STABLE_REFERENCE,BACKGROUND_STABLE
NON-LS-BG-0246,2018-02-14,25.2135,93.2422,495.0,7.85,195.7,Assam,Dima Hasao,Assam Barail Range & Dima Hasao,TRAIN,Disang Siltstone,None (Stable Terrain),0,STABLE_REFERENCE,BACKGROUND_STABLE
NON-LS-BG-0247,2021-09-02,25.1954,92.9163,997.0,13.2,165.7,Assam,Cachar,Assam Barail Range & Dima Hasao,TRAIN,Barail Sandstone,None (Stable Terrain),0,STABLE_REFERENCE,BACKGROUND_STABLE
NON-LS-BG-0248,2018-11-20,25.2748,92.9662,886.1,4.34,283.1,Assam,Dima Hasao,Assam Barail Range & Dima Hasao,TRAIN,Barail Sandstone,None (Stable Terrain),0,STABLE_REFERENCE,BACKGROUND_STABLE
NON-LS-BG-0249,2019-01-18,25.0994,92.9821,865.0,9.23,313.4,Assam,Cachar,Assam Barail Range & Dima Hasao,TRAIN,Disang Siltstone,None (Stable Terrain),0,STABLE_REFERENCE,BACKGROUND_STABLE
NON-LS-BG-0250,2018-08-18,25.1216,93.0305,1024.5,39.59,327.3,Assam,Dima Hasao,Assam Barail Range & Dima Hasao,TRAIN,Barail Sandstone,None (Stable Steep Terrain),0,STABLE_REFERENCE,STEEP_STABLE
NON-LS-BG-0251,2022-07-19,25.2116,93.0491,409.7,37.03,158.8,Assam,Dima Hasao,Assam Barail Range & Dima Hasao,TRAIN,Tertiary Clay Shale,None (Stable Steep Terrain),0,STABLE_REFERENCE,STEEP_STABLE
NON-LS-BG-0252,2022-10-25,25.0782,92.9927,865.5,34.54,329.4,Assam,Cachar,Assam Barail Range & Dima Hasao,TRAIN,Tertiary Clay Shale,None (Stable Steep Terrain),0,STABLE_REFERENCE,STEEP_STABLE
NON-LS-BG-0253,2022-06-18,25.2099,92.9132,822.4,25.03,60.8,Assam,Dima Hasao,Assam Barail Range & Dima Hasao,TRAIN,Tertiary Clay Shale,None (Stable Steep Terrain),0,STABLE_REFERENCE,STEEP_STABLE
NON-LS-BG-0254,2022-09-15,25.3403,93.1927,418.2,11.88,240.5,Assam,Dima Hasao,Assam Barail Range & Dima Hasao,TRAIN,Disang Siltstone,None (Stable Terrain),0,STABLE_REFERENCE,BACKGROUND_STABLE
NON-LS-BG-0255,2018-11-20,25.2404,92.9164,952.5,8.13,189.9,Assam,Dima Hasao,Assam Barail Range & Dima Hasao,TRAIN,Tertiary Clay Shale,None (Stable Terrain),0,STABLE_REFERENCE,BACKGROUND_STABLE
NON-LS-BG-0256,2019-07-12,25.2658,93.2061,391.5,27.12,194.7,Assam,Dima Hasao,Assam Barail Range & Dima Hasao,TRAIN,Disang Siltstone,None (Stable Steep Terrain),0,STABLE_REFERENCE,STEEP_STABLE
NON-LS-BG-0257,2018-07-22,25.2631,92.9757,665.3,12.86,294.9,Assam,Cachar,Assam Barail Range & Dima Hasao,TRAIN,Disang Siltstone,None (Stable Terrain),0,STABLE_REFERENCE,BACKGROUND_STABLE
NON-LS-BG-0258,2021-08-14,25.1233,92.8952,396.9,41.32,68.9,Assam,Dima Hasao,Assam Barail Range & Dima Hasao,TRAIN,Barail Sandstone,None (Stable Steep Terrain),0,STABLE_REFERENCE,STEEP_STABLE
NON-LS-BG-0259,2021-04-20,25.2341,93.0242,739.5,37.06,228.3,Assam,Cachar,Assam Barail Range & Dima Hasao,TRAIN,Tertiary Clay Shale,None (Stable Steep Terrain),0,STABLE_REFERENCE,STEEP_STABLE
NON-LS-BG-0260,2020-01-22,25.1475,93.1245,384.7,5.1,27.7,Assam,Dima Hasao,Assam Barail Range & Dima Hasao,TRAIN,Disang Siltstone,None (Stable Terrain),0,STABLE_REFERENCE,BACKGROUND_STABLE
NON-LS-BG-0261,2019-01-18,25.1147,92.9942,383.9,12.16,313.6,Assam,Dima Hasao,Assam Barail Range & Dima Hasao,TRAIN,Barail Sandstone,None (Stable Terrain),0,STABLE_REFERENCE,BACKGROUND_STABLE
NON-LS-BG-0262,2021-07-28,25.2495,92.9541,970.1,11.05,165.7,Assam,Dima Hasao,Assam Barail Range & Dima Hasao,TRAIN,Tertiary Clay Shale,None (Stable Terrain),0,STABLE_REFERENCE,BACKGROUND_STABLE
NON-LS-BG-0263,2022-10-25,25.3075,92.9669,972.6,41.01,201.3,Assam,Dima Hasao,Assam Barail Range & Dima Hasao,TRAIN,Disang Siltstone,None (Stable Steep Terrain),0,STABLE_REFERENCE,STEEP_STABLE
NON-LS-BG-0264,2018-09-02,25.2385,93.0631,779.9,46.98,34.8,Assam,Cachar,Assam Barail Range & Dima Hasao,TRAIN,Barail Sandstone,None (Stable Steep Terrain),0,STABLE_REFERENCE,STEEP_STABLE
NON-LS-BG-0265,2021-07-28,25.1226,92.855,663.7,6.62,267.5,Assam,Dima Hasao,Assam Barail Range & Dima Hasao,TRAIN,Disang Siltstone,None (Stable Terrain),0,STABLE_REFERENCE,BACKGROUND_STABLE
NON-LS-BG-0266,2022-10-25,25.0644,93.2112,931.7,40.71,225.4,Assam,Cachar,Assam Barail Range & Dima Hasao,TRAIN,Barail Sandstone,None (Stable Steep Terrain),0,STABLE_REFERENCE,STEEP_STABLE
NON-LS-BG-0267,2022-10-25,25.2094,93.1853,535.4,26.22,237.2,Assam,Dima Hasao,Assam Barail Range & Dima Hasao,TRAIN,Barail Sandstone,None (Stable Steep Terrain),0,STABLE_REFERENCE,STEEP_STABLE
NON-LS-BG-0268,2018-08-18,25.1257,92.9381,677.4,32.1,298.5,Assam,Dima Hasao,Assam Barail Range & Dima Hasao,TRAIN,Disang Siltstone,None (Stable Steep Terrain),0,STABLE_REFERENCE,STEEP_STABLE
NON-LS-BG-0269,2021-08-14,25.3137,93.0787,697.7,38.63,49.5,Assam,Cachar,Assam Barail Range & Dima Hasao,TRAIN,Barail Sandstone,None (Stable Steep Terrain),0,STABLE_REFERENCE,STEEP_STABLE
NON-LS-BG-0270,2019-01-18,25.1522,92.9159,455.2,14.38,243.5,Assam,Cachar,Assam Barail Range & Dima Hasao,TRAIN,Disang Siltstone,None (Stable Terrain),0,STABLE_REFERENCE,BACKGROUND_STABLE
NON-LS-BG-0271,2020-04-15,25.286,93.2383,519.6,6.26,228.3,Assam,Dima Hasao,Assam Barail Range & Dima Hasao,TRAIN,Tertiary Clay Shale,None (Stable Terrain),0,STABLE_REFERENCE,BACKGROUND_STABLE
NON-LS-BG-0272,2020-07-10,25.0713,92.9518,588.9,30.41,349.8,Assam,Cachar,Assam Barail Range & Dima Hasao,TRAIN,Tertiary Clay Shale,None (Stable Steep Terrain),0,STABLE_REFERENCE,STEEP_STABLE
NON-LS-BG-0273,2019-07-12,25.1494,93.0428,473.1,47.19,307.5,Assam,Dima Hasao,Assam Barail Range & Dima Hasao,TRAIN,Disang Siltstone,None (Stable Steep Terrain),0,STABLE_REFERENCE,STEEP_STABLE
NON-LS-BG-0274,2020-06-25,25.3032,92.964,659.5,46.74,142.9,Assam,Cachar,Assam Barail Range & Dima Hasao,TRAIN,Barail Sandstone,None (Stable Steep Terrain),0,STABLE_REFERENCE,STEEP_STABLE
NON-LS-BG-0275,2020-08-11,25.0842,92.9881,690.7,44.51,47.3,Assam,Dima Hasao,Assam Barail Range & Dima Hasao,TRAIN,Tertiary Clay Shale,None (Stable Steep Terrain),0,STABLE_REFERENCE,STEEP_STABLE
NON-LS-BG-0276,2021-11-05,25.1324,93.0078,630.9,7.93,242.9,Assam,Cachar,Assam Barail Range & Dima Hasao,TRAIN,Disang Siltstone,None (Stable Terrain),0,STABLE_REFERENCE,BACKGROUND_STABLE
NON-LS-BG-0277,2018-02-14,25.3362,93.1386,939.2,3.03,217.4,Assam,Cachar,Assam Barail Range & Dima Hasao,TRAIN,Disang Siltstone,None (Stable Terrain),0,STABLE_REFERENCE,BACKGROUND_STABLE
NON-LS-BG-0278,2019-09-15,25.256,92.8958,604.3,8.47,270.4,Assam,Cachar,Assam Barail Range & Dima Hasao,TRAIN,Disang Siltstone,None (Stable Terrain),0,STABLE_REFERENCE,BACKGROUND_STABLE
NON-LS-BG-0279,2018-04-10,25.0713,92.8821,584.0,14.3,319.7,Assam,Dima Hasao,Assam Barail Range & Dima Hasao,TRAIN,Disang Siltstone,None (Stable Terrain),0,STABLE_REFERENCE,BACKGROUND_STABLE
NON-LS-BG-0280,2021-04-20,25.2296,93.0509,433.1,35.86,266.8,Assam,Dima Hasao,Assam Barail Range & Dima Hasao,TRAIN,Tertiary Clay Shale,None (Stable Steep Terrain),0,STABLE_REFERENCE,STEEP_STABLE
LS-POS-0281,2018-06-14,25.759,94.2402,1672.1,45.22,67.8,Nagaland,Kohima,Nagaland Kohima - Paglapahar Axis (NH-29),TRAIN,Barail Sandstone,Monsoon Hydrostatic Load,1,GSI_NLSM,POSITIVE_LANDSLIDE
LS-POS-0282,2022-09-15,25.7198,94.2685,1507.2,32.54,232.0,Nagaland,Kohima,Nagaland Kohima - Paglapahar Axis (NH-29),TRAIN,Silty Loam Weathered Mantle,Paglapahar Rockslide,1,ISRO_ATLAS,POSITIVE_LANDSLIDE
LS-POS-0283,2018-08-18,25.729,94.1855,1027.8,34.43,166.5,Nagaland,Dimapur,Nagaland Kohima - Paglapahar Axis (NH-29),TRAIN,Barail Sandstone,Roadbed Subsidence,1,ISRO_ATLAS,POSITIVE_LANDSLIDE
LS-POS-0284,2018-09-02,25.7738,94.2158,869.0,46.68,151.1,Nagaland,Dimapur,Nagaland Kohima - Paglapahar Axis (NH-29),TRAIN,Silty Loam Weathered Mantle,Paglapahar Rockslide,1,ISRO_ATLAS,POSITIVE_LANDSLIDE
LS-POS-0285,2022-08-05,25.7577,94.1291,929.1,41.56,136.7,Nagaland,Kohima,Nagaland Kohima - Paglapahar Axis (NH-29),TRAIN,Disang Grey Shale,Paglapahar Rockslide,1,GSI_NLSM,POSITIVE_LANDSLIDE
LS-POS-0286,2022-05-18,25.7552,94.0826,786.0,36.1,227.8,Nagaland,Zunheboto,Nagaland Kohima - Paglapahar Axis (NH-29),TRAIN,Barail Sandstone,Monsoon Hydrostatic Load,1,GSI_NLSM,POSITIVE_LANDSLIDE
LS-POS-0287,2022-06-18,25.7817,94.0776,976.1,48.75,176.1,Nagaland,Kohima,Nagaland Kohima - Paglapahar Axis (NH-29),TRAIN,Silty Loam Weathered Mantle,Paglapahar Rockslide,1,GSI_NLSM,POSITIVE_LANDSLIDE
LS-POS-0288,2020-07-10,25.6083,94.1269,1647.6,36.07,151.8,Nagaland,Zunheboto,Nagaland Kohima - Paglapahar Axis (NH-29),TRAIN,Barail Sandstone,Roadbed Subsidence,1,GSI_NLSM,POSITIVE_LANDSLIDE
LS-POS-0289,2019-06-28,25.694,94.0015,1219.1,30.73,173.0,Nagaland,Dimapur,Nagaland Kohima - Paglapahar Axis (NH-29),TRAIN,Disang Grey Shale,Paglapahar Rockslide,1,ISRO_ATLAS,POSITIVE_LANDSLIDE
LS-POS-0290,2022-05-18,25.7332,94.2982,1270.8,29.85,149.1,Nagaland,Zunheboto,Nagaland Kohima - Paglapahar Axis (NH-29),TRAIN,Silty Loam Weathered Mantle,Roadbed Subsidence,1,ISRO_ATLAS,POSITIVE_LANDSLIDE
LS-POS-0291,2022-07-19,25.7021,94.1395,918.7,39.63,141.2,Nagaland,Dimapur,Nagaland Kohima - Paglapahar Axis (NH-29),TRAIN,Disang Grey Shale,Roadbed Subsidence,1,GSI_NLSM,POSITIVE_LANDSLIDE
LS-POS-0292,2018-09-02,25.848,94.1982,939.5,38.66,138.8,Nagaland,Zunheboto,Nagaland Kohima - Paglapahar Axis (NH-29),TRAIN,Disang Grey Shale,Monsoon Hydrostatic Load,1,GSI_NLSM,POSITIVE_LANDSLIDE
LS-POS-0293,2018-08-18,25.7741,93.9987,1179.6,41.15,282.7,Nagaland,Zunheboto,Nagaland Kohima - Paglapahar Axis (NH-29),TRAIN,Silty Loam Weathered Mantle,Paglapahar Rockslide,1,GSI_NLSM,POSITIVE_LANDSLIDE
LS-POS-0294,2018-09-02,25.787,94.1493,1338.6,32.23,289.9,Nagaland,Kohima,Nagaland Kohima - Paglapahar Axis (NH-29),TRAIN,Disang Grey Shale,Paglapahar Rockslide,1,GSI_NLSM,POSITIVE_LANDSLIDE
LS-POS-0295,2020-08-11,25.6397,94.1576,1319.2,35.42,193.3,Nagaland,Zunheboto,Nagaland Kohima - Paglapahar Axis (NH-29),TRAIN,Barail Sandstone,Paglapahar Rockslide,1,ISRO_ATLAS,POSITIVE_LANDSLIDE
LS-POS-0296,2021-09-02,25.6173,94.1883,1200.1,28.72,70.3,Nagaland,Dimapur,Nagaland Kohima - Paglapahar Axis (NH-29),TRAIN,Disang Grey Shale,Monsoon Hydrostatic Load,1,GSI_NLSM,POSITIVE_LANDSLIDE
LS-POS-0297,2021-08-14,25.8264,94.1222,1052.2,38.32,208.6,Nagaland,Zunheboto,Nagaland Kohima - Paglapahar Axis (NH-29),TRAIN,Disang Grey Shale,Roadbed Subsidence,1,ISRO_ATLAS,POSITIVE_LANDSLIDE
LS-POS-0298,2021-08-14,25.8756,94.0768,1433.1,46.78,199.9,Nagaland,Zunheboto,Nagaland Kohima - Paglapahar Axis (NH-29),TRAIN,Barail Sandstone,Monsoon Hydrostatic Load,1,GSI_NLSM,POSITIVE_LANDSLIDE
LS-POS-0299,2019-09-15,25.8868,94.0202,878.3,45.93,61.9,Nagaland,Kohima,Nagaland Kohima - Paglapahar Axis (NH-29),TRAIN,Disang Grey Shale,Paglapahar Rockslide,1,GSI_NLSM,POSITIVE_LANDSLIDE
LS-POS-0300,2020-08-11,25.865,94.1069,1239.4,41.16,280.5,Nagaland,Zunheboto,Nagaland Kohima - Paglapahar Axis (NH-29),TRAIN,Silty Loam Weathered Mantle,Roadbed Subsidence,1,ISRO_ATLAS,POSITIVE_LANDSLIDE
LS-POS-0301,2021-08-14,25.7582,94.1714,1360.0,45.22,312.4,Nagaland,Kohima,Nagaland Kohima - Paglapahar Axis (NH-29),TRAIN,Silty Loam Weathered Mantle,Roadbed Subsidence,1,GSI_NLSM,POSITIVE_LANDSLIDE
LS-POS-0302,2018-06-14,25.6602,94.2981,860.8,28.05,63.6,Nagaland,Zunheboto,Nagaland Kohima - Paglapahar Axis (NH-29),TRAIN,Disang Grey Shale,Paglapahar Rockslide,1,GSI_NLSM,POSITIVE_LANDSLIDE
LS-POS-0303,2019-09-15,25.6017,94.278,1519.7,44.99,152.8,Nagaland,Kohima,Nagaland Kohima - Paglapahar Axis (NH-29),TRAIN,Silty Loam Weathered Mantle,Roadbed Subsidence,1,GSI_NLSM,POSITIVE_LANDSLIDE
LS-POS-0304,2021-06-25,25.8169,94.0481,1398.7,28.51,300.9,Nagaland,Zunheboto,Nagaland Kohima - Paglapahar Axis (NH-29),TRAIN,Silty Loam Weathered Mantle,Monsoon Hydrostatic Load,1,ISRO_ATLAS,POSITIVE_LANDSLIDE
LS-POS-0305,2021-09-02,25.6217,94.2843,1250.3,34.29,174.1,Nagaland,Kohima,Nagaland Kohima - Paglapahar Axis (NH-29),TRAIN,Silty Loam Weathered Mantle,Roadbed Subsidence,1,ISRO_ATLAS,POSITIVE_LANDSLIDE
LS-POS-0306,2021-07-28,25.6436,94.1985,1380.2,32.43,86.1,Nagaland,Dimapur,Nagaland Kohima - Paglapahar Axis (NH-29),TRAIN,Silty Loam Weathered Mantle,Monsoon Hydrostatic Load,1,ISRO_ATLAS,POSITIVE_LANDSLIDE
LS-POS-0307,2021-06-25,25.6799,93.9577,1304.9,45.69,207.9,Nagaland,Kohima,Nagaland Kohima - Paglapahar Axis (NH-29),TRAIN,Disang Grey Shale,Roadbed Subsidence,1,GSI_NLSM,POSITIVE_LANDSLIDE
LS-POS-0308,2018-09-02,25.7073,94.1767,890.6,46.66,213.7,Nagaland,Zunheboto,Nagaland Kohima - Paglapahar Axis (NH-29),TRAIN,Barail Sandstone,Roadbed Subsidence,1,ISRO_ATLAS,POSITIVE_LANDSLIDE
LS-POS-0309,2018-09-02,25.6215,94.1889,997.7,42.99,83.6,Nagaland,Kohima,Nagaland Kohima - Paglapahar Axis (NH-29),TRAIN,Silty Loam Weathered Mantle,Roadbed Subsidence,1,ISRO_ATLAS,POSITIVE_LANDSLIDE
LS-POS-0310,2020-06-25,25.8326,94.045,1227.0,33.97,247.1,Nagaland,Dimapur,Nagaland Kohima - Paglapahar Axis (NH-29),TRAIN,Barail Sandstone,Monsoon Hydrostatic Load,1,GSI_NLSM,POSITIVE_LANDSLIDE
NON-LS-BG-0311,2019-07-12,25.7533,93.9664,869.2,44.35,88.9,Nagaland,Zunheboto,Nagaland Kohima - Paglapahar Axis (NH-29),TRAIN,Barail Sandstone,None (Stable Steep Terrain),0,STABLE_REFERENCE,STEEP_STABLE
NON-LS-BG-0312,2018-11-20,25.6306,94.0761,864.1,13.11,327.6,Nagaland,Dimapur,Nagaland Kohima - Paglapahar Axis (NH-29),TRAIN,Silty Loam Weathered Mantle,None (Stable Terrain),0,STABLE_REFERENCE,BACKGROUND_STABLE
NON-LS-BG-0313,2020-07-10,25.7132,94.2874,703.3,28.02,50.1,Nagaland,Dimapur,Nagaland Kohima - Paglapahar Axis (NH-29),TRAIN,Disang Grey Shale,None (Stable Steep Terrain),0,STABLE_REFERENCE,STEEP_STABLE
NON-LS-BG-0314,2020-11-12,25.6763,94.2564,786.3,6.34,107.3,Nagaland,Zunheboto,Nagaland Kohima - Paglapahar Axis (NH-29),TRAIN,Disang Grey Shale,None (Stable Terrain),0,STABLE_REFERENCE,BACKGROUND_STABLE
NON-LS-BG-0315,2021-11-05,25.6316,94.2236,1196.0,3.58,311.7,Nagaland,Kohima,Nagaland Kohima - Paglapahar Axis (NH-29),TRAIN,Barail Sandstone,None (Stable Terrain),0,STABLE_REFERENCE,BACKGROUND_STABLE
NON-LS-BG-0316,2018-04-10,25.7428,93.9888,1187.4,32.1,198.7,Nagaland,Kohima,Nagaland Kohima - Paglapahar Axis (NH-29),TRAIN,Silty Loam Weathered Mantle,None (Stable Steep Terrain),0,STABLE_REFERENCE,STEEP_STABLE
NON-LS-BG-0317,2019-09-15,25.8191,94.1767,1331.1,35.65,234.6,Nagaland,Kohima,Nagaland Kohima - Paglapahar Axis (NH-29),TRAIN,Barail Sandstone,None (Stable Steep Terrain),0,STABLE_REFERENCE,STEEP_STABLE
NON-LS-BG-0318,2020-07-10,25.814,94.0197,1414.5,42.06,195.8,Nagaland,Zunheboto,Nagaland Kohima - Paglapahar Axis (NH-29),TRAIN,Disang Grey Shale,None (Stable Steep Terrain),0,STABLE_REFERENCE,STEEP_STABLE
NON-LS-BG-0319,2018-08-18,25.6726,94.2689,1368.4,36.17,145.5,Nagaland,Dimapur,Nagaland Kohima - Paglapahar Axis (NH-29),TRAIN,Barail Sandstone,None (Stable Steep Terrain),0,STABLE_REFERENCE,STEEP_STABLE
NON-LS-BG-0320,2020-09-22,25.889,94.1317,1225.7,28.15,45.2,Nagaland,Zunheboto,Nagaland Kohima - Paglapahar Axis (NH-29),TRAIN,Disang Grey Shale,None (Stable Steep Terrain),0,STABLE_REFERENCE,STEEP_STABLE
NON-LS-BG-0321,2022-09-15,25.6051,94.2196,1340.8,32.9,123.0,Nagaland,Dimapur,Nagaland Kohima - Paglapahar Axis (NH-29),TRAIN,Silty Loam Weathered Mantle,None (Stable Steep Terrain),0,STABLE_REFERENCE,STEEP_STABLE
NON-LS-BG-0322,2020-01-22,25.8217,94.0281,1194.0,9.85,316.5,Nagaland,Zunheboto,Nagaland Kohima - Paglapahar Axis (NH-29),TRAIN,Disang Grey Shale,None (Stable Terrain),0,STABLE_REFERENCE,BACKGROUND_STABLE
NON-LS-BG-0323,2022-01-15,25.8489,94.1622,882.5,5.49,88.8,Nagaland,Zunheboto,Nagaland Kohima - Paglapahar Axis (NH-29),TRAIN,Silty Loam Weathered Mantle,None (Stable Terrain),0,STABLE_REFERENCE,BACKGROUND_STABLE
NON-LS-BG-0324,2022-08-05,25.7452,94.2116,1044.7,32.46,196.0,Nagaland,Dimapur,Nagaland Kohima - Paglapahar Axis (NH-29),TRAIN,Disang Grey Shale,None (Stable Steep Terrain),0,STABLE_REFERENCE,STEEP_STABLE
NON-LS-BG-0325,2020-11-12,25.8888,93.9765,948.7,5.7,281.3,Nagaland,Zunheboto,Nagaland Kohima - Paglapahar Axis (NH-29),TRAIN,Barail Sandstone,None (Stable Terrain),0,STABLE_REFERENCE,BACKGROUND_STABLE
NON-LS-BG-0326,2022-08-05,25.8433,94.1726,968.7,31.91,121.4,Nagaland,Zunheboto,Nagaland Kohima - Paglapahar Axis (NH-29),TRAIN,Disang Grey Shale,None (Stable Steep Terrain),0,STABLE_REFERENCE,STEEP_STABLE
NON-LS-BG-0327,2021-04-20,25.807,94.2757,1065.6,5.76,274.0,Nagaland,Dimapur,Nagaland Kohima - Paglapahar Axis (NH-29),TRAIN,Disang Grey Shale,None (Stable Terrain),0,STABLE_REFERENCE,BACKGROUND_STABLE
NON-LS-BG-0328,2022-03-30,25.7063,94.2822,1478.5,10.45,196.8,Nagaland,Dimapur,Nagaland Kohima - Paglapahar Axis (NH-29),TRAIN,Barail Sandstone,None (Stable Terrain),0,STABLE_REFERENCE,BACKGROUND_STABLE
NON-LS-BG-0329,2018-02-14,25.7298,93.9654,771.2,8.35,353.2,Nagaland,Kohima,Nagaland Kohima - Paglapahar Axis (NH-29),TRAIN,Silty Loam Weathered Mantle,None (Stable Terrain),0,STABLE_REFERENCE,BACKGROUND_STABLE
NON-LS-BG-0330,2020-11-12,25.8379,94.2488,838.9,14.53,78.9,Nagaland,Zunheboto,Nagaland Kohima - Paglapahar Axis (NH-29),TRAIN,Silty Loam Weathered Mantle,None (Stable Terrain),0,STABLE_REFERENCE,BACKGROUND_STABLE
NON-LS-BG-0331,2020-09-22,25.7377,94.2718,780.4,28.81,285.3,Nagaland,Dimapur,Nagaland Kohima - Paglapahar Axis (NH-29),TRAIN,Barail Sandstone,None (Stable Steep Terrain),0,STABLE_REFERENCE,STEEP_STABLE
NON-LS-BG-0332,2022-01-15,25.8724,94.2803,1476.6,9.26,307.5,Nagaland,Dimapur,Nagaland Kohima - Paglapahar Axis (NH-29),TRAIN,Barail Sandstone,None (Stable Terrain),0,STABLE_REFERENCE,BACKGROUND_STABLE
NON-LS-BG-0333,2021-11-05,25.6696,94.1104,1317.8,14.52,4.4,Nagaland,Dimapur,Nagaland Kohima - Paglapahar Axis (NH-29),TRAIN,Barail Sandstone,None (Stable Terrain),0,STABLE_REFERENCE,BACKGROUND_STABLE
NON-LS-BG-0334,2019-09-15,25.6027,94.075,1446.5,5.74,305.3,Nagaland,Zunheboto,Nagaland Kohima - Paglapahar Axis (NH-29),TRAIN,Disang Grey Shale,None (Stable Terrain),0,STABLE_REFERENCE,BACKGROUND_STABLE
NON-LS-BG-0335,2018-09-02,25.8187,93.9834,1004.7,34.54,104.0,Nagaland,Zunheboto,Nagaland Kohima - Paglapahar Axis (NH-29),TRAIN,Disang Grey Shale,None (Stable Steep Terrain),0,STABLE_REFERENCE,STEEP_STABLE
NON-LS-BG-0336,2018-02-14,25.898,93.9657,1299.8,7.46,160.0,Nagaland,Kohima,Nagaland Kohima - Paglapahar Axis (NH-29),TRAIN,Barail Sandstone,None (Stable Terrain),0,STABLE_REFERENCE,BACKGROUND_STABLE
NON-LS-BG-0337,2018-06-14,25.6827,94.1677,1505.3,35.31,86.5,Nagaland,Kohima,Nagaland Kohima - Paglapahar Axis (NH-29),TRAIN,Silty Loam Weathered Mantle,None (Stable Steep Terrain),0,STABLE_REFERENCE,STEEP_STABLE
NON-LS-BG-0338,2018-06-14,25.6575,94.2714,714.4,42.82,63.1,Nagaland,Zunheboto,Nagaland Kohima - Paglapahar Axis (NH-29),TRAIN,Disang Grey Shale,None (Stable Steep Terrain),0,STABLE_REFERENCE,STEEP_STABLE
NON-LS-BG-0339,2020-09-22,25.86,94.0489,1468.0,43.32,273.2,Nagaland,Zunheboto,Nagaland Kohima - Paglapahar Axis (NH-29),TRAIN,Silty Loam Weathered Mantle,None (Stable Steep Terrain),0,STABLE_REFERENCE,STEEP_STABLE
NON-LS-BG-0340,2020-01-22,25.6847,94.0736,1418.0,14.36,171.5,Nagaland,Kohima,Nagaland Kohima - Paglapahar Axis (NH-29),TRAIN,Disang Grey Shale,None (Stable Terrain),0,STABLE_REFERENCE,BACKGROUND_STABLE
LS-POS-0341,2021-07-28,27.3488,92.233,1954.9,37.91,64.2,Arunachal Pradesh,West Kameng,Arunachal Pradesh Kameng & Tawang Axis,TRAIN,Higher Himalayan Crystalline,Severe Cloudburst,1,BRO_RECORDS,POSITIVE_LANDSLIDE
LS-POS-0342,2018-09-02,27.1345,92.7115,1811.8,42.6,232.3,Arunachal Pradesh,Tawang,Arunachal Pradesh Kameng & Tawang Axis,TRAIN,Higher Himalayan Crystalline,Slope Toe Undercutting,1,GSI_NLSM,POSITIVE_LANDSLIDE
LS-POS-0343,2019-06-28,27.4856,92.5255,1207.7,52.39,150.8,Arunachal Pradesh,West Kameng,Arunachal Pradesh Kameng & Tawang Axis,TRAIN,Bomdila Gneiss,Slope Toe Undercutting,1,GSI_NLSM,POSITIVE_LANDSLIDE
LS-POS-0344,2019-09-15,27.3734,92.4458,1953.7,35.29,106.1,Arunachal Pradesh,Tawang,Arunachal Pradesh Kameng & Tawang Axis,TRAIN,Bomdila Gneiss,Bhalukpong Cutting Failure,1,BRO_RECORDS,POSITIVE_LANDSLIDE
LS-POS-0345,2018-09-02,27.2521,92.2976,1341.7,34.03,245.3,Arunachal Pradesh,West Kameng,Arunachal Pradesh Kameng & Tawang Axis,TRAIN,Dirang Schist,Slope Toe Undercutting,1,GSI_NLSM,POSITIVE_LANDSLIDE
LS-POS-0346,2021-09-02,27.5242,92.3747,1465.0,40.83,288.5,Arunachal Pradesh,West Kameng,Arunachal Pradesh Kameng & Tawang Axis,TRAIN,Higher Himalayan Crystalline,Slope Toe Undercutting,1,BRO_RECORDS,POSITIVE_LANDSLIDE
LS-POS-0347,2020-07-10,27.5033,92.7402,2232.2,42.26,236.5,Arunachal Pradesh,West Kameng,Arunachal Pradesh Kameng & Tawang Axis,TRAIN,Bomdila Gneiss,Slope Toe Undercutting,1,GSI_NLSM,POSITIVE_LANDSLIDE
LS-POS-0348,2018-09-02,27.1837,92.6074,1942.4,54.0,301.3,Arunachal Pradesh,Tawang,Arunachal Pradesh Kameng & Tawang Axis,TRAIN,Dirang Schist,Bhalukpong Cutting Failure,1,GSI_NLSM,POSITIVE_LANDSLIDE
LS-POS-0349,2022-05-18,27.4161,92.1845,1902.2,50.4,296.9,Arunachal Pradesh,West Kameng,Arunachal Pradesh Kameng & Tawang Axis,TRAIN,Bomdila Gneiss,Slope Toe Undercutting,1,BRO_RECORDS,POSITIVE_LANDSLIDE
LS-POS-0350,2019-08-08,27.5138,92.5532,2164.4,43.7,274.6,Arunachal Pradesh,West Kameng,Arunachal Pradesh Kameng & Tawang Axis,TRAIN,Higher Himalayan Crystalline,Slope Toe Undercutting,1,BRO_RECORDS,POSITIVE_LANDSLIDE
LS-POS-0351,2022-05-18,27.2723,92.1201,1038.2,36.99,234.3,Arunachal Pradesh,Tawang,Arunachal Pradesh Kameng & Tawang Axis,TRAIN,Dirang Schist,Bhalukpong Cutting Failure,1,GSI_NLSM,POSITIVE_LANDSLIDE
LS-POS-0352,2018-09-02,27.4635,92.4653,2560.1,44.42,148.8,Arunachal Pradesh,West Kameng,Arunachal Pradesh Kameng & Tawang Axis,TRAIN,Dirang Schist,Slope Toe Undercutting,1,BRO_RECORDS,POSITIVE_LANDSLIDE
LS-POS-0353,2018-09-02,27.1126,92.6453,969.4,48.78,195.9,Arunachal Pradesh,Tawang,Arunachal Pradesh Kameng & Tawang Axis,TRAIN,Dirang Schist,Bhalukpong Cutting Failure,1,GSI_NLSM,POSITIVE_LANDSLIDE
LS-POS-0354,2021-09-02,27.3505,92.559,1858.3,45.36,277.9,Arunachal Pradesh,West Kameng,Arunachal Pradesh Kameng & Tawang Axis,TRAIN,Bomdila Gneiss,Bhalukpong Cutting Failure,1,GSI_NLSM,POSITIVE_LANDSLIDE
LS-POS-0355,2022-08-05,27.1896,92.62,1889.6,42.33,227.8,Arunachal Pradesh,West Kameng,Arunachal Pradesh Kameng & Tawang Axis,TRAIN,Higher Himalayan Crystalline,Severe Cloudburst,1,GSI_NLSM,POSITIVE_LANDSLIDE
LS-POS-0356,2018-08-18,27.4125,92.3058,2337.9,44.53,274.7,Arunachal Pradesh,Tawang,Arunachal Pradesh Kameng & Tawang Axis,TRAIN,Higher Himalayan Crystalline,Severe Cloudburst,1,BRO_RECORDS,POSITIVE_LANDSLIDE
LS-POS-0357,2020-08-11,27.591,92.5082,1370.8,37.42,96.7,Arunachal Pradesh,West Kameng,Arunachal Pradesh Kameng & Tawang Axis,TRAIN,Bomdila Gneiss,Severe Cloudburst,1,GSI_NLSM,POSITIVE_LANDSLIDE
LS-POS-0358,2022-06-18,27.3058,92.7077,1681.9,52.44,161.8,Arunachal Pradesh,West Kameng,Arunachal Pradesh Kameng & Tawang Axis,TRAIN,Dirang Schist,Slope Toe Undercutting,1,GSI_NLSM,POSITIVE_LANDSLIDE
LS-POS-0359,2019-08-08,27.4427,92.3161,1046.2,41.85,215.7,Arunachal Pradesh,Tawang,Arunachal Pradesh Kameng & Tawang Axis,TRAIN,Bomdila Gneiss,Bhalukpong Cutting Failure,1,BRO_RECORDS,POSITIVE_LANDSLIDE
LS-POS-0360,2020-06-25,27.1995,92.3719,2226.6,36.13,309.7,Arunachal Pradesh,West Kameng,Arunachal Pradesh Kameng & Tawang Axis,TRAIN,Dirang Schist,Slope Toe Undercutting,1,BRO_RECORDS,POSITIVE_LANDSLIDE
LS-POS-0361,2022-06-18,27.1338,92.4372,1254.9,54.38,235.2,Arunachal Pradesh,West Kameng,Arunachal Pradesh Kameng & Tawang Axis,TRAIN,Dirang Schist,Bhalukpong Cutting Failure,1,GSI_NLSM,POSITIVE_LANDSLIDE
LS-POS-0362,2021-09-02,27.3114,92.3252,1625.9,39.55,215.3,Arunachal Pradesh,Tawang,Arunachal Pradesh Kameng & Tawang Axis,TRAIN,Dirang Schist,Bhalukpong Cutting Failure,1,GSI_NLSM,POSITIVE_LANDSLIDE
LS-POS-0363,2022-08-05,27.3748,92.5484,1194.7,46.5,125.3,Arunachal Pradesh,West Kameng,Arunachal Pradesh Kameng & Tawang Axis,TRAIN,Bomdila Gneiss,Slope Toe Undercutting,1,BRO_RECORDS,POSITIVE_LANDSLIDE
LS-POS-0364,2018-08-18,27.146,92.4894,2010.2,47.62,145.8,Arunachal Pradesh,Tawang,Arunachal Pradesh Kameng & Tawang Axis,TRAIN,Bomdila Gneiss,Severe Cloudburst,1,BRO_RECORDS,POSITIVE_LANDSLIDE
LS-POS-0365,2018-09-02,27.3818,92.3929,2092.5,46.25,300.6,Arunachal Pradesh,West Kameng,Arunachal Pradesh Kameng & Tawang Axis,TRAIN,Higher Himalayan Crystalline,Severe Cloudburst,1,GSI_NLSM,POSITIVE_LANDSLIDE
NON-LS-BG-0366,2018-09-02,27.153,92.2006,2295.2,37.01,252.4,Arunachal Pradesh,Tawang,Arunachal Pradesh Kameng & Tawang Axis,TRAIN,Bomdila Gneiss,None (Stable Steep Terrain),0,STABLE_REFERENCE,STEEP_STABLE
NON-LS-BG-0367,2018-06-14,27.4401,92.3653,785.0,35.59,79.4,Arunachal Pradesh,West Kameng,Arunachal Pradesh Kameng & Tawang Axis,TRAIN,Bomdila Gneiss,None (Stable Steep Terrain),0,STABLE_REFERENCE,STEEP_STABLE
NON-LS-BG-0368,2022-06-18,27.4629,92.5012,1961.5,42.9,33.3,Arunachal Pradesh,Tawang,Arunachal Pradesh Kameng & Tawang Axis,TRAIN,Bomdila Gneiss,None (Stable Steep Terrain),0,STABLE_REFERENCE,STEEP_STABLE
NON-LS-BG-0369,2021-02-10,27.4742,92.6945,1465.3,6.36,358.7,Arunachal Pradesh,West Kameng,Arunachal Pradesh Kameng & Tawang Axis,TRAIN,Higher Himalayan Crystalline,None (Stable Terrain),0,STABLE_REFERENCE,BACKGROUND_STABLE
NON-LS-BG-0370,2021-08-14,27.2146,92.4555,1849.8,45.41,265.9,Arunachal Pradesh,West Kameng,Arunachal Pradesh Kameng & Tawang Axis,TRAIN,Higher Himalayan Crystalline,None (Stable Steep Terrain),0,STABLE_REFERENCE,STEEP_STABLE
NON-LS-BG-0371,2022-06-18,27.1069,92.2614,1108.4,40.52,263.8,Arunachal Pradesh,Tawang,Arunachal Pradesh Kameng & Tawang Axis,TRAIN,Dirang Schist,None (Stable Steep Terrain),0,STABLE_REFERENCE,STEEP_STABLE
NON-LS-BG-0372,2018-11-20,27.4034,92.5374,891.9,15.37,177.7,Arunachal Pradesh,Tawang,Arunachal Pradesh Kameng & Tawang Axis,TRAIN,Dirang Schist,None (Stable Terrain),0,STABLE_REFERENCE,BACKGROUND_STABLE
NON-LS-BG-0373,2022-07-19,27.2417,92.6114,1405.9,9.68,277.5,Arunachal Pradesh,West Kameng,Arunachal Pradesh Kameng & Tawang Axis,TRAIN,Higher Himalayan Crystalline,None (Stable Terrain),0,STABLE_REFERENCE,BACKGROUND_STABLE
NON-LS-BG-0374,2020-11-12,27.3137,92.234,2059.5,7.34,12.6,Arunachal Pradesh,Tawang,Arunachal Pradesh Kameng & Tawang Axis,TRAIN,Bomdila Gneiss,None (Stable Terrain),0,STABLE_REFERENCE,BACKGROUND_STABLE
NON-LS-BG-0375,2022-06-18,27.4937,92.3674,2179.8,43.41,233.8,Arunachal Pradesh,Tawang,Arunachal Pradesh Kameng & Tawang Axis,TRAIN,Dirang Schist,None (Stable Steep Terrain),0,STABLE_REFERENCE,STEEP_STABLE
NON-LS-BG-0376,2018-09-02,27.5681,92.1416,2100.2,6.8,212.5,Arunachal Pradesh,West Kameng,Arunachal Pradesh Kameng & Tawang Axis,TRAIN,Dirang Schist,None (Stable Terrain),0,STABLE_REFERENCE,BACKGROUND_STABLE
NON-LS-BG-0377,2019-12-05,27.3038,92.4052,806.0,5.73,235.9,Arunachal Pradesh,West Kameng,Arunachal Pradesh Kameng & Tawang Axis,TRAIN,Higher Himalayan Crystalline,None (Stable Terrain),0,STABLE_REFERENCE,BACKGROUND_STABLE
NON-LS-BG-0378,2018-11-20,27.2301,92.2037,1020.8,3.92,293.1,Arunachal Pradesh,Tawang,Arunachal Pradesh Kameng & Tawang Axis,TRAIN,Bomdila Gneiss,None (Stable Terrain),0,STABLE_REFERENCE,BACKGROUND_STABLE
NON-LS-BG-0379,2022-09-15,27.4426,92.1718,1229.9,7.03,267.3,Arunachal Pradesh,Tawang,Arunachal Pradesh Kameng & Tawang Axis,TRAIN,Higher Himalayan Crystalline,None (Stable Terrain),0,STABLE_REFERENCE,BACKGROUND_STABLE
NON-LS-BG-0380,2020-07-10,27.1383,92.6672,2105.7,46.6,134.5,Arunachal Pradesh,West Kameng,Arunachal Pradesh Kameng & Tawang Axis,TRAIN,Bomdila Gneiss,None (Stable Steep Terrain),0,STABLE_REFERENCE,STEEP_STABLE
NON-LS-BG-0381,2020-01-22,27.2357,92.2507,1277.7,14.75,69.8,Arunachal Pradesh,Tawang,Arunachal Pradesh Kameng & Tawang Axis,TRAIN,Higher Himalayan Crystalline,None (Stable Terrain),0,STABLE_REFERENCE,BACKGROUND_STABLE
NON-LS-BG-0382,2020-06-25,27.5294,92.54,2121.6,25.94,57.7,Arunachal Pradesh,West Kameng,Arunachal Pradesh Kameng & Tawang Axis,TRAIN,Dirang Schist,None (Stable Steep Terrain),0,STABLE_REFERENCE,STEEP_STABLE
NON-LS-BG-0383,2019-09-15,27.4368,92.2165,1887.7,45.14,310.7,Arunachal Pradesh,West Kameng,Arunachal Pradesh Kameng & Tawang Axis,TRAIN,Bomdila Gneiss,None (Stable Steep Terrain),0,STABLE_REFERENCE,STEEP_STABLE
NON-LS-BG-0384,2020-07-10,27.3659,92.6131,1242.3,31.36,317.4,Arunachal Pradesh,Tawang,Arunachal Pradesh Kameng & Tawang Axis,TRAIN,Bomdila Gneiss,None (Stable Steep Terrain),0,STABLE_REFERENCE,STEEP_STABLE
NON-LS-BG-0385,2021-08-14,27.1607,92.5125,1706.0,35.94,140.8,Arunachal Pradesh,Tawang,Arunachal Pradesh Kameng & Tawang Axis,TRAIN,Higher Himalayan Crystalline,None (Stable Steep Terrain),0,STABLE_REFERENCE,STEEP_STABLE
NON-LS-BG-0386,2018-06-14,27.2171,92.2427,2319.8,43.33,194.7,Arunachal Pradesh,West Kameng,Arunachal Pradesh Kameng & Tawang Axis,TRAIN,Bomdila Gneiss,None (Stable Steep Terrain),0,STABLE_REFERENCE,STEEP_STABLE
NON-LS-BG-0387,2018-04-10,27.4482,92.5564,1039.0,9.5,8.0,Arunachal Pradesh,West Kameng,Arunachal Pradesh Kameng & Tawang Axis,TRAIN,Bomdila Gneiss,None (Stable Terrain),0,STABLE_REFERENCE,BACKGROUND_STABLE
NON-LS-BG-0388,2021-06-25,27.5726,92.5528,1565.5,15.13,141.1,Arunachal Pradesh,West Kameng,Arunachal Pradesh Kameng & Tawang Axis,TRAIN,Dirang Schist,None (Stable Terrain),0,STABLE_REFERENCE,BACKGROUND_STABLE
NON-LS-BG-0389,2020-11-12,27.5478,92.2328,1585.2,8.45,242.4,Arunachal Pradesh,West Kameng,Arunachal Pradesh Kameng & Tawang Axis,TRAIN,Dirang Schist,None (Stable Terrain),0,STABLE_REFERENCE,BACKGROUND_STABLE
NON-LS-BG-0390,2020-11-12,27.3041,92.6757,1120.6,12.29,192.8,Arunachal Pradesh,Tawang,Arunachal Pradesh Kameng & Tawang Axis,TRAIN,Bomdila Gneiss,None (Stable Terrain),0,STABLE_REFERENCE,BACKGROUND_STABLE
LS-POS-0391,2023-07-14,23.9008,92.8964,1260.9,36.22,182.9,Mizoram,Serchhip,Mizoram Aizawl Anticlinal Ridges (NH-54),VAL,Anticlinal Siltstone,Hunthar Slump Reactivation,1,GSI_NLSM,POSITIVE_LANDSLIDE
LS-POS-0392,2023-07-14,23.8962,92.7714,988.1,27.25,288.5,Mizoram,Kolasib,Mizoram Aizawl Anticlinal Ridges (NH-54),VAL,Anticlinal Siltstone,Hunthar Slump Reactivation,1,MZSAC_INVENTORY,POSITIVE_LANDSLIDE
LS-POS-0393,2023-06-29,23.711,92.6701,1286.8,34.4,166.6,Mizoram,Aizawl,Mizoram Aizawl Anticlinal Ridges (NH-54),VAL,Clayey Residual Soil,Hunthar Slump Reactivation,1,GSI_NLSM,POSITIVE_LANDSLIDE
LS-POS-0394,2023-08-22,23.804,92.9468,796.0,44.91,139.6,Mizoram,Kolasib,Mizoram Aizawl Anticlinal Ridges (NH-54),VAL,Surma Sandstone & Shale,Urban Cut Surcharge,1,GSI_NLSM,POSITIVE_LANDSLIDE
LS-POS-0395,2023-10-04,23.7618,92.6706,900.9,35.82,47.3,Mizoram,Serchhip,Mizoram Aizawl Anticlinal Ridges (NH-54),VAL,Anticlinal Siltstone,Urban Cut Surcharge,1,GSI_NLSM,POSITIVE_LANDSLIDE
LS-POS-0396,2023-06-29,23.7153,92.8485,987.8,27.1,201.9,Mizoram,Kolasib,Mizoram Aizawl Anticlinal Ridges (NH-54),VAL,Surma Sandstone & Shale,Urban Cut Surcharge,1,MZSAC_INVENTORY,POSITIVE_LANDSLIDE
LS-POS-0397,2023-08-22,23.7778,92.8144,1016.0,33.65,212.5,Mizoram,Kolasib,Mizoram Aizawl Anticlinal Ridges (NH-54),VAL,Surma Sandstone & Shale,Urban Cut Surcharge,1,GSI_NLSM,POSITIVE_LANDSLIDE
LS-POS-0398,2023-08-22,23.8727,92.701,768.2,43.92,208.5,Mizoram,Aizawl,Mizoram Aizawl Anticlinal Ridges (NH-54),VAL,Anticlinal Siltstone,Hunthar Slump Reactivation,1,MZSAC_INVENTORY,POSITIVE_LANDSLIDE
LS-POS-0399,2023-06-29,23.7799,92.8823,1268.0,37.29,237.4,Mizoram,Kolasib,Mizoram Aizawl Anticlinal Ridges (NH-54),VAL,Anticlinal Siltstone,Cyclonic Torrential Downpour,1,GSI_NLSM,POSITIVE_LANDSLIDE
LS-POS-0400,2023-07-14,23.7659,92.8266,760.9,38.4,181.9,Mizoram,Kolasib,Mizoram Aizawl Anticlinal Ridges (NH-54),VAL,Anticlinal Siltstone,Cyclonic Torrential Downpour,1,MZSAC_INVENTORY,POSITIVE_LANDSLIDE
LS-POS-0401,2023-10-04,23.7064,92.6731,1149.1,34.27,161.4,Mizoram,Kolasib,Mizoram Aizawl Anticlinal Ridges (NH-54),VAL,Clayey Residual Soil,Cyclonic Torrential Downpour,1,MZSAC_INVENTORY,POSITIVE_LANDSLIDE
LS-POS-0402,2023-10-04,23.8148,92.81,1103.9,41.22,96.6,Mizoram,Aizawl,Mizoram Aizawl Anticlinal Ridges (NH-54),VAL,Surma Sandstone & Shale,Cyclonic Torrential Downpour,1,GSI_NLSM,POSITIVE_LANDSLIDE
LS-POS-0403,2023-10-04,23.8584,92.7156,1072.4,32.03,169.6,Mizoram,Serchhip,Mizoram Aizawl Anticlinal Ridges (NH-54),VAL,Surma Sandstone & Shale,Urban Cut Surcharge,1,GSI_NLSM,POSITIVE_LANDSLIDE
LS-POS-0404,2023-07-14,23.945,92.886,1208.0,41.21,54.1,Mizoram,Aizawl,Mizoram Aizawl Anticlinal Ridges (NH-54),VAL,Surma Sandstone & Shale,Hunthar Slump Reactivation,1,GSI_NLSM,POSITIVE_LANDSLIDE
LS-POS-0405,2023-07-14,23.9138,92.723,1043.6,27.74,284.8,Mizoram,Kolasib,Mizoram Aizawl Anticlinal Ridges (NH-54),VAL,Anticlinal Siltstone,Hunthar Slump Reactivation,1,MZSAC_INVENTORY,POSITIVE_LANDSLIDE
LS-POS-0406,2023-06-29,23.7476,92.9203,1377.1,42.68,63.2,Mizoram,Kolasib,Mizoram Aizawl Anticlinal Ridges (NH-54),VAL,Clayey Residual Soil,Hunthar Slump Reactivation,1,MZSAC_INVENTORY,POSITIVE_LANDSLIDE
LS-POS-0407,2023-08-22,23.6785,92.9497,868.2,41.22,110.2,Mizoram,Aizawl,Mizoram Aizawl Anticlinal Ridges (NH-54),VAL,Anticlinal Siltstone,Urban Cut Surcharge,1,GSI_NLSM,POSITIVE_LANDSLIDE
LS-POS-0408,2023-08-22,23.6621,92.7734,718.9,27.43,48.7,Mizoram,Serchhip,Mizoram Aizawl Anticlinal Ridges (NH-54),VAL,Surma Sandstone & Shale,Urban Cut Surcharge,1,MZSAC_INVENTORY,POSITIVE_LANDSLIDE
LS-POS-0409,2023-10-04,23.6741,92.7437,632.0,27.33,212.3,Mizoram,Kolasib,Mizoram Aizawl Anticlinal Ridges (NH-54),VAL,Surma Sandstone & Shale,Urban Cut Surcharge,1,GSI_NLSM,POSITIVE_LANDSLIDE
LS-POS-0410,2023-08-22,23.819,92.8374,1277.0,38.15,164.4,Mizoram,Aizawl,Mizoram Aizawl Anticlinal Ridges (NH-54),VAL,Surma Sandstone & Shale,Hunthar Slump Reactivation,1,GSI_NLSM,POSITIVE_LANDSLIDE
LS-POS-0411,2023-10-04,23.8622,92.7668,793.9,38.34,187.5,Mizoram,Serchhip,Mizoram Aizawl Anticlinal Ridges (NH-54),VAL,Anticlinal Siltstone,Cyclonic Torrential Downpour,1,GSI_NLSM,POSITIVE_LANDSLIDE
LS-POS-0412,2023-07-14,23.7135,92.9487,1365.6,39.34,59.4,Mizoram,Aizawl,Mizoram Aizawl Anticlinal Ridges (NH-54),VAL,Anticlinal Siltstone,Cyclonic Torrential Downpour,1,GSI_NLSM,POSITIVE_LANDSLIDE
LS-POS-0413,2023-06-29,23.7864,92.8524,1134.9,34.09,59.7,Mizoram,Serchhip,Mizoram Aizawl Anticlinal Ridges (NH-54),VAL,Clayey Residual Soil,Hunthar Slump Reactivation,1,MZSAC_INVENTORY,POSITIVE_LANDSLIDE
LS-POS-0414,2023-10-04,23.8433,92.9423,673.0,37.54,235.4,Mizoram,Aizawl,Mizoram Aizawl Anticlinal Ridges (NH-54),VAL,Clayey Residual Soil,Hunthar Slump Reactivation,1,GSI_NLSM,POSITIVE_LANDSLIDE
LS-POS-0415,2023-08-22,23.7866,92.8503,1256.4,30.22,167.5,Mizoram,Kolasib,Mizoram Aizawl Anticlinal Ridges (NH-54),VAL,Surma Sandstone & Shale,Urban Cut Surcharge,1,GSI_NLSM,POSITIVE_LANDSLIDE
LS-POS-0416,2023-07-14,23.7865,92.8557,1311.8,39.14,199.6,Mizoram,Kolasib,Mizoram Aizawl Anticlinal Ridges (NH-54),VAL,Anticlinal Siltstone,Hunthar Slump Reactivation,1,GSI_NLSM,POSITIVE_LANDSLIDE
LS-POS-0417,2023-07-14,23.7331,92.9264,1063.2,38.26,67.8,Mizoram,Serchhip,Mizoram Aizawl Anticlinal Ridges (NH-54),VAL,Anticlinal Siltstone,Hunthar Slump Reactivation,1,MZSAC_INVENTORY,POSITIVE_LANDSLIDE
LS-POS-0418,2023-10-04,23.8321,92.9143,1291.0,39.52,98.1,Mizoram,Serchhip,Mizoram Aizawl Anticlinal Ridges (NH-54),VAL,Surma Sandstone & Shale,Urban Cut Surcharge,1,GSI_NLSM,POSITIVE_LANDSLIDE
LS-POS-0419,2023-08-22,23.8712,92.736,1230.0,45.95,307.8,Mizoram,Aizawl,Mizoram Aizawl Anticlinal Ridges (NH-54),VAL,Anticlinal Siltstone,Hunthar Slump Reactivation,1,GSI_NLSM,POSITIVE_LANDSLIDE
LS-POS-0420,2023-06-29,23.7895,92.9042,667.4,33.37,225.7,Mizoram,Serchhip,Mizoram Aizawl Anticlinal Ridges (NH-54),VAL,Surma Sandstone & Shale,Urban Cut Surcharge,1,MZSAC_INVENTORY,POSITIVE_LANDSLIDE
NON-LS-BG-0421,2023-07-14,23.8156,92.8868,806.5,4.02,26.9,Mizoram,Serchhip,Mizoram Aizawl Anticlinal Ridges (NH-54),VAL,Anticlinal Siltstone,None (Stable Terrain),0,STABLE_REFERENCE,BACKGROUND_STABLE
NON-LS-BG-0422,2023-10-04,23.9456,92.6998,581.4,41.5,79.1,Mizoram,Serchhip,Mizoram Aizawl Anticlinal Ridges (NH-54),VAL,Clayey Residual Soil,None (Stable Steep Terrain),0,STABLE_REFERENCE,STEEP_STABLE
NON-LS-BG-0423,2023-10-04,23.6562,92.898,768.7,6.24,52.9,Mizoram,Aizawl,Mizoram Aizawl Anticlinal Ridges (NH-54),VAL,Surma Sandstone & Shale,None (Stable Terrain),0,STABLE_REFERENCE,BACKGROUND_STABLE
NON-LS-BG-0424,2023-03-15,23.7954,92.7407,916.3,11.65,112.2,Mizoram,Aizawl,Mizoram Aizawl Anticlinal Ridges (NH-54),VAL,Anticlinal Siltstone,None (Stable Terrain),0,STABLE_REFERENCE,BACKGROUND_STABLE
NON-LS-BG-0425,2023-08-22,23.6509,92.7023,1149.1,7.3,20.5,Mizoram,Serchhip,Mizoram Aizawl Anticlinal Ridges (NH-54),VAL,Clayey Residual Soil,None (Stable Terrain),0,STABLE_REFERENCE,BACKGROUND_STABLE
NON-LS-BG-0426,2023-11-18,23.7756,92.7875,1036.9,28.38,16.2,Mizoram,Serchhip,Mizoram Aizawl Anticlinal Ridges (NH-54),VAL,Surma Sandstone & Shale,None (Stable Steep Terrain),0,STABLE_REFERENCE,STEEP_STABLE
NON-LS-BG-0427,2023-06-29,23.6879,92.8188,1066.8,40.15,267.0,Mizoram,Kolasib,Mizoram Aizawl Anticlinal Ridges (NH-54),VAL,Clayey Residual Soil,None (Stable Steep Terrain),0,STABLE_REFERENCE,STEEP_STABLE
NON-LS-BG-0428,2023-08-22,23.7978,92.795,1121.3,26.59,163.4,Mizoram,Serchhip,Mizoram Aizawl Anticlinal Ridges (NH-54),VAL,Anticlinal Siltstone,None (Stable Steep Terrain),0,STABLE_REFERENCE,STEEP_STABLE
NON-LS-BG-0429,2023-08-22,23.7026,92.8203,928.2,7.88,335.6,Mizoram,Serchhip,Mizoram Aizawl Anticlinal Ridges (NH-54),VAL,Anticlinal Siltstone,None (Stable Terrain),0,STABLE_REFERENCE,BACKGROUND_STABLE
NON-LS-BG-0430,2023-10-04,23.6895,92.9064,619.3,12.25,102.9,Mizoram,Serchhip,Mizoram Aizawl Anticlinal Ridges (NH-54),VAL,Surma Sandstone & Shale,None (Stable Terrain),0,STABLE_REFERENCE,BACKGROUND_STABLE
NON-LS-BG-0431,2023-11-18,23.9281,92.941,922.2,33.21,121.5,Mizoram,Kolasib,Mizoram Aizawl Anticlinal Ridges (NH-54),VAL,Clayey Residual Soil,None (Stable Steep Terrain),0,STABLE_REFERENCE,STEEP_STABLE
NON-LS-BG-0432,2023-06-29,23.8688,92.822,747.9,43.7,314.7,Mizoram,Serchhip,Mizoram Aizawl Anticlinal Ridges (NH-54),VAL,Surma Sandstone & Shale,None (Stable Steep Terrain),0,STABLE_REFERENCE,STEEP_STABLE
NON-LS-BG-0433,2023-01-10,23.7249,92.729,496.5,12.45,83.5,Mizoram,Kolasib,Mizoram Aizawl Anticlinal Ridges (NH-54),VAL,Surma Sandstone & Shale,None (Stable Terrain),0,STABLE_REFERENCE,BACKGROUND_STABLE
NON-LS-BG-0434,2023-07-14,23.7296,92.8163,644.8,5.53,219.6,Mizoram,Kolasib,Mizoram Aizawl Anticlinal Ridges (NH-54),VAL,Clayey Residual Soil,None (Stable Terrain),0,STABLE_REFERENCE,BACKGROUND_STABLE
NON-LS-BG-0435,2023-11-18,23.827,92.6519,1072.3,34.84,214.9,Mizoram,Serchhip,Mizoram Aizawl Anticlinal Ridges (NH-54),VAL,Anticlinal Siltstone,None (Stable Steep Terrain),0,STABLE_REFERENCE,STEEP_STABLE
NON-LS-BG-0436,2023-11-18,23.7694,92.8983,623.3,38.8,221.4,Mizoram,Aizawl,Mizoram Aizawl Anticlinal Ridges (NH-54),VAL,Clayey Residual Soil,None (Stable Steep Terrain),0,STABLE_REFERENCE,STEEP_STABLE
NON-LS-BG-0437,2023-01-10,23.9232,92.803,870.0,2.6,302.1,Mizoram,Kolasib,Mizoram Aizawl Anticlinal Ridges (NH-54),VAL,Surma Sandstone & Shale,None (Stable Terrain),0,STABLE_REFERENCE,BACKGROUND_STABLE
NON-LS-BG-0438,2023-11-18,23.7847,92.7212,533.0,41.75,62.5,Mizoram,Kolasib,Mizoram Aizawl Anticlinal Ridges (NH-54),VAL,Surma Sandstone & Shale,None (Stable Steep Terrain),0,STABLE_REFERENCE,STEEP_STABLE
NON-LS-BG-0439,2023-03-15,23.6876,92.8818,672.8,10.13,23.8,Mizoram,Aizawl,Mizoram Aizawl Anticlinal Ridges (NH-54),VAL,Clayey Residual Soil,None (Stable Terrain),0,STABLE_REFERENCE,BACKGROUND_STABLE
NON-LS-BG-0440,2023-06-29,23.6557,92.8981,887.5,43.89,119.6,Mizoram,Serchhip,Mizoram Aizawl Anticlinal Ridges (NH-54),VAL,Clayey Residual Soil,None (Stable Steep Terrain),0,STABLE_REFERENCE,STEEP_STABLE
NON-LS-BG-0441,2023-10-04,23.7381,92.6624,971.3,42.49,305.3,Mizoram,Kolasib,Mizoram Aizawl Anticlinal Ridges (NH-54),VAL,Clayey Residual Soil,None (Stable Steep Terrain),0,STABLE_REFERENCE,STEEP_STABLE
NON-LS-BG-0442,2023-07-14,23.9341,92.9155,1047.3,5.33,257.8,Mizoram,Serchhip,Mizoram Aizawl Anticlinal Ridges (NH-54),VAL,Anticlinal Siltstone,None (Stable Terrain),0,STABLE_REFERENCE,BACKGROUND_STABLE
NON-LS-BG-0443,2023-08-22,23.8619,92.8368,1234.6,25.16,305.8,Mizoram,Serchhip,Mizoram Aizawl Anticlinal Ridges (NH-54),VAL,Anticlinal Siltstone,None (Stable Steep Terrain),0,STABLE_REFERENCE,STEEP_STABLE
NON-LS-BG-0444,2023-07-14,23.9317,92.7858,644.1,3.98,161.6,Mizoram,Serchhip,Mizoram Aizawl Anticlinal Ridges (NH-54),VAL,Clayey Residual Soil,None (Stable Terrain),0,STABLE_REFERENCE,BACKGROUND_STABLE
NON-LS-BG-0445,2023-01-10,23.6515,92.668,1171.0,9.77,41.3,Mizoram,Kolasib,Mizoram Aizawl Anticlinal Ridges (NH-54),VAL,Clayey Residual Soil,None (Stable Terrain),0,STABLE_REFERENCE,BACKGROUND_STABLE
NON-LS-BG-0446,2023-01-10,23.7397,92.6821,824.3,10.76,296.1,Mizoram,Serchhip,Mizoram Aizawl Anticlinal Ridges (NH-54),VAL,Anticlinal Siltstone,None (Stable Terrain),0,STABLE_REFERENCE,BACKGROUND_STABLE
NON-LS-BG-0447,2023-08-22,23.702,92.7957,583.2,10.19,156.2,Mizoram,Kolasib,Mizoram Aizawl Anticlinal Ridges (NH-54),VAL,Anticlinal Siltstone,None (Stable Terrain),0,STABLE_REFERENCE,BACKGROUND_STABLE
NON-LS-BG-0448,2023-08-22,23.814,92.9207,752.6,34.67,204.0,Mizoram,Serchhip,Mizoram Aizawl Anticlinal Ridges (NH-54),VAL,Anticlinal Siltstone,None (Stable Steep Terrain),0,STABLE_REFERENCE,STEEP_STABLE
NON-LS-BG-0449,2023-06-29,23.7699,92.748,504.1,35.65,167.0,Mizoram,Aizawl,Mizoram Aizawl Anticlinal Ridges (NH-54),VAL,Surma Sandstone & Shale,None (Stable Steep Terrain),0,STABLE_REFERENCE,STEEP_STABLE
NON-LS-BG-0450,2023-11-18,23.8285,92.8717,520.2,26.28,202.1,Mizoram,Serchhip,Mizoram Aizawl Anticlinal Ridges (NH-54),VAL,Anticlinal Siltstone,None (Stable Steep Terrain),0,STABLE_REFERENCE,STEEP_STABLE
LS-POS-0451,2024-07-20,24.8239,93.6694,1184.9,30.64,52.4,Manipur,Tamenglong,Manipur Noney Tupul Valley & NH-37,TEST,Disang Shale & Sandstone,Excess Antecedent Saturation,1,NASA_GLC,POSITIVE_LANDSLIDE
LS-POS-0452,2024-07-01,24.9071,93.5873,1341.5,41.49,267.4,Manipur,Noney,Manipur Noney Tupul Valley & NH-37,TEST,Flysch Sequence,River Toe Scour,1,NASA_GLC,POSITIVE_LANDSLIDE
LS-POS-0453,2024-07-01,24.9962,93.6909,830.7,37.25,87.1,Manipur,Imphal West,Manipur Noney Tupul Valley & NH-37,TEST,Disang Shale & Sandstone,Tupul Debris Avalanche,1,NASA_GLC,POSITIVE_LANDSLIDE
LS-POS-0454,2024-08-10,25.0004,93.6433,1280.3,41.31,148.8,Manipur,Tamenglong,Manipur Noney Tupul Valley & NH-37,TEST,Flysch Sequence,Tupul Debris Avalanche,1,GSI_NLSM,POSITIVE_LANDSLIDE
LS-POS-0455,2024-06-12,24.8877,93.6213,1296.0,32.37,207.5,Manipur,Tamenglong,Manipur Noney Tupul Valley & NH-37,TEST,Colluvial Silt Bed,Tupul Debris Avalanche,1,GSI_NLSM,POSITIVE_LANDSLIDE
LS-POS-0456,2024-08-10,25.0311,93.6247,749.8,43.08,105.5,Manipur,Tamenglong,Manipur Noney Tupul Valley & NH-37,TEST,Colluvial Silt Bed,Tupul Debris Avalanche,1,GSI_NLSM,POSITIVE_LANDSLIDE
LS-POS-0457,2024-07-20,24.8217,93.7049,1168.9,30.88,193.7,Manipur,Imphal West,Manipur Noney Tupul Valley & NH-37,TEST,Disang Shale & Sandstone,Excess Antecedent Saturation,1,GSI_NLSM,POSITIVE_LANDSLIDE
LS-POS-0458,2024-06-12,24.871,93.8335,1201.7,42.24,164.9,Manipur,Noney,Manipur Noney Tupul Valley & NH-37,TEST,Flysch Sequence,Excess Antecedent Saturation,1,NASA_GLC,POSITIVE_LANDSLIDE
LS-POS-0459,2024-07-02,24.975,93.7127,980.2,35.56,52.9,Manipur,Imphal West,Manipur Noney Tupul Valley & NH-37,TEST,Flysch Sequence,River Toe Scour,1,NASA_GLC,POSITIVE_LANDSLIDE
LS-POS-0460,2024-07-02,25.0222,93.5625,726.1,40.37,115.8,Manipur,Tamenglong,Manipur Noney Tupul Valley & NH-37,TEST,Flysch Sequence,Excess Antecedent Saturation,1,NASA_GLC,POSITIVE_LANDSLIDE
LS-POS-0461,2024-07-02,24.8439,93.8346,590.2,39.29,69.7,Manipur,Imphal West,Manipur Noney Tupul Valley & NH-37,TEST,Colluvial Silt Bed,Tupul Debris Avalanche,1,GSI_NLSM,POSITIVE_LANDSLIDE
LS-POS-0462,2024-08-10,24.8444,93.5172,1174.8,37.96,47.2,Manipur,Tamenglong,Manipur Noney Tupul Valley & NH-37,TEST,Flysch Sequence,River Toe Scour,1,GSI_NLSM,POSITIVE_LANDSLIDE
LS-POS-0463,2024-07-01,25.033,93.5949,636.1,45.36,183.8,Manipur,Tamenglong,Manipur Noney Tupul Valley & NH-37,TEST,Colluvial Silt Bed,River Toe Scour,1,GSI_NLSM,POSITIVE_LANDSLIDE
LS-POS-0464,2024-06-12,24.8425,93.7292,810.2,30.79,233.1,Manipur,Imphal West,Manipur Noney Tupul Valley & NH-37,TEST,Colluvial Silt Bed,Excess Antecedent Saturation,1,GSI_NLSM,POSITIVE_LANDSLIDE
LS-POS-0465,2024-07-20,24.8473,93.5936,718.7,47.14,148.2,Manipur,Tamenglong,Manipur Noney Tupul Valley & NH-37,TEST,Flysch Sequence,River Toe Scour,1,GSI_NLSM,POSITIVE_LANDSLIDE
LS-POS-0466,2024-06-12,24.9358,93.6818,1174.2,49.95,127.2,Manipur,Imphal West,Manipur Noney Tupul Valley & NH-37,TEST,Colluvial Silt Bed,Tupul Debris Avalanche,1,NASA_GLC,POSITIVE_LANDSLIDE
LS-POS-0467,2024-07-01,24.8094,93.5263,1259.7,38.4,91.2,Manipur,Imphal West,Manipur Noney Tupul Valley & NH-37,TEST,Colluvial Silt Bed,Tupul Debris Avalanche,1,NASA_GLC,POSITIVE_LANDSLIDE
LS-POS-0468,2024-06-12,24.8754,93.8029,1268.4,31.68,59.1,Manipur,Tamenglong,Manipur Noney Tupul Valley & NH-37,TEST,Colluvial Silt Bed,Excess Antecedent Saturation,1,GSI_NLSM,POSITIVE_LANDSLIDE
LS-POS-0469,2024-06-12,24.7979,93.6342,611.4,34.7,107.5,Manipur,Noney,Manipur Noney Tupul Valley & NH-37,TEST,Disang Shale & Sandstone,River Toe Scour,1,GSI_NLSM,POSITIVE_LANDSLIDE
LS-POS-0470,2024-07-02,25.0105,93.8706,885.7,31.01,52.7,Manipur,Imphal West,Manipur Noney Tupul Valley & NH-37,TEST,Disang Shale & Sandstone,Excess Antecedent Saturation,1,NASA_GLC,POSITIVE_LANDSLIDE
LS-POS-0471,2024-07-01,24.925,93.5045,1179.9,36.13,61.7,Manipur,Tamenglong,Manipur Noney Tupul Valley & NH-37,TEST,Disang Shale & Sandstone,Excess Antecedent Saturation,1,NASA_GLC,POSITIVE_LANDSLIDE
LS-POS-0472,2024-07-20,24.9106,93.7264,1151.2,32.64,160.1,Manipur,Imphal West,Manipur Noney Tupul Valley & NH-37,TEST,Colluvial Silt Bed,Excess Antecedent Saturation,1,NASA_GLC,POSITIVE_LANDSLIDE
LS-POS-0473,2024-07-20,24.9997,93.8223,729.5,34.52,166.5,Manipur,Noney,Manipur Noney Tupul Valley & NH-37,TEST,Disang Shale & Sandstone,River Toe Scour,1,NASA_GLC,POSITIVE_LANDSLIDE
LS-POS-0474,2024-07-20,24.8512,93.8483,616.8,34.22,250.0,Manipur,Tamenglong,Manipur Noney Tupul Valley & NH-37,TEST,Flysch Sequence,Tupul Debris Avalanche,1,NASA_GLC,POSITIVE_LANDSLIDE
LS-POS-0475,2024-08-10,24.9683,93.6938,1105.0,41.06,250.2,Manipur,Noney,Manipur Noney Tupul Valley & NH-37,TEST,Colluvial Silt Bed,Tupul Debris Avalanche,1,NASA_GLC,POSITIVE_LANDSLIDE
LS-POS-0476,2024-07-20,24.7962,93.5597,764.5,37.22,202.9,Manipur,Tamenglong,Manipur Noney Tupul Valley & NH-37,TEST,Colluvial Silt Bed,Tupul Debris Avalanche,1,NASA_GLC,POSITIVE_LANDSLIDE
LS-POS-0477,2024-07-02,24.8513,93.8211,747.2,49.52,156.1,Manipur,Tamenglong,Manipur Noney Tupul Valley & NH-37,TEST,Flysch Sequence,Tupul Debris Avalanche,1,GSI_NLSM,POSITIVE_LANDSLIDE
LS-POS-0478,2024-07-02,24.8222,93.769,1210.9,43.46,142.3,Manipur,Tamenglong,Manipur Noney Tupul Valley & NH-37,TEST,Colluvial Silt Bed,Tupul Debris Avalanche,1,NASA_GLC,POSITIVE_LANDSLIDE
LS-POS-0479,2024-07-02,24.9514,93.6083,615.0,49.85,90.6,Manipur,Tamenglong,Manipur Noney Tupul Valley & NH-37,TEST,Flysch Sequence,Excess Antecedent Saturation,1,NASA_GLC,POSITIVE_LANDSLIDE
LS-POS-0480,2024-07-20,24.8555,93.8047,955.7,42.76,165.5,Manipur,Imphal West,Manipur Noney Tupul Valley & NH-37,TEST,Disang Shale & Sandstone,River Toe Scour,1,GSI_NLSM,POSITIVE_LANDSLIDE
LS-POS-0481,2024-06-12,24.9356,93.7661,950.6,42.9,79.9,Manipur,Imphal West,Manipur Noney Tupul Valley & NH-37,TEST,Disang Shale & Sandstone,Excess Antecedent Saturation,1,GSI_NLSM,POSITIVE_LANDSLIDE
LS-POS-0482,2024-06-12,24.7799,93.7413,968.9,35.07,221.1,Manipur,Noney,Manipur Noney Tupul Valley & NH-37,TEST,Disang Shale & Sandstone,Excess Antecedent Saturation,1,NASA_GLC,POSITIVE_LANDSLIDE
LS-POS-0483,2024-07-01,24.9843,93.8166,1032.0,40.23,226.9,Manipur,Imphal West,Manipur Noney Tupul Valley & NH-37,TEST,Colluvial Silt Bed,Excess Antecedent Saturation,1,NASA_GLC,POSITIVE_LANDSLIDE
LS-POS-0484,2024-07-20,25.0041,93.6297,1091.2,41.88,119.5,Manipur,Tamenglong,Manipur Noney Tupul Valley & NH-37,TEST,Disang Shale & Sandstone,River Toe Scour,1,NASA_GLC,POSITIVE_LANDSLIDE
LS-POS-0485,2024-08-10,24.9806,93.5905,1103.9,34.67,220.6,Manipur,Noney,Manipur Noney Tupul Valley & NH-37,TEST,Disang Shale & Sandstone,River Toe Scour,1,NASA_GLC,POSITIVE_LANDSLIDE
NON-LS-BG-0486,2024-07-20,24.8137,93.5488,983.6,37.45,119.5,Manipur,Tamenglong,Manipur Noney Tupul Valley & NH-37,TEST,Colluvial Silt Bed,None (Stable Steep Terrain),0,STABLE_REFERENCE,STEEP_STABLE
NON-LS-BG-0487,2024-07-20,24.8896,93.5055,503.2,38.98,260.7,Manipur,Imphal West,Manipur Noney Tupul Valley & NH-37,TEST,Colluvial Silt Bed,None (Stable Steep Terrain),0,STABLE_REFERENCE,STEEP_STABLE
NON-LS-BG-0488,2024-08-10,24.8978,93.7534,1064.3,44.05,8.9,Manipur,Imphal West,Manipur Noney Tupul Valley & NH-37,TEST,Disang Shale & Sandstone,None (Stable Steep Terrain),0,STABLE_REFERENCE,STEEP_STABLE
NON-LS-BG-0489,2024-07-20,24.8588,93.7187,1090.9,4.09,356.9,Manipur,Tamenglong,Manipur Noney Tupul Valley & NH-37,TEST,Colluvial Silt Bed,None (Stable Terrain),0,STABLE_REFERENCE,BACKGROUND_STABLE
NON-LS-BG-0490,2024-08-10,25.0483,93.7422,678.6,46.66,97.9,Manipur,Tamenglong,Manipur Noney Tupul Valley & NH-37,TEST,Colluvial Silt Bed,None (Stable Steep Terrain),0,STABLE_REFERENCE,STEEP_STABLE
NON-LS-BG-0491,2024-02-20,24.9401,93.7374,452.6,11.61,123.4,Manipur,Noney,Manipur Noney Tupul Valley & NH-37,TEST,Disang Shale & Sandstone,None (Stable Terrain),0,STABLE_REFERENCE,BACKGROUND_STABLE
NON-LS-BG-0492,2024-07-20,24.7904,93.5378,1084.4,27.95,232.2,Manipur,Tamenglong,Manipur Noney Tupul Valley & NH-37,TEST,Disang Shale & Sandstone,None (Stable Steep Terrain),0,STABLE_REFERENCE,STEEP_STABLE
NON-LS-BG-0493,2024-08-10,24.8365,93.6195,1130.7,30.3,344.7,Manipur,Imphal West,Manipur Noney Tupul Valley & NH-37,TEST,Disang Shale & Sandstone,None (Stable Steep Terrain),0,STABLE_REFERENCE,STEEP_STABLE
NON-LS-BG-0494,2024-04-12,24.9197,93.7058,505.9,9.36,81.3,Manipur,Tamenglong,Manipur Noney Tupul Valley & NH-37,TEST,Colluvial Silt Bed,None (Stable Terrain),0,STABLE_REFERENCE,BACKGROUND_STABLE
NON-LS-BG-0495,2024-02-20,24.867,93.692,547.0,3.51,191.5,Manipur,Imphal West,Manipur Noney Tupul Valley & NH-37,TEST,Flysch Sequence,None (Stable Terrain),0,STABLE_REFERENCE,BACKGROUND_STABLE
NON-LS-BG-0496,2024-06-12,25.0121,93.8982,891.6,12.66,176.1,Manipur,Tamenglong,Manipur Noney Tupul Valley & NH-37,TEST,Disang Shale & Sandstone,None (Stable Terrain),0,STABLE_REFERENCE,BACKGROUND_STABLE
NON-LS-BG-0497,2024-07-20,25.0079,93.7369,978.4,40.16,206.2,Manipur,Imphal West,Manipur Noney Tupul Valley & NH-37,TEST,Disang Shale & Sandstone,None (Stable Steep Terrain),0,STABLE_REFERENCE,STEEP_STABLE
NON-LS-BG-0498,2024-02-20,24.827,93.8216,770.1,14.93,9.2,Manipur,Imphal West,Manipur Noney Tupul Valley & NH-37,TEST,Disang Shale & Sandstone,None (Stable Terrain),0,STABLE_REFERENCE,BACKGROUND_STABLE
NON-LS-BG-0499,2024-07-01,24.9351,93.84,592.1,28.05,107.3,Manipur,Tamenglong,Manipur Noney Tupul Valley & NH-37,TEST,Colluvial Silt Bed,None (Stable Steep Terrain),0,STABLE_REFERENCE,STEEP_STABLE
NON-LS-BG-0500,2024-07-02,24.8334,93.8086,945.2,30.15,229.6,Manipur,Imphal West,Manipur Noney Tupul Valley & NH-37,TEST,Flysch Sequence,None (Stable Steep Terrain),0,STABLE_REFERENCE,STEEP_STABLE
NON-LS-BG-0501,2024-04-12,24.996,93.5166,826.1,11.12,323.3,Manipur,Tamenglong,Manipur Noney Tupul Valley & NH-37,TEST,Colluvial Silt Bed,None (Stable Terrain),0,STABLE_REFERENCE,BACKGROUND_STABLE
NON-LS-BG-0502,2024-06-12,24.993,93.7333,1005.9,7.06,252.2,Manipur,Imphal West,Manipur Noney Tupul Valley & NH-37,TEST,Flysch Sequence,None (Stable Terrain),0,STABLE_REFERENCE,BACKGROUND_STABLE
NON-LS-BG-0503,2024-02-20,24.9811,93.6349,1169.7,9.12,252.8,Manipur,Noney,Manipur Noney Tupul Valley & NH-37,TEST,Disang Shale & Sandstone,None (Stable Terrain),0,STABLE_REFERENCE,BACKGROUND_STABLE
NON-LS-BG-0504,2024-06-12,24.8494,93.7703,746.9,11.95,90.3,Manipur,Tamenglong,Manipur Noney Tupul Valley & NH-37,TEST,Colluvial Silt Bed,None (Stable Terrain),0,STABLE_REFERENCE,BACKGROUND_STABLE
NON-LS-BG-0505,2024-07-20,25.0408,93.6511,488.1,6.74,359.2,Manipur,Tamenglong,Manipur Noney Tupul Valley & NH-37,TEST,Colluvial Silt Bed,None (Stable Terrain),0,STABLE_REFERENCE,BACKGROUND_STABLE
NON-LS-BG-0506,2024-07-02,24.8855,93.6419,750.5,38.22,237.5,Manipur,Noney,Manipur Noney Tupul Valley & NH-37,TEST,Flysch Sequence,None (Stable Steep Terrain),0,STABLE_REFERENCE,STEEP_STABLE
NON-LS-BG-0507,2024-04-12,24.8826,93.7593,487.6,12.67,71.2,Manipur,Tamenglong,Manipur Noney Tupul Valley & NH-37,TEST,Flysch Sequence,None (Stable Terrain),0,STABLE_REFERENCE,BACKGROUND_STABLE
NON-LS-BG-0508,2024-08-10,24.8042,93.605,847.1,28.9,243.2,Manipur,Imphal West,Manipur Noney Tupul Valley & NH-37,TEST,Disang Shale & Sandstone,None (Stable Steep Terrain),0,STABLE_REFERENCE,STEEP_STABLE
NON-LS-BG-0509,2024-08-10,24.7614,93.748,981.1,42.99,207.7,Manipur,Imphal West,Manipur Noney Tupul Valley & NH-37,TEST,Colluvial Silt Bed,None (Stable Steep Terrain),0,STABLE_REFERENCE,STEEP_STABLE
NON-LS-BG-0510,2024-07-02,24.9121,93.5317,878.5,44.71,155.8,Manipur,Tamenglong,Manipur Noney Tupul Valley & NH-37,TEST,Disang Shale & Sandstone,None (Stable Steep Terrain),0,STABLE_REFERENCE,STEEP_STABLE
NON-LS-BG-0511,2024-04-12,24.9287,93.5322,1168.2,11.94,113.4,Manipur,Imphal West,Manipur Noney Tupul Valley & NH-37,TEST,Disang Shale & Sandstone,None (Stable Terrain),0,STABLE_REFERENCE,BACKGROUND_STABLE
NON-LS-BG-0512,2024-02-20,24.9874,93.8663,718.8,6.34,315.0,Manipur,Imphal West,Manipur Noney Tupul Valley & NH-37,TEST,Flysch Sequence,None (Stable Terrain),0,STABLE_REFERENCE,BACKGROUND_STABLE
NON-LS-BG-0513,2024-08-10,25.0413,93.5709,999.6,25.77,3.8,Manipur,Tamenglong,Manipur Noney Tupul Valley & NH-37,TEST,Flysch Sequence,None (Stable Steep Terrain),0,STABLE_REFERENCE,STEEP_STABLE
NON-LS-BG-0514,2024-08-10,24.9858,93.7472,704.9,37.25,158.3,Manipur,Imphal West,Manipur Noney Tupul Valley & NH-37,TEST,Disang Shale & Sandstone,None (Stable Steep Terrain),0,STABLE_REFERENCE,STEEP_STABLE
NON-LS-BG-0515,2024-08-10,24.9432,93.6524,482.3,43.33,326.0,Manipur,Imphal West,Manipur Noney Tupul Valley & NH-37,TEST,Colluvial Silt Bed,None (Stable Steep Terrain),0,STABLE_REFERENCE,STEEP_STABLE
NON-LS-BG-0516,2024-04-12,25.0006,93.5788,781.9,4.99,78.5,Manipur,Noney,Manipur Noney Tupul Valley & NH-37,TEST,Colluvial Silt Bed,None (Stable Terrain),0,STABLE_REFERENCE,BACKGROUND_STABLE
NON-LS-BG-0517,2024-07-20,25.0306,93.6864,785.2,2.68,149.4,Manipur,Imphal West,Manipur Noney Tupul Valley & NH-37,TEST,Flysch Sequence,None (Stable Terrain),0,STABLE_REFERENCE,BACKGROUND_STABLE
NON-LS-BG-0518,2024-02-20,24.7543,93.6913,456.3,12.75,188.4,Manipur,Noney,Manipur Noney Tupul Valley & NH-37,TEST,Flysch Sequence,None (Stable Terrain),0,STABLE_REFERENCE,BACKGROUND_STABLE
NON-LS-BG-0519,2024-07-20,24.774,93.6767,566.6,4.81,143.2,Manipur,Noney,Manipur Noney Tupul Valley & NH-37,TEST,Flysch Sequence,None (Stable Terrain),0,STABLE_REFERENCE,BACKGROUND_STABLE
NON-LS-BG-0520,2024-08-10,24.9035,93.6933,736.7,47.43,199.2,Manipur,Imphal West,Manipur Noney Tupul Valley & NH-37,TEST,Flysch Sequence,None (Stable Steep Terrain),0,STABLE_REFERENCE,STEEP_STABLE
LS-POS-0486,2021-07-28,27.3942,88.5107,1810.9,44.95,328.2,Sikkim,West Sikkim,Sikkim & NH-10 Corridor,TRAIN,Granite Gneiss,Monsoon Cloudburst,1,ISRO_ATLAS,POSITIVE_LANDSLIDE
LS-POS-0487,2021-08-14,27.6628,88.4884,2208.5,43.25,303.1,Sikkim,Kalimpong,Sikkim & NH-10 Corridor,TRAIN,Granite Gneiss,Prolonged Downpour,1,NASA_GLC,POSITIVE_LANDSLIDE
LS-POS-0488,2020-06-25,27.6705,88.2996,1966.7,46.55,49.0,Sikkim,South Sikkim,Sikkim & NH-10 Corridor,TRAIN,Granite Gneiss,High Intensity Rain,1,NASA_GLC,POSITIVE_LANDSLIDE
LS-POS-0489,2020-06-25,27.5626,88.2682,2031.1,44.67,333.2,Sikkim,South Sikkim,Sikkim & NH-10 Corridor,TRAIN,Granite Gneiss,Prolonged Downpour,1,NASA_GLC,POSITIVE_LANDSLIDE
LS-POS-0490,2018-08-18,27.1164,88.3081,1161.8,45.38,25.2,Sikkim,North Sikkim,Sikkim & NH-10 Corridor,TRAIN,Schist & Phyllite,Prolonged Downpour,1,ISRO_ATLAS,POSITIVE_LANDSLIDE
LS-POS-0491,2020-08-11,27.127,88.3251,1089.8,40.08,193.7,Sikkim,South Sikkim,Sikkim & NH-10 Corridor,TRAIN,Quartzite Schist,Monsoon Cloudburst,1,ISRO_ATLAS,POSITIVE_LANDSLIDE
LS-POS-0492,2020-09-22,27.4203,88.3477,1681.3,37.32,299.5,Sikkim,South Sikkim,Sikkim & NH-10 Corridor,TRAIN,Disang Shale,High Intensity Rain,1,STABLE_REFERENCE,POSITIVE_LANDSLIDE
LS-POS-0493,2018-06-14,27.5055,88.4392,1884.1,42.53,65.4,Sikkim,East Sikkim,Sikkim & NH-10 Corridor,TRAIN,Granite Gneiss,Monsoon Cloudburst,1,STABLE_REFERENCE,POSITIVE_LANDSLIDE
LS-POS-0494,2018-07-22,26.9343,88.5518,1065.0,47.01,187.1,Sikkim,West Sikkim,Sikkim & NH-10 Corridor,TRAIN,Disang Shale,Prolonged Downpour,1,ISRO_ATLAS,POSITIVE_LANDSLIDE
LS-POS-0495,2021-06-25,27.2388,88.4746,1341.5,35.47,60.8,Sikkim,Kalimpong,Sikkim & NH-10 Corridor,TRAIN,Quartzite Schist,Monsoon Cloudburst,1,ISRO_ATLAS,POSITIVE_LANDSLIDE
LS-POS-0496,2021-06-25,27.3552,88.4698,891.9,37.44,292.8,Sikkim,West Sikkim,Sikkim & NH-10 Corridor,TRAIN,Granite Gneiss,High Intensity Rain,1,STABLE_REFERENCE,POSITIVE_LANDSLIDE
LS-POS-0497,2022-07-19,27.2552,88.3047,2111.6,40.7,315.4,Sikkim,East Sikkim,Sikkim & NH-10 Corridor,TRAIN,Quartzite Schist,High Intensity Rain,1,STABLE_REFERENCE,POSITIVE_LANDSLIDE
LS-POS-0498,2019-06-28,27.1762,88.2571,841.0,33.65,208.8,Sikkim,South Sikkim,Sikkim & NH-10 Corridor,TRAIN,Quartzite Schist,Prolonged Downpour,1,STABLE_REFERENCE,POSITIVE_LANDSLIDE
LS-POS-0499,2022-08-05,27.381,88.6031,941.2,34.88,17.9,Sikkim,West Sikkim,Sikkim & NH-10 Corridor,TRAIN,Disang Shale,Prolonged Downpour,1,STABLE_REFERENCE,POSITIVE_LANDSLIDE
LS-POS-0500,2022-07-19,27.1895,88.3236,1710.6,41.48,326.7,Sikkim,North Sikkim,Sikkim & NH-10 Corridor,TRAIN,Quartzite Schist,Monsoon Cloudburst,1,NASA_GLC,POSITIVE_LANDSLIDE
NON-LS-BG-0521,2021-08-14,27.6844,88.4257,2299.7,44.92,23.4,Sikkim,Kalimpong,Sikkim & NH-10 Corridor,TRAIN,Granite Gneiss,None (Stable Steep Terrain),0,STABLE_REFERENCE,STEEP_STABLE
NON-LS-BG-0522,2022-05-18,27.281,88.145,1432.6,43.11,42.2,Sikkim,Kalimpong,Sikkim & NH-10 Corridor,TRAIN,Granite Gneiss,None (Stable Steep Terrain),0,STABLE_REFERENCE,STEEP_STABLE
NON-LS-BG-0523,2021-07-28,27.5591,88.2034,1455.5,30.44,326.8,Sikkim,East Sikkim,Sikkim & NH-10 Corridor,TRAIN,Granite Gneiss,None (Stable Steep Terrain),0,STABLE_REFERENCE,STEEP_STABLE
NON-LS-BG-0524,2022-08-05,27.3647,88.3865,641.3,41.18,254.1,Sikkim,West Sikkim,Sikkim & NH-10 Corridor,TRAIN,Schist & Phyllite,None (Stable Steep Terrain),0,STABLE_REFERENCE,STEEP_STABLE
NON-LS-BG-0525,2022-07-19,27.5903,88.6283,1469.1,39.95,203.8,Sikkim,East Sikkim,Sikkim & NH-10 Corridor,TRAIN,Granite Gneiss,None (Stable Steep Terrain),0,STABLE_REFERENCE,STEEP_STABLE
NON-LS-BG-0526,2021-09-02,27.2894,88.4181,1478.9,42.25,146.3,Sikkim,South Sikkim,Sikkim & NH-10 Corridor,TRAIN,Disang Shale,None (Stable Steep Terrain),0,STABLE_REFERENCE,STEEP_STABLE
NON-LS-BG-0527,2021-11-05,27.445,88.5081,1111.9,33.97,50.0,Sikkim,East Sikkim,Sikkim & NH-10 Corridor,TRAIN,Schist & Phyllite,None (Stable Steep Terrain),0,STABLE_REFERENCE,STEEP_STABLE
NON-LS-BG-0528,2018-08-18,26.9565,88.2542,2186.8,28.42,22.7,Sikkim,South Sikkim,Sikkim & NH-10 Corridor,TRAIN,Quartzite Schist,None (Stable Steep Terrain),0,STABLE_REFERENCE,STEEP_STABLE
NON-LS-BG-0529,2019-09-15,27.1764,88.2122,827.9,29.54,129.4,Sikkim,East Sikkim,Sikkim & NH-10 Corridor,TRAIN,Disang Shale,None (Stable Steep Terrain),0,STABLE_REFERENCE,STEEP_STABLE
NON-LS-BG-0530,2018-06-14,27.2899,88.1778,2364.7,30.28,25.5,Sikkim,Kalimpong,Sikkim & NH-10 Corridor,TRAIN,Disang Shale,None (Stable Steep Terrain),0,STABLE_REFERENCE,STEEP_STABLE
NON-LS-BG-0531,2022-07-19,27.2707,88.283,1656.7,33.31,269.2,Sikkim,North Sikkim,Sikkim & NH-10 Corridor,TRAIN,Quartzite Schist,None (Stable Steep Terrain),0,STABLE_REFERENCE,STEEP_STABLE
NON-LS-BG-0532,2022-07-19,27.531,88.405,888.7,31.09,20.5,Sikkim,South Sikkim,Sikkim & NH-10 Corridor,TRAIN,Granite Gneiss,None (Stable Steep Terrain),0,STABLE_REFERENCE,STEEP_STABLE
NON-LS-BG-0533,2022-03-30,27.388,88.3153,1702.0,37.77,344.5,Sikkim,East Sikkim,Sikkim & NH-10 Corridor,TRAIN,Quartzite Schist,None (Stable Steep Terrain),0,STABLE_REFERENCE,STEEP_STABLE
NON-LS-BG-0534,2020-07-10,27.5009,88.4206,1621.9,33.45,53.3,Sikkim,South Sikkim,Sikkim & NH-10 Corridor,TRAIN,Schist & Phyllite,None (Stable Steep Terrain),0,STABLE_REFERENCE,STEEP_STABLE
NON-LS-BG-0535,2021-06-25,27.1898,88.5302,1267.8,32.22,247.5,Sikkim,Kalimpong,Sikkim & NH-10 Corridor,TRAIN,Quartzite Schist,None (Stable Steep Terrain),0,STABLE_REFERENCE,STEEP_STABLE
LS-POS-0501,2020-07-10,25.3441,91.9879,1141.0,34.34,63.6,Meghalaya,East Jaintia Hills,Meghalaya Southern Escarpment & NH-6,TRAIN,Sandstone & Shale,Monsoon Cloudburst,1,GSI_NLSM,POSITIVE_LANDSLIDE
LS-POS-0502,2019-08-08,25.4396,92.0911,1051.0,43.01,63.1,Meghalaya,West Jaintia Hills,Meghalaya Southern Escarpment & NH-6,TRAIN,Limestone Karst,Prolonged Downpour,1,GSI_NLSM,POSITIVE_LANDSLIDE
LS-POS-0503,2019-01-18,25.3017,91.8045,1065.4,30.82,153.0,Meghalaya,East Khasi Hills,Meghalaya Southern Escarpment & NH-6,TRAIN,Silty Clay Loam Bedrock,Monsoon Cloudburst,1,STABLE_REFERENCE,POSITIVE_LANDSLIDE
LS-POS-0504,2021-06-25,25.3311,92.17,1345.5,42.91,190.0,Meghalaya,East Jaintia Hills,Meghalaya Southern Escarpment & NH-6,TRAIN,Silty Clay Loam Bedrock,Prolonged Downpour,1,ISRO_ATLAS,POSITIVE_LANDSLIDE
LS-POS-0505,2021-09-02,25.4485,91.6156,932.9,46.36,8.4,Meghalaya,West Jaintia Hills,Meghalaya Southern Escarpment & NH-6,TRAIN,Sandstone & Shale,High Intensity Rain,1,GSI_NLSM,POSITIVE_LANDSLIDE
LS-POS-0506,2019-09-15,25.156,92.1158,1722.3,39.26,234.9,Meghalaya,West Jaintia Hills,Meghalaya Southern Escarpment & NH-6,TRAIN,Limestone Karst,Monsoon Cloudburst,1,STABLE_REFERENCE,POSITIVE_LANDSLIDE
LS-POS-0507,2019-06-28,25.3199,91.5929,1900.0,44.14,118.2,Meghalaya,East Jaintia Hills,Meghalaya Southern Escarpment & NH-6,TRAIN,Sandstone & Shale,High Intensity Rain,1,GSI_NLSM,POSITIVE_LANDSLIDE
LS-POS-0508,2022-09-15,25.0983,91.9721,1419.7,30.22,26.4,Meghalaya,East Khasi Hills,Meghalaya Southern Escarpment & NH-6,TRAIN,Limestone Karst,Monsoon Cloudburst,1,ISRO_ATLAS,POSITIVE_LANDSLIDE
LS-POS-0509,2019-01-18,25.4052,91.5746,1048.6,51.71,20.1,Meghalaya,West Jaintia Hills,Meghalaya Southern Escarpment & NH-6,TRAIN,Sandstone & Shale,Prolonged Downpour,1,STABLE_REFERENCE,POSITIVE_LANDSLIDE
LS-POS-0510,2020-07-10,25.2819,91.9615,1187.7,50.16,314.0,Meghalaya,East Jaintia Hills,Meghalaya Southern Escarpment & NH-6,TRAIN,Sandstone & Shale,Monsoon Cloudburst,1,GSI_NLSM,POSITIVE_LANDSLIDE
NON-LS-BG-0536,2021-08-14,25.5237,91.7487,1398.3,31.55,0.1,Meghalaya,West Jaintia Hills,Meghalaya Southern Escarpment & NH-6,TRAIN,Sandstone & Shale,None (Stable Steep Terrain),0,STABLE_REFERENCE,STEEP_STABLE
NON-LS-BG-0537,2018-07-22,25.573,92.3304,1344.4,31.88,160.0,Meghalaya,East Jaintia Hills,Meghalaya Southern Escarpment & NH-6,TRAIN,Sandstone & Shale,None (Stable Steep Terrain),0,STABLE_REFERENCE,STEEP_STABLE
NON-LS-BG-0538,2019-06-28,25.3054,91.5128,1837.4,32.94,217.2,Meghalaya,East Jaintia Hills,Meghalaya Southern Escarpment & NH-6,TRAIN,Sandstone & Shale,None (Stable Steep Terrain),0,STABLE_REFERENCE,STEEP_STABLE
NON-LS-BG-0539,2020-11-12,25.3677,91.4551,1226.5,37.45,201.0,Meghalaya,East Khasi Hills,Meghalaya Southern Escarpment & NH-6,TRAIN,Sandstone & Shale,None (Stable Steep Terrain),0,STABLE_REFERENCE,STEEP_STABLE
NON-LS-BG-0540,2021-06-25,25.5403,92.1011,936.6,34.45,39.2,Meghalaya,East Jaintia Hills,Meghalaya Southern Escarpment & NH-6,TRAIN,Limestone Karst,None (Stable Steep Terrain),0,STABLE_REFERENCE,STEEP_STABLE
NON-LS-BG-0541,2022-08-05,25.2334,92.0633,866.0,40.98,33.9,Meghalaya,East Jaintia Hills,Meghalaya Southern Escarpment & NH-6,TRAIN,Sandstone & Shale,None (Stable Steep Terrain),0,STABLE_REFERENCE,STEEP_STABLE
NON-LS-BG-0542,2022-08-05,25.5349,91.8036,1350.2,32.05,51.9,Meghalaya,East Jaintia Hills,Meghalaya Southern Escarpment & NH-6,TRAIN,Sandstone & Shale,None (Stable Steep Terrain),0,STABLE_REFERENCE,STEEP_STABLE
NON-LS-BG-0543,2019-08-08,25.2147,91.8239,830.1,34.29,215.0,Meghalaya,West Jaintia Hills,Meghalaya Southern Escarpment & NH-6,TRAIN,Silty Clay Loam Bedrock,None (Stable Steep Terrain),0,STABLE_REFERENCE,STEEP_STABLE
NON-LS-BG-0544,2021-09-02,25.3516,91.7405,925.6,25.06,59.5,Meghalaya,West Jaintia Hills,Meghalaya Southern Escarpment & NH-6,TRAIN,Sandstone & Shale,None (Stable Steep Terrain),0,STABLE_REFERENCE,STEEP_STABLE
NON-LS-BG-0545,2018-07-22,25.4468,92.0398,1680.0,33.81,327.9,Meghalaya,West Jaintia Hills,Meghalaya Southern Escarpment & NH-6,TRAIN,Silty Clay Loam Bedrock,None (Stable Steep Terrain),0,STABLE_REFERENCE,STEEP_STABLE
LS-POS-0511,2018-08-18,25.175,92.8777,774.6,51.32,42.5,Assam,Dima Hasao,Assam Barail Range & Dima Hasao,TRAIN,Disang Siltstone,Prolonged Downpour,1,STABLE_REFERENCE,POSITIVE_LANDSLIDE
LS-POS-0512,2018-08-18,25.1075,92.8363,850.1,39.89,95.0,Assam,Cachar,Assam Barail Range & Dima Hasao,TRAIN,Tertiary Clay Shale,Prolonged Downpour,1,NDRF_INCIDENTS,POSITIVE_LANDSLIDE
LS-POS-0513,2022-06-18,25.2101,92.9535,856.5,48.87,175.4,Assam,Dima Hasao,Assam Barail Range & Dima Hasao,TRAIN,Tertiary Clay Shale,Prolonged Downpour,1,STABLE_REFERENCE,POSITIVE_LANDSLIDE
LS-POS-0514,2022-05-18,24.9758,93.1559,600.9,37.16,333.8,Assam,Cachar,Assam Barail Range & Dima Hasao,TRAIN,Disang Siltstone,Monsoon Cloudburst,1,NDRF_INCIDENTS,POSITIVE_LANDSLIDE
LS-POS-0515,2019-01-18,25.137,92.9393,845.9,49.9,79.8,Assam,Cachar,Assam Barail Range & Dima Hasao,TRAIN,Disang Siltstone,Prolonged Downpour,1,STABLE_REFERENCE,POSITIVE_LANDSLIDE
LS-POS-0516,2020-08-11,25.0404,93.0345,728.6,30.84,17.7,Assam,Dima Hasao,Assam Barail Range & Dima Hasao,TRAIN,Tertiary Clay Shale,High Intensity Rain,1,STABLE_REFERENCE,POSITIVE_LANDSLIDE
LS-POS-0517,2022-06-18,25.2221,92.9889,449.7,48.53,162.4,Assam,Cachar,Assam Barail Range & Dima Hasao,TRAIN,Disang Siltstone,High Intensity Rain,1,GSI_NLSM,POSITIVE_LANDSLIDE
LS-POS-0518,2018-02-14,25.3095,93.1036,939.2,30.6,217.7,Assam,Cachar,Assam Barail Range & Dima Hasao,TRAIN,Disang Siltstone,Monsoon Cloudburst,1,STABLE_REFERENCE,POSITIVE_LANDSLIDE
LS-POS-0519,2022-07-19,25.2695,92.9868,334.3,48.11,232.2,Assam,Dima Hasao,Assam Barail Range & Dima Hasao,TRAIN,Tertiary Clay Shale,Prolonged Downpour,1,STABLE_REFERENCE,POSITIVE_LANDSLIDE
LS-POS-0520,2019-01-18,25.1525,93.0032,812.5,43.07,0.0,Assam,Cachar,Assam Barail Range & Dima Hasao,TRAIN,Disang Siltstone,High Intensity Rain,1,STABLE_REFERENCE,POSITIVE_LANDSLIDE
NON-LS-BG-0546,2020-08-11,25.1693,92.9121,1017.0,44.78,280.5,Assam,Cachar,Assam Barail Range & Dima Hasao,TRAIN,Disang Siltstone,None (Stable Steep Terrain),0,STABLE_REFERENCE,STEEP_STABLE
NON-LS-BG-0547,2019-08-08,25.3157,93.0059,417.5,26.87,157.6,Assam,Cachar,Assam Barail Range & Dima Hasao,TRAIN,Tertiary Clay Shale,None (Stable Steep Terrain),0,STABLE_REFERENCE,STEEP_STABLE
NON-LS-BG-0548,2022-07-19,24.9968,92.8973,702.2,37.24,359.0,Assam,Dima Hasao,Assam Barail Range & Dima Hasao,TRAIN,Tertiary Clay Shale,None (Stable Steep Terrain),0,STABLE_REFERENCE,STEEP_STABLE
NON-LS-BG-0549,2022-09-15,25.2842,93.2133,490.6,43.96,88.5,Assam,Dima Hasao,Assam Barail Range & Dima Hasao,TRAIN,Disang Siltstone,None (Stable Steep Terrain),0,STABLE_REFERENCE,STEEP_STABLE
NON-LS-BG-0550,2019-09-15,25.3121,92.8217,605.4,29.88,183.5,Assam,Cachar,Assam Barail Range & Dima Hasao,TRAIN,Disang Siltstone,None (Stable Steep Terrain),0,STABLE_REFERENCE,STEEP_STABLE
NON-LS-BG-0551,2019-07-12,25.2262,93.1293,389.4,35.5,69.4,Assam,Dima Hasao,Assam Barail Range & Dima Hasao,TRAIN,Disang Siltstone,None (Stable Steep Terrain),0,STABLE_REFERENCE,STEEP_STABLE
NON-LS-BG-0552,2021-08-14,25.1507,93.2534,1098.5,25.75,35.6,Assam,Cachar,Assam Barail Range & Dima Hasao,TRAIN,Tertiary Clay Shale,None (Stable Steep Terrain),0,STABLE_REFERENCE,STEEP_STABLE
NON-LS-BG-0553,2021-07-28,25.2041,92.8469,714.4,33.41,110.4,Assam,Dima Hasao,Assam Barail Range & Dima Hasao,TRAIN,Disang Siltstone,None (Stable Steep Terrain),0,STABLE_REFERENCE,STEEP_STABLE
NON-LS-BG-0554,2019-07-12,25.2166,93.1345,400.2,47.61,83.9,Assam,Dima Hasao,Assam Barail Range & Dima Hasao,TRAIN,Disang Siltstone,None (Stable Steep Terrain),0,STABLE_REFERENCE,STEEP_STABLE
NON-LS-BG-0555,2019-07-12,25.3807,92.976,1198.9,42.87,303.3,Assam,Cachar,Assam Barail Range & Dima Hasao,TRAIN,Tertiary Clay Shale,None (Stable Steep Terrain),0,STABLE_REFERENCE,STEEP_STABLE
LS-POS-0521,2022-01-15,25.8247,94.2272,804.6,37.01,287.1,Nagaland,Zunheboto,Nagaland Kohima - Paglapahar Axis (NH-29),TRAIN,Silty Loam Weathered Mantle,Prolonged Downpour,1,STABLE_REFERENCE,POSITIVE_LANDSLIDE
LS-POS-0522,2022-08-05,25.7071,94.0961,849.1,44.73,148.4,Nagaland,Kohima,Nagaland Kohima - Paglapahar Axis (NH-29),TRAIN,Disang Grey Shale,Monsoon Cloudburst,1,GSI_NLSM,POSITIVE_LANDSLIDE
LS-POS-0523,2018-11-20,25.5691,94.0811,840.1,44.44,132.0,Nagaland,Dimapur,Nagaland Kohima - Paglapahar Axis (NH-29),TRAIN,Silty Loam Weathered Mantle,Prolonged Downpour,1,STABLE_REFERENCE,POSITIVE_LANDSLIDE
LS-POS-0524,2020-11-12,25.9333,93.8763,990.5,32.48,255.6,Nagaland,Zunheboto,Nagaland Kohima - Paglapahar Axis (NH-29),TRAIN,Barail Sandstone,High Intensity Rain,1,STABLE_REFERENCE,POSITIVE_LANDSLIDE
LS-POS-0525,2020-09-22,25.9405,94.0703,1177.9,38.77,334.2,Nagaland,Zunheboto,Nagaland Kohima - Paglapahar Axis (NH-29),TRAIN,Disang Grey Shale,Prolonged Downpour,1,STABLE_REFERENCE,POSITIVE_LANDSLIDE
LS-POS-0526,2018-06-14,25.6338,94.2374,760.3,34.21,148.2,Nagaland,Zunheboto,Nagaland Kohima - Paglapahar Axis (NH-29),TRAIN,Disang Grey Shale,Prolonged Downpour,1,STABLE_REFERENCE,POSITIVE_LANDSLIDE
LS-POS-0527,2020-11-12,25.8674,93.9988,1042.1,39.13,0.7,Nagaland,Zunheboto,Nagaland Kohima - Paglapahar Axis (NH-29),TRAIN,Barail Sandstone,Prolonged Downpour,1,STABLE_REFERENCE,POSITIVE_LANDSLIDE
LS-POS-0528,2020-01-22,25.6052,93.9979,1468.2,36.05,241.0,Nagaland,Kohima,Nagaland Kohima - Paglapahar Axis (NH-29),TRAIN,Disang Grey Shale,Prolonged Downpour,1,STABLE_REFERENCE,POSITIVE_LANDSLIDE
NON-LS-BG-0556,2020-11-12,25.8899,94.0431,1011.3,28.49,39.6,Nagaland,Zunheboto,Nagaland Kohima - Paglapahar Axis (NH-29),TRAIN,Barail Sandstone,None (Stable Steep Terrain),0,STABLE_REFERENCE,STEEP_STABLE
NON-LS-BG-0557,2020-08-11,25.9801,94.0738,1296.9,40.74,163.7,Nagaland,Zunheboto,Nagaland Kohima - Paglapahar Axis (NH-29),TRAIN,Silty Loam Weathered Mantle,None (Stable Steep Terrain),0,STABLE_REFERENCE,STEEP_STABLE
NON-LS-BG-0558,2022-09-15,25.5727,94.1804,1296.7,30.84,153.9,Nagaland,Dimapur,Nagaland Kohima - Paglapahar Axis (NH-29),TRAIN,Silty Loam Weathered Mantle,None (Stable Steep Terrain),0,STABLE_REFERENCE,STEEP_STABLE
NON-LS-BG-0559,2018-09-02,25.8906,94.208,1403.7,30.23,81.0,Nagaland,Kohima,Nagaland Kohima - Paglapahar Axis (NH-29),TRAIN,Disang Grey Shale,None (Stable Steep Terrain),0,STABLE_REFERENCE,STEEP_STABLE
NON-LS-BG-0560,2018-08-18,25.6786,94.2351,1338.4,25.14,331.4,Nagaland,Dimapur,Nagaland Kohima - Paglapahar Axis (NH-29),TRAIN,Barail Sandstone,None (Stable Steep Terrain),0,STABLE_REFERENCE,STEEP_STABLE
NON-LS-BG-0561,2020-07-10,25.6124,94.0687,1566.0,30.19,238.0,Nagaland,Zunheboto,Nagaland Kohima - Paglapahar Axis (NH-29),TRAIN,Barail Sandstone,None (Stable Steep Terrain),0,STABLE_REFERENCE,STEEP_STABLE
NON-LS-BG-0562,2020-09-22,25.7039,94.3417,777.2,46.66,100.6,Nagaland,Dimapur,Nagaland Kohima - Paglapahar Axis (NH-29),TRAIN,Barail Sandstone,None (Stable Steep Terrain),0,STABLE_REFERENCE,STEEP_STABLE
NON-LS-BG-0563,2018-08-18,25.5734,94.2911,1307.8,38.29,68.5,Nagaland,Dimapur,Nagaland Kohima - Paglapahar Axis (NH-29),TRAIN,Barail Sandstone,None (Stable Steep Terrain),0,STABLE_REFERENCE,STEEP_STABLE
LS-POS-0529,2020-07-10,27.2749,92.555,1287.3,31.36,107.2,Arunachal Pradesh,Tawang,Arunachal Pradesh Kameng & Tawang Axis,TRAIN,Bomdila Gneiss,Monsoon Cloudburst,1,STABLE_REFERENCE,POSITIVE_LANDSLIDE
LS-POS-0530,2021-09-02,27.3492,92.2594,1592.0,43.26,52.9,Arunachal Pradesh,Tawang,Arunachal Pradesh Kameng & Tawang Axis,TRAIN,Dirang Schist,Monsoon Cloudburst,1,GSI_NLSM,POSITIVE_LANDSLIDE
LS-POS-0531,2018-09-02,27.2523,92.6421,1946.5,48.43,246.0,Arunachal Pradesh,Tawang,Arunachal Pradesh Kameng & Tawang Axis,TRAIN,Dirang Schist,Prolonged Downpour,1,GSI_NLSM,POSITIVE_LANDSLIDE
LS-POS-0532,2020-07-10,27.4409,92.6713,2207.7,41.2,87.6,Arunachal Pradesh,West Kameng,Arunachal Pradesh Kameng & Tawang Axis,TRAIN,Bomdila Gneiss,Monsoon Cloudburst,1,GSI_NLSM,POSITIVE_LANDSLIDE
LS-POS-0533,2021-08-14,27.0998,92.5542,1730.4,44.44,153.3,Arunachal Pradesh,Tawang,Arunachal Pradesh Kameng & Tawang Axis,TRAIN,Higher Himalayan Crystalline,Monsoon Cloudburst,1,STABLE_REFERENCE,POSITIVE_LANDSLIDE
LS-POS-0534,2020-07-10,27.3696,92.6958,1300.5,35.28,266.6,Arunachal Pradesh,Tawang,Arunachal Pradesh Kameng & Tawang Axis,TRAIN,Bomdila Gneiss,High Intensity Rain,1,STABLE_REFERENCE,POSITIVE_LANDSLIDE
LS-POS-0535,2022-05-18,27.4816,92.1854,1959.7,42.75,357.4,Arunachal Pradesh,West Kameng,Arunachal Pradesh Kameng & Tawang Axis,TRAIN,Bomdila Gneiss,High Intensity Rain,1,BRO_RECORDS,POSITIVE_LANDSLIDE
NON-LS-BG-0564,2019-12-05,27.2561,92.4934,736.5,32.09,213.4,Arunachal Pradesh,West Kameng,Arunachal Pradesh Kameng & Tawang Axis,TRAIN,Higher Himalayan Crystalline,None (Stable Steep Terrain),0,STABLE_REFERENCE,STEEP_STABLE
NON-LS-BG-0565,2018-04-10,27.4644,92.5186,954.2,27.93,158.0,Arunachal Pradesh,West Kameng,Arunachal Pradesh Kameng & Tawang Axis,TRAIN,Bomdila Gneiss,None (Stable Steep Terrain),0,STABLE_REFERENCE,STEEP_STABLE
NON-LS-BG-0566,2022-07-19,27.1832,92.6533,1403.0,46.02,220.9,Arunachal Pradesh,West Kameng,Arunachal Pradesh Kameng & Tawang Axis,TRAIN,Higher Himalayan Crystalline,None (Stable Steep Terrain),0,STABLE_REFERENCE,STEEP_STABLE
NON-LS-BG-0567,2018-11-20,27.1857,92.2032,950.8,46.01,12.8,Arunachal Pradesh,Tawang,Arunachal Pradesh Kameng & Tawang Axis,TRAIN,Bomdila Gneiss,None (Stable Steep Terrain),0,STABLE_REFERENCE,STEEP_STABLE
NON-LS-BG-0568,2019-09-15,27.3795,92.2132,1898.6,37.67,214.7,Arunachal Pradesh,West Kameng,Arunachal Pradesh Kameng & Tawang Axis,TRAIN,Bomdila Gneiss,None (Stable Steep Terrain),0,STABLE_REFERENCE,STEEP_STABLE
NON-LS-BG-0569,2021-09-02,27.554,92.287,1405.7,41.71,248.3,Arunachal Pradesh,West Kameng,Arunachal Pradesh Kameng & Tawang Axis,TRAIN,Higher Himalayan Crystalline,None (Stable Steep Terrain),0,STABLE_REFERENCE,STEEP_STABLE
NON-LS-BG-0570,2021-02-10,27.5004,92.7743,1433.2,39.94,106.9,Arunachal Pradesh,West Kameng,Arunachal Pradesh Kameng & Tawang Axis,TRAIN,Higher Himalayan Crystalline,None (Stable Steep Terrain),0,STABLE_REFERENCE,STEEP_STABLE
