sample_id,label,sample_type,data_pedigree,source,event_date,state,latitude,longitude,trigger,fatalities,dem_source,rainfall_source,soil_source,landcover_source,original_source_fields,elevation_m,slope_deg,aspect_deg,rainfall_24h_mm,rainfall_72h_mm,rainfall_surround_max_mm,soil_clay_pct,soil_sand_pct,soil_silt_pct,soil_bulk_density,soil_ph,soil_organic_carbon,lc_tree_cover,lc_builtup,saturation_pct,cohesion_kpa
GLC-REAL-2164,1,observed_landslide,NASA_GLC_OBSERVATIONAL_GROUND_TRUTH,NASA_GLC,2010-07-29,Manipur,25.30986,94.48215,Unknown,0,NASA_USGS_SRTM_30m,NASA_POWER_PRECTOTCORR_Daily,ISRIC_SoilGrids_2.0_Unavailable,ESA_WorldCover_Tile_Unavailable,"{'location_description': 'Chingai-Kuingai(Quingai) route (16 kms), Chingai subdivision, Ukhrul district, Manipur', 'source_name': 'E-Pao', 'source_link': 'http://www.e-pao.net/GP.asp?src=28..210810.aug10'}",1551.0,30.34,250.02,17.06,32.41,,,,,,,,,,,
GLC-REAL-5122,1,observed_landslide,NASA_GLC_OBSERVATIONAL_GROUND_TRUTH,NASA_GLC,2013-07-17,Nagaland,25.7658,93.9413,Unknown,0,NASA_USGS_SRTM_30m,NASA_POWER_PRECTOTCORR_Daily,ISRIC_SoilGrids_2.0_Unavailable,ESA_WorldCover_Tile_Unavailable,"{'location_description': 'National Highway 29 Between Patkai Bridge And Kukidolong, Nagaland', 'source_name': 'The Hindu', 'source_link': 'http://www.thehindu.com/news/national/other-states/fresh-mudslides-affect-traffic-in-nagalandmanipur/article4928261.ece'}",807.0,41.26,308.83,5.65,24.17,,,,,,,,,,,
GLC-REAL-5123,1,observed_landslide,NASA_GLC_OBSERVATIONAL_GROUND_TRUTH,NASA_GLC,2013-07-17,Nagaland,25.7131,94.0885,Unknown,0,NASA_USGS_SRTM_30m,NASA_POWER_PRECTOTCORR_Daily,ISRIC_SoilGrids_2.0_Unavailable,ESA_WorldCover_Tile_Unavailable,"{'location_description': 'National Highway 2 Near Meriema Village, 10 Km Away From Kohima', 'source_name': 'The Hindu', 'source_link': 'http://www.thehindu.com/news/national/other-states/fresh-mudslides-affect-traffic-in-nagalandmanipur/article4928261.ece'}",1413.0,25.36,349.88,3.66,25.34,,,,,,,,,,,
GLC-REAL-7370,1,observed_landslide,NASA_GLC_OBSERVATIONAL_GROUND_TRUTH,NASA_GLC,2015-08-01,Manipur,24.1419,94.1078,Unknown,0,NASA_USGS_SRTM_30m,NASA_POWER_PRECTOTCORR_Daily,ISRIC_SoilGrids_2.0_Unavailable,ESA_WorldCover_Tile_Unavailable,"{'location_description': 'between Moltuk to New Songjang village', 'source_name': 'E-PAO', 'source_link': 'http://e-pao.net/GP.asp?src=21..020815.aug15'}",1173.0,33.06,309.81,2.09,71.58,,,,,,,,,,,
GLC-REAL-5084,1,observed_landslide,NASA_GLC_OBSERVATIONAL_GROUND_TRUTH,NASA_GLC,2013-07-12,Nagaland,25.616,94.1167,Unknown,0,NASA_USGS_SRTM_30m,NASA_POWER_PRECTOTCORR_Daily,ISRIC_SoilGrids_2.0_Unavailable,ESA_WorldCover_Tile_Unavailable,"{'location_description': 'National Highway 2 Near Phesama Village Close To Kisama Naha Heritage Site, Kohima District, Nagaland', 'source_name': 'www.assamtribune.com', 'source_link': 'http://www.assamtribune.com/scripts/detailsnew.asp?id=jul1613/oth06'}",1591.0,26.27,191.69,18.68,107.07,,,,,,,,,,,
GLC-REAL-2566,1,observed_landslide,NASA_GLC_OBSERVATIONAL_GROUND_TRUTH,NASA_GLC,2010-10-08,Nagaland,25.4769,94.1351,Unknown,0,NASA_USGS_SRTM_30m,NASA_POWER_PRECTOTCORR_Daily,ISRIC_SoilGrids_2.0_Unavailable,ESA_WorldCover_Tile_Unavailable,"{'location_description': 'Sahong, Tabu and Pani village under Tadubi police station of Senapati district, NH-39', 'source_name': 'e-pao.net', 'source_link': 'http://e-pao.net/GP.asp?src=23..111010.oct10'}",1674.0,20.08,204.23,52.1,92.98,,,,,,,,,,,
GLC-REAL-1109,1,observed_landslide,NASA_GLC_OBSERVATIONAL_GROUND_TRUTH,NASA_GLC,2009-08-20,Assam,25.5215,93.1645,Unknown,0,NASA_USGS_SRTM_30m,NASA_POWER_PRECTOTCORR_Daily,ISRIC_SoilGrids_2.0_Unavailable,ESA_WorldCover_Tile_Unavailable,"{'location_description': 'Lumding-Badarpur section in North Cachar Hills district', 'source_name': 'prokerala', 'source_link': 'http://www.prokerala.com/news/articles/a75292.html'}",281.0,3.93,165.96,12.55,40.34,,,,,,,,,,,
GLC-REAL-1961,1,observed_landslide,NASA_GLC_OBSERVATIONAL_GROUND_TRUTH,NASA_GLC,2010-06-09,Meghalaya,25.8833,91.2,Unknown,0,NASA_USGS_SRTM_30m,NASA_POWER_PRECTOTCORR_Daily,ISRIC_SoilGrids_2.0_Unavailable,ESA_WorldCover_Tile_Unavailable,"{'location_description': 'Ishok Chingphu(?), Bishnupur, Assam', 'source_name': 'e-pao.net', 'source_link': 'http://e-pao.net/GP.asp?src=Snipp3..100610.jun10'}",255.0,25.92,210.96,21.72,69.05,,,,,,,,,,,
GLC-REAL-2578,1,observed_landslide,NASA_GLC_OBSERVATIONAL_GROUND_TRUTH,NASA_GLC,2010-10-09,Nagaland,25.3179,94.0462,Unknown,0,NASA_USGS_SRTM_30m,NASA_POWER_PRECTOTCORR_Daily,ISRIC_SoilGrids_2.0_Unavailable,ESA_WorldCover_Tile_Unavailable,"{'location_description': 'NH-39 in Karong area, Manipur', 'source_name': 'e-pao', 'source_link': 'http://www.e-pao.net/GP.asp?src=5..101010.oct10'}",1007.0,23.44,357.8,26.82,107.81,,,,,,,,,,,
GLC-REAL-322,1,observed_landslide,NASA_GLC_OBSERVATIONAL_GROUND_TRUTH,NASA_GLC,2007-10-21,Assam,24.75,93.4333,Unknown,0,NASA_USGS_SRTM_30m,NASA_POWER_PRECTOTCORR_Daily,ISRIC_SoilGrids_2.0_Unavailable,ESA_WorldCover_Tile_Unavailable,"{'location_description': 'National Highway 53 at Nungba in Tamenglong district of Manipur', 'source_name': 'Hmar.net', 'source_link': 'http://hmar.net/?p=1870'}",471.0,23.43,247.38,2.38,19.51,,,,,,,,,,,
GLC-REAL-5552,1,observed_landslide,NASA_GLC_OBSERVATIONAL_GROUND_TRUTH,NASA_GLC,2013-09-24,Manipur,25.0985,94.3619,Unknown,0,NASA_USGS_SRTM_30m,NASA_POWER_PRECTOTCORR_Daily,ISRIC_SoilGrids_2.0_Unavailable,ESA_WorldCover_Tile_Unavailable,"{'location_description': 'Ukhrul, Manipur', 'source_name': 'www.morungexpress.com', 'source_link': 'http://www.morungexpress.com/regional/104056.html'}",1898.0,8.98,71.57,0.3,0.56,,,,,,,,,,,
GLC-REAL-2025,1,observed_landslide,NASA_GLC_OBSERVATIONAL_GROUND_TRUTH,NASA_GLC,2010-06-28,Meghalaya,25.5728,91.885,Unknown,0,NASA_USGS_SRTM_30m,NASA_POWER_PRECTOTCORR_Daily,ISRIC_SoilGrids_2.0_Unavailable,ESA_WorldCover_Tile_Unavailable,"{'location_description': 'Police CID complex(?), Shillong, Meghalaya', 'source_name': 'hindustantimes', 'source_link': 'http://www.hindustantimes.com/Girl-dies-in-landslide-flash-flood-wrecks-havoc-in-Meghalaya/Article1-564450.aspx'}",1504.0,8.98,71.57,49.93,121.2,,,,,,,,,,,
GLC-REAL-9405,1,observed_landslide,NASA_GLC_OBSERVATIONAL_GROUND_TRUTH,NASA_GLC,2016-04-19,Nagaland,26.7223,95.0243,Unknown,0,NASA_USGS_SRTM_30m,NASA_POWER_PRECTOTCORR_Daily,ISRIC_SoilGrids_2.0_Unavailable,ESA_WorldCover_Tile_Unavailable,"{'location_description': 'Techahan Ward, Mon, Nagaland, India', 'source_name': 'Assam Tribune', 'source_link': 'http://www.assamtribune.com/scripts/detailsnew.asp?id=may0216/oth058'}",696.0,17.01,119.36,10.83,37.9,,,,,,,,,,,
GLC-REAL-5343,1,observed_landslide,NASA_GLC_OBSERVATIONAL_GROUND_TRUTH,NASA_GLC,2013-08-17,Assam,24.7625,93.4341,Unknown,0,NASA_USGS_SRTM_30m,NASA_POWER_PRECTOTCORR_Daily,ISRIC_SoilGrids_2.0_Unavailable,ESA_WorldCover_Tile_Unavailable,"{'location_description': 'The Imphal-Jiribam Section Of Nh-37 In Tamenglong District', 'source_name': 'www.nagalandpost.com', 'source_link': 'http://www.nagalandpost.com/ChannelNews/Regional/RegionalNews.aspx?news=TkVXUzEwMDA0MzUxNQ%3D%3D-zy3k3F6024s%3D'}",666.0,34.91,229.84,8.13,26.33,,,,,,,,,,,
GLC-REAL-6971,1,observed_landslide,NASA_GLC_OBSERVATIONAL_GROUND_TRUTH,NASA_GLC,2015-06-09,Arunachal Pradesh,27.0987,93.816,Unknown,0,NASA_USGS_SRTM_30m,NASA_POWER_PRECTOTCORR_Daily,ISRIC_SoilGrids_2.0_Unavailable,ESA_WorldCover_Tile_Unavailable,"{'location_description': 'Itanagar, Arunachal Pradesh', 'source_name': 'First Post', 'source_link': 'http://www.firstpost.com/india/two-dead-2-injured-landslide-arunachal-pradesh-school-remain-shut-heavy-rainfall-alert-2287954.html'}",215.0,13.52,146.31,44.35,137.97,,,,,,,,,,,
GLC-REAL-1611,1,observed_landslide,NASA_GLC_OBSERVATIONAL_GROUND_TRUTH,NASA_GLC,2010-04-01,Assam,25.1553,93.028,Unknown,0,NASA_USGS_SRTM_30m,NASA_POWER_PRECTOTCORR_Daily,ISRIC_SoilGrids_2.0_Unavailable,ESA_WorldCover_Tile_Unavailable,"{'location_description': 'Paglanala village, Dholai Block, near Dwarbandh locality of the district, Cachar district (could only find district) 45 km from Silchar, Assam', 'source_name': 'en.apa', 'source_link': 'http://en.apa.az/news.php?id=119178'}",577.0,21.61,104.62,40.47,104.47,,,,,,,,,,,
GLC-REAL-147,1,observed_landslide,NASA_GLC_OBSERVATIONAL_GROUND_TRUTH,NASA_GLC,2007-07-30,Mizoram,22.533,92.899,Unknown,0,NASA_USGS_SRTM_30m,NASA_POWER_PRECTOTCORR_Daily,ISRIC_SoilGrids_2.0_Unavailable,ESA_WorldCover_Tile_Unavailable,"{'location_description': 'Lawngtlai', 'source_name': 'Red Cross - Field reports', 'source_link': 'https://www-secure.ifrc.org/dmis/prepare/view_report.asp?ReportID=2987'}",809.0,16.8,353.66,0.31,3.17,,,,,,,,,,,
GLC-REAL-4382,1,observed_landslide,NASA_GLC_OBSERVATIONAL_GROUND_TRUTH,NASA_GLC,2012-06-03,Assam,25.1175,92.8573,Unknown,0,NASA_USGS_SRTM_30m,NASA_POWER_PRECTOTCORR_Daily,ISRIC_SoilGrids_2.0_Unavailable,ESA_WorldCover_Tile_Unavailable,"{'location_description': '\xa0between Harangajao and Mailongdisa, Assa,', 'source_name': 'articles.timesofindia', 'source_link': 'http://articles.timesofindia.indiatimes.com/2012-06-04/guwahati/32030359_1_barail-hill-harangajao-landslides'}",154.0,9.87,286.7,27.34,76.45,,,,,,,,,,,
GLC-REAL-2424,1,observed_landslide,NASA_GLC_OBSERVATIONAL_GROUND_TRUTH,NASA_GLC,2010-09-13,Mizoram,23.591,92.9296,Unknown,0,NASA_USGS_SRTM_30m,NASA_POWER_PRECTOTCORR_Daily,ISRIC_SoilGrids_2.0_Unavailable,ESA_WorldCover_Tile_Unavailable,"{'location_description': 'near Tuivawl(?), Aizawl-Champhai rd, Aizawl district, Mizoram', 'source_name': 'Mizoram Express', 'source_link': 'http://mizoramexpress.com/index.php/2010/09/mizoram-landslides-kill-one-woman/'}",803.0,17.22,323.75,5.92,10.64,,,,,,,,,,,
GLC-REAL-5431,1,observed_landslide,NASA_GLC_OBSERVATIONAL_GROUND_TRUTH,NASA_GLC,2013-09-01,Assam,24.9829,93.5063,Unknown,0,NASA_USGS_SRTM_30m,NASA_POWER_PRECTOTCORR_Daily,ISRIC_SoilGrids_2.0_Unavailable,ESA_WorldCover_Tile_Unavailable,"{'location_description': 'Tamenglong, Manipur', 'source_name': 'e-pao.net', 'source_link': 'http://e-pao.net/GP.asp?src=24..050913.sep13'}",1305.0,30.86,112.99,5.42,8.29,,,,,,,,,,,
GLC-REAL-3672,1,observed_landslide,NASA_GLC_OBSERVATIONAL_GROUND_TRUTH,NASA_GLC,2011-06-29,Assam,25.5125,93.3613,Unknown,0,NASA_USGS_SRTM_30m,NASA_POWER_PRECTOTCORR_Daily,ISRIC_SoilGrids_2.0_Unavailable,ESA_WorldCover_Tile_Unavailable,"{'location_description': 'Portions of NH 39, Connectin Manipur with Assam via Nagaland', 'source_name': 'articles.timesofindia', 'source_link': 'http://articles.timesofindia.indiatimes.com/2011-06-30/guwahati/29720982_1_heavy-rains-highway'}",317.0,6.65,0.0,20.83,75.23,,,,,,,,,,,
GLC-REAL-2253,1,observed_landslide,NASA_GLC_OBSERVATIONAL_GROUND_TRUTH,NASA_GLC,2010-08-15,Manipur,25.31006,94.48265,Unknown,0,NASA_USGS_SRTM_30m,NASA_POWER_PRECTOTCORR_Daily,ISRIC_SoilGrids_2.0_Unavailable,ESA_WorldCover_Tile_Unavailable,"{'location_description': 'Chingai-Kuingai(Quingai) route (16 kms), Chingai subdivision, Ukhrul district, Manipur', 'source_name': 'e-pao', 'source_link': 'http://www.e-pao.net/GP.asp?src=28..210810.aug10'}",1544.0,31.05,221.63,10.62,28.36,,,,,,,,,,,
GLC-REAL-1108,1,observed_landslide,NASA_GLC_OBSERVATIONAL_GROUND_TRUTH,NASA_GLC,2009-08-20,Assam,24.9925,93.5,Unknown,0,NASA_USGS_SRTM_30m,NASA_POWER_PRECTOTCORR_Daily,ISRIC_SoilGrids_2.0_Unavailable,ESA_WorldCover_Tile_Unavailable,"{'location_description': 'Tamei, Tamenglong district on Imphal-Tamenglong (IT) road', 'source_name': 'kanglaonline', 'source_link': 'http://www.kanglaonline.com/index.php?template=headline&newsid=48686&typeid=2'}",1223.0,11.39,155.56,5.16,18.51,,,,,,,,,,,
GLC-REAL-9168,1,observed_landslide,NASA_GLC_OBSERVATIONAL_GROUND_TRUTH,NASA_GLC,2016-06-12,Arunachal Pradesh,27.6438,93.871,Unknown,0,NASA_USGS_SRTM_30m,NASA_POWER_PRECTOTCORR_Daily,ISRIC_SoilGrids_2.0_Unavailable,ESA_WorldCover_Tile_Unavailable,"{'location_description': 'NH 13 10 kilometers from Old Ziro, Arunachal Pradesh, India', 'source_name': 'Arunachal Times', 'source_link': 'http://www.arunachaltimes.in/landslide-blocks-ziro-tamen-road/'}",1707.0,28.18,354.64,23.76,42.42,,,,,,,,,,,
GLC-REAL-3560,1,observed_landslide,NASA_GLC_OBSERVATIONAL_GROUND_TRUTH,NASA_GLC,2011-05-31,Manipur,24.8286,93.5935,Unknown,0,NASA_USGS_SRTM_30m,NASA_POWER_PRECTOTCORR_Daily,ISRIC_SoilGrids_2.0_Unavailable,ESA_WorldCover_Tile_Unavailable,"{'location_description': 'Gaoilung(Gadailong) village(?), Ward 4(?), Tamenglong, Manipur', 'source_name': 'kanglaonline.com', 'source_link': 'http://kanglaonline.com/2011/06/two-children-claimed-by-landslide-at-tamenglong/'}",732.0,37.98,286.11,15.72,45.38,,,,,,,,,,,
GLC-REAL-587,1,observed_landslide,NASA_GLC_OBSERVATIONAL_GROUND_TRUTH,NASA_GLC,2008-06-15,Assam,27.2298,94.0989,Unknown,0,NASA_USGS_SRTM_30m,NASA_POWER_PRECTOTCORR_Daily,ISRIC_SoilGrids_2.0_Unavailable,ESA_WorldCover_Tile_Unavailable,"{'location_description': 'Lakhimpur district, Bihpuria, Assam', 'source_name': 'Telegraph India', 'source_link': 'http://www.telegraphindia.com/1080616/jsp/northeast/story_9416169.jsp'}",95.0,2.13,116.57,1.5,64.37,,,,,,,,,,,
GLC-REAL-8012,1,observed_landslide,NASA_GLC_OBSERVATIONAL_GROUND_TRUTH,NASA_GLC,2015-09-06,Meghalaya,25.9703,91.8584,Unknown,0,NASA_USGS_SRTM_30m,NASA_POWER_PRECTOTCORR_Daily,ISRIC_SoilGrids_2.0_Unavailable,ESA_WorldCover_Tile_Unavailable,"{'location_description': 'Umling, Meghalaya 793102, India', 'source_name': 'The Assam Tribune', 'source_link': 'http://www.assamtribune.com/scripts/detailsnew.asp?id=sep0815/oth058'}",289.0,11.35,228.37,0.87,29.57,,,,,,,,,,,
GLC-REAL-7335,1,observed_landslide,NASA_GLC_OBSERVATIONAL_GROUND_TRUTH,NASA_GLC,2015-08-18,Meghalaya,25.5145,90.2023,Unknown,0,NASA_USGS_SRTM_30m,NASA_POWER_PRECTOTCORR_Daily,ISRIC_SoilGrids_2.0_Unavailable,ESA_WorldCover_Tile_Unavailable,"{'location_description': 'Tura Civil Hospital', 'source_name': 'Shillong Times', 'source_link': 'http://www.theshillongtimes.com/2015/08/20/child-washed-away-in-tura/'}",314.0,10.22,56.31,15.22,43.75,,,,,,,,,,,
GLC-REAL-141,1,observed_landslide,NASA_GLC_OBSERVATIONAL_GROUND_TRUTH,NASA_GLC,2007-07-26,Meghalaya,25.38,91.88,Unknown,0,NASA_USGS_SRTM_30m,NASA_POWER_PRECTOTCORR_Daily,ISRIC_SoilGrids_2.0_Unavailable,ESA_WorldCover_Tile_Unavailable,"{'location_description': 'Singtam', 'source_name': 'thestatesman.net', 'source_link': 'http://www.thestatesman.net/page.news.php?clid=10&theme=&usrsess=1&id=164069'}",1307.0,40.32,199.5,34.95,113.14,,,,,,,,,,,
GLC-REAL-3983,1,observed_landslide,NASA_GLC_OBSERVATIONAL_GROUND_TRUTH,NASA_GLC,2011-09-23,Assam,26.1548,91.7351,Unknown,0,NASA_USGS_SRTM_30m,NASA_POWER_PRECTOTCORR_Daily,ISRIC_SoilGrids_2.0_Unavailable,ESA_WorldCover_Tile_Unavailable,"{'location_description': 'Maighuli, Guwahati, Meghalaya', 'source_name': 'nbtvlive'}",57.0,2.13,243.43,10.55,36.67,,,,,,,,,,,
GLC-REAL-148,1,observed_landslide,NASA_GLC_OBSERVATIONAL_GROUND_TRUTH,NASA_GLC,2007-07-30,Mizoram,22.479,92.967,Unknown,0,NASA_USGS_SRTM_30m,NASA_POWER_PRECTOTCORR_Daily,ISRIC_SoilGrids_2.0_Unavailable,ESA_WorldCover_Tile_Unavailable,"{'location_description': 'Saiha', 'source_name': 'Red Cross - Field reports', 'source_link': 'https://www-secure.ifrc.org/dmis/prepare/view_report.asp?ReportID=2987'}",446.0,17.78,207.9,0.31,3.17,,,,,,,,,,,
GLC-REAL-1775,1,observed_landslide,NASA_GLC_OBSERVATIONAL_GROUND_TRUTH,NASA_GLC,2010-04-21,Arunachal Pradesh,27.8965,96.1779,Unknown,0,NASA_USGS_SRTM_30m,NASA_POWER_PRECTOTCORR_Daily,ISRIC_SoilGrids_2.0_Unavailable,ESA_WorldCover_Tile_Unavailable,"{'location_description': 'Arunachal Pradesh ', 'source_name': 'gsi.gov', 'source_link': 'http://www.portal.gsi.gov.in/portal/page?_pageid=127,875814&_dad=portal&_schema=PORTAL'}",209.0,6.38,26.57,46.75,98.64,,,,,,,,,,,
GLC-REAL-3663,1,observed_landslide,NASA_GLC_OBSERVATIONAL_GROUND_TRUTH,NASA_GLC,2011-06-28,Nagaland,25.6682,94.1099,Unknown,0,NASA_USGS_SRTM_30m,NASA_POWER_PRECTOTCORR_Daily,ISRIC_SoilGrids_2.0_Unavailable,ESA_WorldCover_Tile_Unavailable,"{'location_description': 'Ruzapfu valley, Kikruma Village, Phek District, Nagaland', 'source_name': 'morungexpress', 'source_link': 'http://www.morungexpress.com/local/67492.html'}",1437.0,8.94,147.99,10.59,57.37,,,,,,,,,,,
GLC-REAL-7385,1,observed_landslide,NASA_GLC_OBSERVATIONAL_GROUND_TRUTH,NASA_GLC,2015-08-01,Manipur,24.004,93.9815,Unknown,0,NASA_USGS_SRTM_30m,NASA_POWER_PRECTOTCORR_Daily,ISRIC_SoilGrids_2.0_Unavailable,ESA_WorldCover_Tile_Unavailable,"{'location_description': 'Holenjang, Chandel district', 'source_name': 'India Today', 'source_link': 'http://indiatoday.intoday.in/story/landslide-in-manipur-near-myanmar-border-kills-21/1/455645.html'}",1458.0,35.83,198.85,5.31,82.66,,,,,,,,,,,
GLC-REAL-2575,1,observed_landslide,NASA_GLC_OBSERVATIONAL_GROUND_TRUTH,NASA_GLC,2010-10-09,Assam,25.5242,92.9914,Unknown,0,NASA_USGS_SRTM_30m,NASA_POWER_PRECTOTCORR_Daily,ISRIC_SoilGrids_2.0_Unavailable,ESA_WorldCover_Tile_Unavailable,"{'location_description': 'road between Haflong and Lanka, Assam', 'source_name': 'dnaindia', 'source_link': 'http://www.dnaindia.com/india/report_one-dead-road-and-rail-communication-disrupted-due-to-rains-in-assam_1450237'}",159.0,16.43,137.29,26.53,110.95,,,,,,,,,,,
GLC-REAL-3840,1,observed_landslide,NASA_GLC_OBSERVATIONAL_GROUND_TRUTH,NASA_GLC,2011-07-25,Manipur,24.6869,93.9157,Unknown,0,NASA_USGS_SRTM_30m,NASA_POWER_PRECTOTCORR_Daily,ISRIC_SoilGrids_2.0_Unavailable,ESA_WorldCover_Tile_Unavailable,"{'location_description': 'Manipur', 'source_name': 'assamtribune', 'source_link': 'http://www.assamtribune.com/scripts/detailsnew.asp?id=jul3011/oth05'}",780.0,1.91,0.0,2.86,6.69,,,,,,,,,,,
GLC-REAL-6015,1,observed_landslide,NASA_GLC_OBSERVATIONAL_GROUND_TRUTH,NASA_GLC,2014-05-08,Arunachal Pradesh,27.9032,96.174,Unknown,0,NASA_USGS_SRTM_30m,NASA_POWER_PRECTOTCORR_Daily,ISRIC_SoilGrids_2.0_Unavailable,ESA_WorldCover_Tile_Unavailable,"{'location_description': 'Lohit District of Arunachal Pradesh', 'source_name': 'Business Standard', 'source_link': 'http://www.business-standard.com/article/pti-stories/communication-to-tezu-snapped-due-to-landslide-114051000401_1.html'}",208.0,0.95,270.0,33.77,55.08,,,,,,,,,,,
GLC-REAL-3741,1,observed_landslide,NASA_GLC_OBSERVATIONAL_GROUND_TRUTH,NASA_GLC,2011-07-07,Nagaland,25.4191,94.1079,Unknown,0,NASA_USGS_SRTM_30m,NASA_POWER_PRECTOTCORR_Daily,ISRIC_SoilGrids_2.0_Unavailable,ESA_WorldCover_Tile_Unavailable,"{'location_description': 'Maram (80 km north of Imphal)', 'source_name': 'e-pao', 'source_link': 'http://www.e-pao.net/GP.asp?src=8..080711.jul11'}",1397.0,11.5,124.99,2.6,11.26,,,,,,,,,,,
GLC-REAL-2106,1,observed_landslide,NASA_GLC_OBSERVATIONAL_GROUND_TRUTH,NASA_GLC,2010-07-20,Nagaland,26.8716,94.9921,Unknown,0,NASA_USGS_SRTM_30m,NASA_POWER_PRECTOTCORR_Daily,ISRIC_SoilGrids_2.0_Unavailable,ESA_WorldCover_Tile_Unavailable,"{'location_description': 'road to Oting near Longlam village, 13 km from Tizit subdivision, Mon district, Nagaland', 'source_name': 'nagalandpost', 'source_link': 'http://www.nagalandpost.com/ShowStory.aspx?npoststoryiden=UzEwMjg5OTY%3D-LvoR7D2GhjI%3D'}",284.0,10.05,228.81,14.6,56.11,,,,,,,,,,,
GLC-REAL-9051,1,observed_landslide,NASA_GLC_OBSERVATIONAL_GROUND_TRUTH,NASA_GLC,2016-07-19,Meghalaya,26.09748,91.87443,Unknown,0,NASA_USGS_SRTM_30m,NASA_POWER_PRECTOTCORR_Daily,ISRIC_SoilGrids_2.0_Unavailable,ESA_WorldCover_Tile_Unavailable,"{'location_description': '12th Mile area at Jorabat, Meghalaya, India', 'source_name': 'NELIVE (North East Live)', 'source_link': 'http://www.nelive.in/assam/news/woman-injured-landslide'}",188.0,33.84,55.12,19.72,128.07,,,,,,,,,,,
GLC-REAL-870,1,observed_landslide,NASA_GLC_OBSERVATIONAL_GROUND_TRUTH,NASA_GLC,2008-10-29,Arunachal Pradesh,27.4,92.35,Unknown,0,NASA_USGS_SRTM_30m,NASA_POWER_PRECTOTCORR_Daily,ISRIC_SoilGrids_2.0_Unavailable,ESA_WorldCover_Tile_Unavailable,"{'location_description': 'West Kameng, Arunachal Pradesh', 'source_name': 'sindhtoday', 'source_link': 'http://www.sindhtoday.net/south-asia/32058.htm'}",2624.0,27.34,20.77,0.0,24.16,,,,,,,,,,,
GLC-REAL-3830,1,observed_landslide,NASA_GLC_OBSERVATIONAL_GROUND_TRUTH,NASA_GLC,2011-07-22,Manipur,24.3527,94.3429,Unknown,0,NASA_USGS_SRTM_30m,NASA_POWER_PRECTOTCORR_Daily,ISRIC_SoilGrids_2.0_Unavailable,ESA_WorldCover_Tile_Unavailable,"{'location_description': 'Manipur', 'source_name': 'e-pao.net', 'source_link': 'http://e-pao.net/GP.asp?src=6..270711.jul11'}",286.0,16.72,176.82,5.5,39.36,,,,,,,,,,,
GLC-REAL-4906,1,observed_landslide,NASA_GLC_OBSERVATIONAL_GROUND_TRUTH,NASA_GLC,2013-06-07,Nagaland,26.0977,94.7499,Unknown,0,NASA_USGS_SRTM_30m,NASA_POWER_PRECTOTCORR_Daily,ISRIC_SoilGrids_2.0_Unavailable,ESA_WorldCover_Tile_Unavailable,"{'location_description': 'Helipong-Chessore Road, Nagaland', 'source_name': 'www.nagalandpost.com', 'source_link': 'http://www.nagalandpost.com/channelnews/state/StateNews.aspx?news=TkVXUzEwMDA0NjAwNw%3D%3D-%2FtfIAOw1uMk%3D'}",1553.0,3.44,56.31,9.11,20.54,,,,,,,,,,,
GLC-REAL-3269,1,observed_landslide,NASA_GLC_OBSERVATIONAL_GROUND_TRUTH,NASA_GLC,2011-03-22,Arunachal Pradesh,28.0791,96.5242,Unknown,0,NASA_USGS_SRTM_30m,NASA_POWER_PRECTOTCORR_Daily,ISRIC_SoilGrids_2.0_Unavailable,ESA_WorldCover_Tile_Unavailable,"{'location_description': 'road from other districts to Hawai(Tawai?) which is  on Lojit river, near Hayuliang,  Anjaw district, Arunachal Pradesh', 'source_name': 'articles.timesofindia', 'source_link': 'http://articles.timesofindia.indiatimes.com/2011-03-23/guwahati/29178165_1_road-links-rainfall-source'}",556.0,25.51,257.91,7.48,55.41,,,,,,,,,,,
GLC-REAL-6990,1,observed_landslide,NASA_GLC_OBSERVATIONAL_GROUND_TRUTH,NASA_GLC,2015-06-24,Nagaland,26.0319,94.5466,Unknown,0,NASA_USGS_SRTM_30m,NASA_POWER_PRECTOTCORR_Daily,ISRIC_SoilGrids_2.0_Unavailable,ESA_WorldCover_Tile_Unavailable,"{'location_description': 'New Land (""""New Colony"""")', 'source_name': 'Nagaland Post', 'source_link': 'http://www.nagalandpost.com/channelnews/state/StateNews.aspx?news=TkVXUzEwMDA4MjI0OA%3D%3D'}",1557.0,40.14,288.43,13.93,42.27,,,,,,,,,,,
GLC-REAL-6222,1,observed_landslide,NASA_GLC_OBSERVATIONAL_GROUND_TRUTH,NASA_GLC,2014-10-01,Arunachal Pradesh,27.1249,93.7706,Unknown,0,NASA_USGS_SRTM_30m,NASA_POWER_PRECTOTCORR_Daily,ISRIC_SoilGrids_2.0_Unavailable,ESA_WorldCover_Tile_Unavailable,"{'location_description': 'Karsingsa block point', 'source_name': 'The Assam Tribune', 'source_link': 'http://www.assamtribune.com/scripts/detailsnew.asp?id=oct0214/oth052'}",164.0,27.37,93.69,0.0,0.01,,,,,,,,,,,
GLC-REAL-9169,1,observed_landslide,NASA_GLC_OBSERVATIONAL_GROUND_TRUTH,NASA_GLC,2016-06-12,Nagaland,26.1677,94.2442,Unknown,0,NASA_USGS_SRTM_30m,NASA_POWER_PRECTOTCORR_Daily,ISRIC_SoilGrids_2.0_Unavailable,ESA_WorldCover_Tile_Unavailable,"{'location_description': 'on road between Mon and Tobu near Telangsao Hydro project , Nagaland, India', 'source_name': 'Nagaland Post', 'source_link': 'http://www.nagalandpost.com/channelnews/state/StateNews.aspx?news=TkVXUzEwMDA5ODM0Mg%3D%3D'}",777.0,14.96,356.42,10.04,18.74,,,,,,,,,,,
GLC-REAL-4435,1,observed_landslide,NASA_GLC_OBSERVATIONAL_GROUND_TRUTH,NASA_GLC,2012-06-25,Arunachal Pradesh,27.174,95.8011,Unknown,0,NASA_USGS_SRTM_30m,NASA_POWER_PRECTOTCORR_Daily,ISRIC_SoilGrids_2.0_Unavailable,ESA_WorldCover_Tile_Unavailable,"{'location_description': 'Tirap , Arunachal Pradesh', 'source_name': 'articles.timesofindia', 'source_link': 'http://articles.timesofindia.indiatimes.com/2012-07-04/guwahati/32536229_1_massive-landslides-landslide-hit-road-blockade'}",296.0,0.95,0.0,36.02,76.5,,,,,,,,,,,
GLC-REAL-4313,1,observed_landslide,NASA_GLC_OBSERVATIONAL_GROUND_TRUTH,NASA_GLC,2012-04-08,Arunachal Pradesh,28.4659,95.86,Unknown,0,NASA_USGS_SRTM_30m,NASA_POWER_PRECTOTCORR_Daily,ISRIC_SoilGrids_2.0_Unavailable,ESA_WorldCover_Tile_Unavailable,"{'location_description': 'Endulin Nallah, Mayodia, 17-camp, 83-camp', 'source_name': 'timesofindia.indiatimes', 'source_link': 'http://timesofindia.indiatimes.com/Landslides-snap-road-links-in-Dibang-Valley/articleshow/12601499.cms'}",1063.0,27.91,114.15,3.12,12.66,,,,,,,,,,,
GLC-REAL-2344,1,observed_landslide,NASA_GLC_OBSERVATIONAL_GROUND_TRUTH,NASA_GLC,2010-08-27,Assam,24.7505,93.4221,Unknown,0,NASA_USGS_SRTM_30m,NASA_POWER_PRECTOTCORR_Daily,ISRIC_SoilGrids_2.0_Unavailable,ESA_WorldCover_Tile_Unavailable,"{'location_description': 'NH-53 at Nungba police station, Kambirong(?), Manipur', 'source_name': 'e-pao', 'source_link': 'http://www.e-pao.net/GP.asp?src=27..280810.aug10'}",787.0,10.76,37.87,8.73,15.13,,,,,,,,,,,
GLC-REAL-7263,1,observed_landslide,NASA_GLC_OBSERVATIONAL_GROUND_TRUTH,NASA_GLC,2015-07-22,Manipur,25.4477,94.0489,Unknown,0,NASA_USGS_SRTM_30m,NASA_POWER_PRECTOTCORR_Daily,ISRIC_SoilGrids_2.0_Unavailable,ESA_WorldCover_Tile_Unavailable,"{'location_description': '15 kms from Maram, National Highway-102/A (Maram Peren road)', 'source_name': 'The Sangai Express', 'source_link': 'http://www.thesangaiexpress.com/page/items/54212/massive-landslide-along-maram-peren-road-downpour-creates-havoc-in-different-parts'}",1332.0,24.69,43.53,10.3,41.39,,,,,,,,,,,
GLC-REAL-5271,1,observed_landslide,NASA_GLC_OBSERVATIONAL_GROUND_TRUTH,NASA_GLC,2013-08-04,Nagaland,26.284,94.5808,Unknown,0,NASA_USGS_SRTM_30m,NASA_POWER_PRECTOTCORR_Daily,ISRIC_SoilGrids_2.0_Unavailable,ESA_WorldCover_Tile_Unavailable,"{'location_description': 'Nanga, Nagaland', 'source_name': 'www.nagalandpost.com', 'source_link': 'http://www.nagalandpost.com/ChannelNews/State/StateNews.aspx?news=TkVXUzEwMDA0MjY4Nw%3D%3D-bSp8jh3okxw%3D'}",726.0,25.85,93.95,5.53,15.66,,,,,,,,,,,
GLC-REAL-4424,1,observed_landslide,NASA_GLC_OBSERVATIONAL_GROUND_TRUTH,NASA_GLC,2012-06-20,Assam,26.149,91.7351,Unknown,0,NASA_USGS_SRTM_30m,NASA_POWER_PRECTOTCORR_Daily,ISRIC_SoilGrids_2.0_Unavailable,ESA_WorldCover_Tile_Unavailable,"{'location_description': 'Lalunggaon, Guwahati,  Assam', 'source_name': 'twocircles.net', 'source_link': 'http://twocircles.net/2012jun22/landslide_kills_three_assam.html'}",53.0,2.86,90.0,32.69,36.57,,,,,,,,,,,
GLC-REAL-3525,1,observed_landslide,NASA_GLC_OBSERVATIONAL_GROUND_TRUTH,NASA_GLC,2011-05-22,Assam,25.0672,93.4093,Unknown,0,NASA_USGS_SRTM_30m,NASA_POWER_PRECTOTCORR_Daily,ISRIC_SoilGrids_2.0_Unavailable,ESA_WorldCover_Tile_Unavailable,"{'location_description': 'Kaiphundai(?)-Tousem(in Assam) road, Tamenglong district, Manipur', 'source_name': 'e-pao', 'source_link': 'http://www.e-pao.net/GP.asp?src=15..240511.may11'}",465.0,14.04,323.13,12.35,93.39,,,,,,,,,,,
GLC-REAL-7369,1,observed_landslide,NASA_GLC_OBSERVATIONAL_GROUND_TRUTH,NASA_GLC,2015-08-01,Manipur,24.1988,94.1016,Unknown,0,NASA_USGS_SRTM_30m,NASA_POWER_PRECTOTCORR_Daily,ISRIC_SoilGrids_2.0_Unavailable,ESA_WorldCover_Tile_Unavailable,"{'location_description': 'between Chalong and Paraolon', 'source_name': 'E-PAO', 'source_link': 'http://e-pao.net/GP.asp?src=21..020815.aug15'}",1392.0,22.37,21.37,2.09,71.58,,,,,,,,,,,
GLC-REAL-4892,1,observed_landslide,NASA_GLC_OBSERVATIONAL_GROUND_TRUTH,NASA_GLC,2013-06-01,Arunachal Pradesh,27.8776,94.25,Unknown,0,NASA_USGS_SRTM_30m,NASA_POWER_PRECTOTCORR_Daily,ISRIC_SoilGrids_2.0_Unavailable,ESA_WorldCover_Tile_Unavailable,"{'location_description': 'Upper Subansiri', 'source_name': 'articles.timesofindia.indiatimes.com', 'source_link': 'http://articles.timesofindia.indiatimes.com/2013-07-28/guwahati/40848148_1_daporijo-upper-subansiri-landslides'}",961.0,40.77,228.92,10.89,21.72,,,,,,,,,,,
GLC-REAL-4377,1,observed_landslide,NASA_GLC_OBSERVATIONAL_GROUND_TRUTH,NASA_GLC,2012-06-02,Assam,26.1475,91.7356,Unknown,0,NASA_USGS_SRTM_30m,NASA_POWER_PRECTOTCORR_Daily,ISRIC_SoilGrids_2.0_Unavailable,ESA_WorldCover_Tile_Unavailable,"{'location_description': 'Guwahati, Assam', 'source_name': 'ibnlive.in', 'source_link': 'http://ibnlive.in.com/generalnewsfeed/news/barrak-valley-cut-off-due-to-heavy-landslides/1007155.html'}",54.0,0.0,0.0,12.72,43.71,,,,,,,,,,,
GLC-REAL-5430,1,observed_landslide,NASA_GLC_OBSERVATIONAL_GROUND_TRUTH,NASA_GLC,2013-09-01,Manipur,24.9037,93.487,Unknown,0,NASA_USGS_SRTM_30m,NASA_POWER_PRECTOTCORR_Daily,ISRIC_SoilGrids_2.0_Unavailable,ESA_WorldCover_Tile_Unavailable,"{'location_description': 'Tamenglong- Khongsang Road, Manipur', 'source_name': 'e-pao.net', 'source_link': 'http://e-pao.net/GP.asp?src=24..050913.sep13'}",1259.0,34.16,335.32,5.42,8.29,,,,,,,,,,,
GLC-REAL-7264,1,observed_landslide,NASA_GLC_OBSERVATIONAL_GROUND_TRUTH,NASA_GLC,2015-07-22,Manipur,25.4538,93.9827,Unknown,0,NASA_USGS_SRTM_30m,NASA_POWER_PRECTOTCORR_Daily,ISRIC_SoilGrids_2.0_Unavailable,ESA_WorldCover_Tile_Unavailable,"{'location_description': '22 kms to 30 kms between Sangkungmai and Willong', 'source_name': 'The Sangai Express', 'source_link': 'http://www.thesangaiexpress.com/page/items/54212/massive-landslide-along-maram-peren-road-downpour-creates-havoc-in-different-parts'}",1778.0,24.59,10.49,10.3,41.39,,,,,,,,,,,
GLC-REAL-5006,1,observed_landslide,NASA_GLC_OBSERVATIONAL_GROUND_TRUTH,NASA_GLC,2013-07-01,Nagaland,26.1147,94.3864,Unknown,0,NASA_USGS_SRTM_30m,NASA_POWER_PRECTOTCORR_Daily,ISRIC_SoilGrids_2.0_Unavailable,ESA_WorldCover_Tile_Unavailable,"{'location_description': 'Thillong Village, Doyang Along State Highway 1, Wokha To Merapani Road', 'source_name': 'www.nagalandpost.com', 'source_link': 'http://www.nagalandpost.com/ChannelNews/State/StateNews.aspx?news=TkVXUzEwMDA0MDQ4MQ%3D%3D-gEvw8J4DIOI%3D'}",355.0,5.79,350.54,9.11,27.57,,,,,,,,,,,
GLC-REAL-9335,1,observed_landslide,NASA_GLC_OBSERVATIONAL_GROUND_TRUTH,NASA_GLC,2016-05-18,Assam,24.5202,92.7239,Unknown,0,NASA_USGS_SRTM_30m,NASA_POWER_PRECTOTCORR_Daily,ISRIC_SoilGrids_2.0_Unavailable,ESA_WorldCover_Tile_Unavailable,"{'location_description': 'Bilaipur, Hailakandi district, Assam, India', 'source_name': 'Indian Express', 'source_link': 'http://indianexpress.com/article/india/india-news-india/at-least-10-killed-in-landslides-in-assam-rescue-operations-underway-2806810/'}",43.0,0.95,90.0,75.63,179.71,,,,,,,,,,,
GLC-REAL-7279,1,observed_landslide,NASA_GLC_OBSERVATIONAL_GROUND_TRUTH,NASA_GLC,2015-07-24,Manipur,24.9818,93.5142,Unknown,0,NASA_USGS_SRTM_30m,NASA_POWER_PRECTOTCORR_Daily,ISRIC_SoilGrids_2.0_Unavailable,ESA_WorldCover_Tile_Unavailable,"{'location_description': 'Tamenglong Ward No-IV', 'source_name': 'E-PAO', 'source_link': 'http://e-pao.net/GP.asp?src=Snipp16..250715.jul15'}",1251.0,4.86,101.31,14.94,43.33,,,,,,,,,,,
GLC-REAL-6288,1,observed_landslide,NASA_GLC_OBSERVATIONAL_GROUND_TRUTH,NASA_GLC,2014-09-22,Assam,26.1985,91.7998,Unknown,0,NASA_USGS_SRTM_30m,NASA_POWER_PRECTOTCORR_Daily,ISRIC_SoilGrids_2.0_Unavailable,ESA_WorldCover_Tile_Unavailable,"{'location_description': 'Noonmati', 'source_name': 'Assam Tribune', 'source_link': 'http://www.assamtribune.com/scripts/detailsnew.asp?id=sep2414/at051'}",81.0,8.58,276.34,126.76,191.59,,,,,,,,,,,
GLC-REAL-5087,1,observed_landslide,NASA_GLC_OBSERVATIONAL_GROUND_TRUTH,NASA_GLC,2013-07-12,Nagaland,25.6269,94.1139,Unknown,0,NASA_USGS_SRTM_30m,NASA_POWER_PRECTOTCORR_Daily,ISRIC_SoilGrids_2.0_Unavailable,ESA_WorldCover_Tile_Unavailable,"{'location_description': 'National Highway 29 Near Phesama Village, Nagaland', 'source_name': 'www.thehindubusinessline.com', 'source_link': 'http://www.thehindubusinessline.com/news/states/landslides-disrupt-vehicular-movement-on-nh29/article4912110.ece'}",1572.0,14.27,121.61,18.68,107.07,,,,,,,,,,,
GLC-REAL-258,1,observed_landslide,NASA_GLC_OBSERVATIONAL_GROUND_TRUTH,NASA_GLC,2007-09-11,Manipur,24.4279,94.0564,Unknown,0,NASA_USGS_SRTM_30m,NASA_POWER_PRECTOTCORR_Daily,ISRIC_SoilGrids_2.0_Unavailable,ESA_WorldCover_Tile_Unavailable,"{'location_description': 'NH-39 at Imphal-Moreh section, Lokchao largest event', 'source_name': 'kanglaonline.com', 'source_link': 'http://www.kanglaonline.com/index.php?template=headline&newsid=39255&typeid=1'}",896.0,10.76,105.26,6.06,13.55,,,,,,,,,,,
GLC-REAL-5338,1,observed_landslide,NASA_GLC_OBSERVATIONAL_GROUND_TRUTH,NASA_GLC,2013-08-16,Assam,26.8727,94.9275,Unknown,0,NASA_USGS_SRTM_30m,NASA_POWER_PRECTOTCORR_Daily,ISRIC_SoilGrids_2.0_Unavailable,ESA_WorldCover_Tile_Unavailable,"{'location_description': 'Longlem, Nagaland', 'source_name': 'www.nagalandpost.com', 'source_link': 'http://www.nagalandpost.com/channelnews/state/StateNews.aspx?news=TkVXUzEwMDA0NDE4MQ%3D%3D-6hneqQH1frg%3D'}",134.0,2.13,26.57,36.7,45.85,,,,,,,,,,,
GLC-REAL-2411,1,observed_landslide,NASA_GLC_OBSERVATIONAL_GROUND_TRUTH,NASA_GLC,2010-09-10,Arunachal Pradesh,27.0011,93.7273,Unknown,0,NASA_USGS_SRTM_30m,NASA_POWER_PRECTOTCORR_Daily,ISRIC_SoilGrids_2.0_Unavailable,ESA_WorldCover_Tile_Unavailable,"{'location_description': 'districts Lakhimpur, Dhemaji, Golaghat, and Sonitpur, Assam province', 'source_name': 'timesofindia.indiatimes', 'source_link': 'http://timesofindia.indiatimes.com/india/13-killed-as-rains-wrack-havoc-in-north-and-eastern-India-/articleshow/6532367.cms'}",106.0,3.44,326.31,15.17,73.01,,,,,,,,,,,
GLC-REAL-6143,1,observed_landslide,NASA_GLC_OBSERVATIONAL_GROUND_TRUTH,NASA_GLC,2014-07-14,Mizoram,23.7327,92.7463,Unknown,0,NASA_USGS_SRTM_30m,NASA_POWER_PRECTOTCORR_Daily,ISRIC_SoilGrids_2.0_Unavailable,ESA_WorldCover_Tile_Unavailable,"{'location_description': 'Zembabawk, Aizawl', 'source_name': 'Business Standard', 'source_link': 'http://www.business-standard.com/article/pti-stories/rescue-operations-for-woman-swept-away-by-landslide-continue-114071500831_1.html'}",840.0,27.61,300.65,4.46,14.06,,,,,,,,,,,
GLC-REAL-9124,1,observed_landslide,NASA_GLC_OBSERVATIONAL_GROUND_TRUTH,NASA_GLC,2016-07-19,Meghalaya,25.203,90.5573,Unknown,0,NASA_USGS_SRTM_30m,NASA_POWER_PRECTOTCORR_Daily,ISRIC_SoilGrids_2.0_Unavailable,ESA_WorldCover_Tile_Unavailable,"{'location_description': 'Rongthragittim Songittal village, near Sibbari, South Garo Hills District, Meghalaya, India', 'source_name': 'Business Standard', 'source_link': 'http://www.business-standard.com/article/news-ani/over-hundred-homes-displaced-due-to-landslide-in-meghalaya-116072100406_1.html'}",146.0,17.75,308.66,39.27,219.59,,,,,,,,,,,
GLC-REAL-2282,1,observed_landslide,NASA_GLC_OBSERVATIONAL_GROUND_TRUTH,NASA_GLC,2010-08-19,Nagaland,26.1984,94.8158,Unknown,0,NASA_USGS_SRTM_30m,NASA_POWER_PRECTOTCORR_Daily,ISRIC_SoilGrids_2.0_Unavailable,ESA_WorldCover_Tile_Unavailable,"{'location_description': 'Tuensang-Kohima rd, 3 km outside Tuensang, Nagaland', 'source_name': 'indiablooms', 'source_link': 'http://www.indiablooms.com/EnvironmentDetailsPage/environmentDetails190810a.php'}",1881.0,29.21,63.43,13.74,29.82,,,,,,,,,,,
GLC-REAL-9338,1,observed_landslide,NASA_GLC_OBSERVATIONAL_GROUND_TRUTH,NASA_GLC,2016-05-18,Assam,24.4638,92.4943,Unknown,0,NASA_USGS_SRTM_30m,NASA_POWER_PRECTOTCORR_Daily,ISRIC_SoilGrids_2.0_Unavailable,ESA_WorldCover_Tile_Unavailable,"{'location_description': 'Sonachirra, Karimganj district, Assam, India', 'source_name': 'Indian Express', 'source_link': 'http://indianexpress.com/article/india/india-news-india/at-least-10-killed-in-landslides-in-assam-rescue-operations-underway-2806810/'}",101.0,11.98,45.0,75.63,179.71,,,,,,,,,,,
GLC-REAL-2421,1,observed_landslide,NASA_GLC_OBSERVATIONAL_GROUND_TRUTH,NASA_GLC,2010-09-13,Mizoram,23.75407,92.74129,Unknown,0,NASA_USGS_SRTM_30m,NASA_POWER_PRECTOTCORR_Daily,ISRIC_SoilGrids_2.0_Unavailable,ESA_WorldCover_Tile_Unavailable,"{'location_description': 'road to Muanna Godown, Zuangtui, Mizoram', 'source_name': 'Mizoram Express', 'source_link': 'http://mizoramexpress.com/index.php/2010/09/mizoram-landslides-kill-one-woman/'}",975.0,22.37,158.63,11.41,19.1,,,,,,,,,,,
GLC-REAL-2249,1,observed_landslide,NASA_GLC_OBSERVATIONAL_GROUND_TRUTH,NASA_GLC,2010-08-14,Nagaland,26.0814,94.803,Unknown,0,NASA_USGS_SRTM_30m,NASA_POWER_PRECTOTCORR_Daily,ISRIC_SoilGrids_2.0_Unavailable,ESA_WorldCover_Tile_Unavailable,"{'location_description': 'Kiphire-Tuensang rd, Nagaland', 'source_name': 'morungexpress', 'source_link': 'http://www.morungexpress.com/frontpage/53726.html'}",950.0,36.04,110.1,11.86,53.09,,,,,,,,,,,
GLC-REAL-8901,1,observed_landslide,NASA_GLC_OBSERVATIONAL_GROUND_TRUTH,NASA_GLC,2016-07-10,Nagaland,25.7902,94.1318,Unknown,0,NASA_USGS_SRTM_30m,NASA_POWER_PRECTOTCORR_Daily,ISRIC_SoilGrids_2.0_Unavailable,ESA_WorldCover_Tile_Unavailable,"{'location_description': 'National Highway 2, near Kohima, Nagaland, India', 'source_name': 'Business Standard', 'source_link': 'http://www.business-standard.com/article/news-ians/landslide-blocks-nh2-disrupting-traffic-to-and-from-manipur-116071000262_1.html'}",1286.0,10.56,169.7,14.38,23.03,,,,,,,,,,,
GLC-REAL-2283,1,observed_landslide,NASA_GLC_OBSERVATIONAL_GROUND_TRUTH,NASA_GLC,2010-08-19,Manipur,24.8961,93.4957,Unknown,0,NASA_USGS_SRTM_30m,NASA_POWER_PRECTOTCORR_Daily,ISRIC_SoilGrids_2.0_Unavailable,ESA_WorldCover_Tile_Unavailable,"{'location_description': '2 km from Khongsang village(?), road between Tamenglong and Imphal or Nungba, Manipur', 'source_name': 'e-pao.net', 'source_link': 'http://e-pao.net/GP.asp?src=21..210810.aug10'}",1069.0,32.95,162.03,8.39,19.28,,,,,,,,,,,
GLC-REAL-6016,1,observed_landslide,NASA_GLC_OBSERVATIONAL_GROUND_TRUTH,NASA_GLC,2014-05-09,Assam,24.8669,92.3576,Unknown,0,NASA_USGS_SRTM_30m,NASA_POWER_PRECTOTCORR_Daily,ISRIC_SoilGrids_2.0_Unavailable,ESA_WorldCover_Tile_Unavailable,"{'location_description': 'Satgarakul Village, Karimganj, Assam State', 'source_name': 'Sciency Thoughts', 'source_link': 'http://sciencythoughts.blogspot.com/2014/05/seven-members-of-one-family-killed-by.html'}",23.0,0.95,180.0,43.71,124.37,,,,,,,,,,,
GLC-REAL-215,1,observed_landslide,NASA_GLC_OBSERVATIONAL_GROUND_TRUTH,NASA_GLC,2007-08-28,Nagaland,25.7428,93.9136,Unknown,0,NASA_USGS_SRTM_30m,NASA_POWER_PRECTOTCORR_Daily,ISRIC_SoilGrids_2.0_Unavailable,ESA_WorldCover_Tile_Unavailable,"{'location_description': 'Phesema area at National Highway 39', 'source_name': 'Newkerala', 'source_link': 'http://www.newkerala.com/july.php?action=fullnews&id=56364'}",465.0,19.79,76.61,3.08,14.24,,,,,,,,,,,
GLC-REAL-7780,1,observed_landslide,NASA_GLC_OBSERVATIONAL_GROUND_TRUTH,NASA_GLC,2015-08-26,Mizoram,23.3572,92.7878,Unknown,0,NASA_USGS_SRTM_30m,NASA_POWER_PRECTOTCORR_Daily,ISRIC_SoilGrids_2.0_Unavailable,ESA_WorldCover_Tile_Unavailable,"{'location_description': 'Sailam village', 'source_name': 'Indian Express', 'source_link': 'http://indianexpress.com/article/india/india-others/several-houses-swept-away-in-mudslide-in-the-mizoram-town-of-phullen/'}",1379.0,9.32,293.96,2.74,4.43,,,,,,,,,,,
GLC-REAL-2281,1,observed_landslide,NASA_GLC_OBSERVATIONAL_GROUND_TRUTH,NASA_GLC,2010-08-19,Nagaland,25.6156,94.11603,Unknown,0,NASA_USGS_SRTM_30m,NASA_POWER_PRECTOTCORR_Daily,ISRIC_SoilGrids_2.0_Unavailable,ESA_WorldCover_Tile_Unavailable,"{'location_description': 'Kisima, Nagaland', 'source_name': 'E-PAO', 'source_link': 'http://www.indiablooms.com/EnvironmentDetailsPage/environmentDetails190810a.php'}",1620.0,30.1,198.43,10.84,27.29,,,,,,,,,,,
GLC-REAL-1996,1,observed_landslide,NASA_GLC_OBSERVATIONAL_GROUND_TRUTH,NASA_GLC,2010-06-17,Nagaland,26.4333,94.8833,Unknown,0,NASA_USGS_SRTM_30m,NASA_POWER_PRECTOTCORR_Daily,ISRIC_SoilGrids_2.0_Unavailable,ESA_WorldCover_Tile_Unavailable,"{'location_description': 'Shayoung Ward(?), Longleng, Nagaland', 'source_name': 'morungexpress', 'source_link': 'http://www.morungexpress.com/local/50546.html'}",556.0,25.92,59.04,2.62,54.18,,,,,,,,,,,
GLC-REAL-6283,1,observed_landslide,NASA_GLC_OBSERVATIONAL_GROUND_TRUTH,NASA_GLC,2014-09-22,Assam,26.1314,91.7548,Unknown,0,NASA_USGS_SRTM_30m,NASA_POWER_PRECTOTCORR_Daily,ISRIC_SoilGrids_2.0_Unavailable,ESA_WorldCover_Tile_Unavailable,"{'location_description': 'Dakhingaon', 'source_name': 'Assam Tribune', 'source_link': 'http://www.assamtribune.com/scripts/detailsnew.asp?id=sep2414/at051'}",77.0,7.83,75.96,126.76,191.59,,,,,,,,,,,
GLC-REAL-8930,1,observed_landslide,NASA_GLC_OBSERVATIONAL_GROUND_TRUTH,NASA_GLC,2016-07-11,Nagaland,26.1699,94.4922,Unknown,0,NASA_USGS_SRTM_30m,NASA_POWER_PRECTOTCORR_Daily,ISRIC_SoilGrids_2.0_Unavailable,ESA_WorldCover_Tile_Unavailable,"{'location_description': 'North Point Colony, Akuluto, Nagaland, India', 'source_name': 'Nagaland Post', 'source_link': 'https://issuu.com/nagalandpost90/docs/july_13__2016'}",1167.0,37.48,47.64,8.39,28.43,,,,,,,,,,,
GLC-REAL-869,1,observed_landslide,NASA_GLC_OBSERVATIONAL_GROUND_TRUTH,NASA_GLC,2008-10-29,Assam,27.2333,94.1167,Unknown,0,NASA_USGS_SRTM_30m,NASA_POWER_PRECTOTCORR_Daily,ISRIC_SoilGrids_2.0_Unavailable,ESA_WorldCover_Tile_Unavailable,"{'location_description': 'North Lakhimpur ', 'source_name': 'rttnews', 'source_link': 'http://www.rttnews.com/ArticleView.aspx?Id=758386&SMap=1'}",88.0,2.13,333.43,0.0,19.84,,,,,,,,,,,
GLC-REAL-285,1,observed_landslide,NASA_GLC_OBSERVATIONAL_GROUND_TRUTH,NASA_GLC,2007-09-29,Mizoram,24.1293,92.6921,Unknown,0,NASA_USGS_SRTM_30m,NASA_POWER_PRECTOTCORR_Daily,ISRIC_SoilGrids_2.0_Unavailable,ESA_WorldCover_Tile_Unavailable,"{'location_description': 'National Highway, 45 Aizwal (Mizoram)', 'source_name': 'Newkerala', 'source_link': 'http://www.newkerala.com/oct.php?action=fullnews&id=7498'}",829.0,13.07,158.96,4.42,4.61,,,,,,,,,,,
GLC-REAL-3662,1,observed_landslide,NASA_GLC_OBSERVATIONAL_GROUND_TRUTH,NASA_GLC,2011-06-28,Manipur,25.03562,94.01442,Unknown,0,NASA_USGS_SRTM_30m,NASA_POWER_PRECTOTCORR_Daily,ISRIC_SoilGrids_2.0_Unavailable,ESA_WorldCover_Tile_Unavailable,"{'location_description': 'Ikou-Gangpijang road, near: Ikou, Saikul, and Gangpijang; Imphal India', 'source_name': 'E-PAO', 'source_link': 'http://e-pao.net/GP.asp?src=7..290611.jun11'}",869.0,24.17,211.33,12.9,73.66,,,,,,,,,,,
GLC-REAL-5427,1,observed_landslide,NASA_GLC_OBSERVATIONAL_GROUND_TRUTH,NASA_GLC,2013-08-15,Nagaland,25.3833,94.1884,Unknown,0,NASA_USGS_SRTM_30m,NASA_POWER_PRECTOTCORR_Daily,ISRIC_SoilGrids_2.0_Unavailable,ESA_WorldCover_Tile_Unavailable,"{'location_description': 'Koide Government High School, Senapati, Manipur', 'source_name': 'e-pao.net', 'source_link': 'http://e-pao.net/GP.asp?src=Snipp8..230813.aug13'}",1685.0,23.77,330.52,4.08,74.99,,,,,,,,,,,
GLC-REAL-8339,1,observed_landslide,NASA_GLC_OBSERVATIONAL_GROUND_TRUTH,NASA_GLC,2015-09-23,Assam,26.1666,91.7042,Unknown,0,NASA_USGS_SRTM_30m,NASA_POWER_PRECTOTCORR_Daily,ISRIC_SoilGrids_2.0_Unavailable,ESA_WorldCover_Tile_Unavailable,"{'location_description': 'Kamakhya Temple', 'source_name': 'Assam Times', 'source_link': 'http://www.assamtimes.org/node/15150'}",236.0,15.18,317.49,61.13,106.92,,,,,,,,,,,
GLC-REAL-4905,1,observed_landslide,NASA_GLC_OBSERVATIONAL_GROUND_TRUTH,NASA_GLC,2013-06-07,Nagaland,26.0977,94.7031,Unknown,0,NASA_USGS_SRTM_30m,NASA_POWER_PRECTOTCORR_Daily,ISRIC_SoilGrids_2.0_Unavailable,ESA_WorldCover_Tile_Unavailable,"{'location_description': 'Kuthur – Huker Road Via Y Anner, Chessore, Nagaland', 'source_name': 'www.nagalandpost.com', 'source_link': 'http://www.nagalandpost.com/channelnews/state/StateNews.aspx?news=TkVXUzEwMDA0NjAwNw%3D%3D-%2FtfIAOw1uMk%3D'}",1710.0,31.05,48.37,9.11,20.54,,,,,,,,,,,
GLC-REAL-9186,1,observed_landslide,NASA_GLC_OBSERVATIONAL_GROUND_TRUTH,NASA_GLC,2016-07-25,Manipur,25.48,94.1383,Unknown,0,NASA_USGS_SRTM_30m,NASA_POWER_PRECTOTCORR_Daily,ISRIC_SoilGrids_2.0_Unavailable,ESA_WorldCover_Tile_Unavailable,"{'location_description': 'Imphal-Dimapur road  in Tadubi, Senapati district, Manipur, India', 'source_name': 'E-Pao', 'source_link': 'http://www.e-pao.net/GP.asp?src=Snipp1..260716.jul16'}",1705.0,17.66,222.88,18.3,31.65,,,,,,,,,,,
GLC-REAL-5107,1,observed_landslide,NASA_GLC_OBSERVATIONAL_GROUND_TRUTH,NASA_GLC,2013-07-15,Nagaland,25.6269,94.1139,Unknown,0,NASA_USGS_SRTM_30m,NASA_POWER_PRECTOTCORR_Daily,ISRIC_SoilGrids_2.0_Unavailable,ESA_WorldCover_Tile_Unavailable,"{'location_description': 'National Highway 29 Near Phesama Village, Nagaland', 'source_name': 'articles.timesofindia.indiatimes.com', 'source_link': 'http://articles.timesofindia.indiatimes.com/2013-07-15/guwahati/40589516_1_southern-angami-youth-organization-jessami-tadubi'}",1572.0,14.27,121.61,14.57,35.52,,,,,,,,,,,
GLC-REAL-7253,1,observed_landslide,NASA_GLC_OBSERVATIONAL_GROUND_TRUTH,NASA_GLC,2015-07-22,Assam,24.7979,92.9974,Unknown,0,NASA_USGS_SRTM_30m,NASA_POWER_PRECTOTCORR_Daily,ISRIC_SoilGrids_2.0_Unavailable,ESA_WorldCover_Tile_Unavailable,"{'location_description': 'Lakhipur', 'source_name': 'Assam Times', 'source_link': 'http://www.assamtimes.org/node/14309'}",28.0,0.95,270.0,18.11,52.6,,,,,,,,,,,
GLC-REAL-6286,1,observed_landslide,NASA_GLC_OBSERVATIONAL_GROUND_TRUTH,NASA_GLC,2014-09-22,Assam,26.1044,91.7082,Unknown,0,NASA_USGS_SRTM_30m,NASA_POWER_PRECTOTCORR_Daily,ISRIC_SoilGrids_2.0_Unavailable,ESA_WorldCover_Tile_Unavailable,"{'location_description': 'Garchuk', 'source_name': 'Assam Tribune', 'source_link': 'http://www.assamtribune.com/scripts/detailsnew.asp?id=sep2414/at051'}",54.0,2.7,135.0,126.76,191.59,,,,,,,,,,,
GLC-REAL-594,1,observed_landslide,NASA_GLC_OBSERVATIONAL_GROUND_TRUTH,NASA_GLC,2008-06-19,Manipur,24.9336,93.8275,Unknown,0,NASA_USGS_SRTM_30m,NASA_POWER_PRECTOTCORR_Daily,ISRIC_SoilGrids_2.0_Unavailable,ESA_WorldCover_Tile_Unavailable,"{'location_description': 'Namkaoluang village, Tamenglong-Sangrung (Khongsang) road, NH-53, Manipur', 'source_name': 'kanglaonline', 'source_link': 'http://www.kanglaonline.com/index.php?template=headline&newsid=42473&typeid=2'}",1033.0,15.92,173.29,6.03,24.82,,,,,,,,,,,
GLC-REAL-5337,1,observed_landslide,NASA_GLC_OBSERVATIONAL_GROUND_TRUTH,NASA_GLC,2013-08-16,Nagaland,26.4205,94.9731,Unknown,0,NASA_USGS_SRTM_30m,NASA_POWER_PRECTOTCORR_Daily,ISRIC_SoilGrids_2.0_Unavailable,ESA_WorldCover_Tile_Unavailable,"{'location_description': 'Yakshu, Nagaland', 'source_name': 'www.morungexpress.com', 'source_link': 'http://www.morungexpress.com/local/103875.html'}",688.0,24.63,250.91,39.28,53.14,,,,,,,,,,,
GLC-REAL-3881,1,observed_landslide,NASA_GLC_OBSERVATIONAL_GROUND_TRUTH,NASA_GLC,2011-08-05,Arunachal Pradesh,27.1034,93.6885,Unknown,0,NASA_USGS_SRTM_30m,NASA_POWER_PRECTOTCORR_Daily,ISRIC_SoilGrids_2.0_Unavailable,ESA_WorldCover_Tile_Unavailable,"{'location_description': 'Itanagar', 'source_name': 'articles.timesofindia', 'source_link': 'http://articles.timesofindia.indiatimes.com/2011-08-06/guwahati/29861700_1_water-supply-drinking-water-landslides'}",146.0,1.35,135.0,21.34,48.21,,,,,,,,,,,
GLC-REAL-3925,1,observed_landslide,NASA_GLC_OBSERVATIONAL_GROUND_TRUTH,NASA_GLC,2011-08-15,Arunachal Pradesh,27.4888,93.0153,Unknown,0,NASA_USGS_SRTM_30m,NASA_POWER_PRECTOTCORR_Daily,ISRIC_SoilGrids_2.0_Unavailable,ESA_WorldCover_Tile_Unavailable,"{'location_description': 'East Kameng, Arunachal Pradesh', 'source_name': 'indianexpress', 'source_link': 'http://www.indianexpress.com/news/landslides-cut-off-arunachal-districts-iaf-to-the-rescue/833599/'}",549.0,30.59,40.43,42.1,67.64,,,,,,,,,,,
GLC-REAL-7383,1,observed_landslide,NASA_GLC_OBSERVATIONAL_GROUND_TRUTH,NASA_GLC,2015-08-01,Manipur,23.899,94.1434,Unknown,0,NASA_USGS_SRTM_30m,NASA_POWER_PRECTOTCORR_Daily,ISRIC_SoilGrids_2.0_Unavailable,ESA_WorldCover_Tile_Unavailable,"{'location_description': 'Tuitung village, Khengjoi', 'source_name': 'Hindustan Times', 'source_link': 'http://www.hindustantimes.com/india/20-dead-several-houses-swept-away-in-manipur-landslide/story-KoP6OouFBWhqxSdcnLrXJN.html'}",266.0,12.23,247.38,2.09,71.58,,,,,,,,,,,
GLC-REAL-8900,1,observed_landslide,NASA_GLC_OBSERVATIONAL_GROUND_TRUTH,NASA_GLC,2016-07-07,Manipur,25.0118,94.3136,Unknown,0,NASA_USGS_SRTM_30m,NASA_POWER_PRECTOTCORR_Daily,ISRIC_SoilGrids_2.0_Unavailable,ESA_WorldCover_Tile_Unavailable,"{'location_description': 'Imphal-Ukhrul sector of National Highway 102, Manipur, India', 'source_name': 'Eastern Mirror', 'source_link': 'http://www.easternmirrornagaland.com/landslide-hampers-nh-102-traffic-restored/'}",1395.0,3.44,56.31,11.95,28.19,,,,,,,,,,,
GLC-REAL-4757,1,observed_landslide,NASA_GLC_OBSERVATIONAL_GROUND_TRUTH,NASA_GLC,2013-02-18,Arunachal Pradesh,28.1193,95.1645,Unknown,0,NASA_USGS_SRTM_30m,NASA_POWER_PRECTOTCORR_Daily,ISRIC_SoilGrids_2.0_Unavailable,ESA_WorldCover_Tile_Unavailable,"{'location_description': 'East Siang, Arunachal Pradesh', 'source_name': 'articles.timesofindia.indiatimes.com', 'source_link': 'http://articles.timesofindia.indiatimes.com/2013-02-20/guwahati/37199432_1_fire-mishap-east-siang-massive-landslide'}",791.0,40.39,304.62,2.93,5.34,,,,,,,,,,,
GLC-REAL-7666,1,observed_landslide,NASA_GLC_OBSERVATIONAL_GROUND_TRUTH,NASA_GLC,2015-08-11,Manipur,25.1019,93.3729,Unknown,0,NASA_USGS_SRTM_30m,NASA_POWER_PRECTOTCORR_Daily,ISRIC_SoilGrids_2.0_Unavailable,ESA_WorldCover_Tile_Unavailable,"{'location_description': 'Tousem', 'source_name': 'E-PAO', 'source_link': 'http://e-pao.net/GP.asp?src=26..120815.aug15'}",1144.0,4.04,315.0,5.63,34.46,,,,,,,,,,,
GLC-REAL-2045,1,observed_landslide,NASA_GLC_OBSERVATIONAL_GROUND_TRUTH,NASA_GLC,2010-07-06,Nagaland,26.2363,94.8133,Unknown,0,NASA_USGS_SRTM_30m,NASA_POWER_PRECTOTCORR_Daily,ISRIC_SoilGrids_2.0_Unavailable,ESA_WorldCover_Tile_Unavailable,"{'location_description': 'Tuensang, Nagaland', 'source_name': 'morungexpress', 'source_link': 'http://www.morungexpress.com/local/51540.html'}",1565.0,13.26,135.0,9.26,32.72,,,,,,,,,,,
GLC-REAL-7701,1,observed_landslide,NASA_GLC_OBSERVATIONAL_GROUND_TRUTH,NASA_GLC,2015-08-19,Nagaland,25.6278,94.1051,Unknown,0,NASA_USGS_SRTM_30m,NASA_POWER_PRECTOTCORR_Daily,ISRIC_SoilGrids_2.0_Unavailable,ESA_WorldCover_Tile_Unavailable,"{'location_description': 'Phesama', 'source_name': 'Nagaland Post', 'source_link': 'http://nagalandpost.com/ChannelNews/State/StateNews.aspx?news=TkVXUzEwMDA4NTE4Nw%3D%3D'}",1527.0,15.5,147.26,8.1,17.36,,,,,,,,,,,
GLC-REAL-2422,1,observed_landslide,NASA_GLC_OBSERVATIONAL_GROUND_TRUTH,NASA_GLC,2010-09-13,Mizoram,23.74183,92.71419,Unknown,0,NASA_USGS_SRTM_30m,NASA_POWER_PRECTOTCORR_Daily,ISRIC_SoilGrids_2.0_Unavailable,ESA_WorldCover_Tile_Unavailable,"{'location_description': 'Hunthar Veng, Mizoram', 'source_name': 'Mizoram Express', 'source_link': 'http://mizoramexpress.com/index.php/2010/09/mizoram-landslides-kill-one-woman/'}",934.0,17.01,29.36,9.93,17.18,,,,,,,,,,,
GLC-REAL-6513,1,observed_landslide,NASA_GLC_OBSERVATIONAL_GROUND_TRUTH,NASA_GLC,2014-08-14,Tripura,23.0137,91.7174,Unknown,0,NASA_USGS_SRTM_30m,NASA_POWER_PRECTOTCORR_Daily,ISRIC_SoilGrids_2.0_Unavailable,ESA_WorldCover_Tile_Unavailable,"{'location_description': 'Sabroom', 'source_name': 'New Indian Express', 'source_link': 'http://www.newindianexpress.com/nation/Landslide-Kills-Three-in-Tripura/2014/08/15/article2381042.ece'}",29.0,2.13,26.57,85.53,181.53,,,,,,,,,,,
GLC-REAL-2248,1,observed_landslide,NASA_GLC_OBSERVATIONAL_GROUND_TRUTH,NASA_GLC,2010-08-14,Nagaland,26.222,94.9152,Unknown,0,NASA_USGS_SRTM_30m,NASA_POWER_PRECTOTCORR_Daily,ISRIC_SoilGrids_2.0_Unavailable,ESA_WorldCover_Tile_Unavailable,"{'location_description': 'Noklak-Tuensang road, Nagaland', 'source_name': 'morungexpress', 'source_link': 'http://www.morungexpress.com/frontpage/53726.html'}",1757.0,29.21,63.43,11.86,53.09,,,,,,,,,,,
GLC-REAL-5268,1,observed_landslide,NASA_GLC_OBSERVATIONAL_GROUND_TRUTH,NASA_GLC,2013-08-04,Nagaland,26.0137,94.5163,Unknown,0,NASA_USGS_SRTM_30m,NASA_POWER_PRECTOTCORR_Daily,ISRIC_SoilGrids_2.0_Unavailable,ESA_WorldCover_Tile_Unavailable,"{'location_description': 'Zunheboto, Nagaland', 'source_name': 'www.morungexpress.com', 'source_link': 'http://www.morungexpress.com/local/101605.html'}",1727.0,6.85,303.69,5.78,14.93,,,,,,,,,,,
GLC-REAL-6106,1,observed_landslide,NASA_GLC_OBSERVATIONAL_GROUND_TRUTH,NASA_GLC,2014-06-26,Assam,26.1407,91.7645,Unknown,0,NASA_USGS_SRTM_30m,NASA_POWER_PRECTOTCORR_Daily,ISRIC_SoilGrids_2.0_Unavailable,ESA_WorldCover_Tile_Unavailable,"{'location_description': 'Narakasur', 'source_name': 'Two Circles', 'source_link': 'http://twocircles.net/2014jun27/8_killed_assam_landslides_electrocution.html#.U70ydPldU1L'}",62.0,2.86,270.0,14.23,20.69,,,,,,,,,,,
GLC-REAL-3965,1,observed_landslide,NASA_GLC_OBSERVATIONAL_GROUND_TRUTH,NASA_GLC,2011-09-06,Assam,24.808,93.117,Unknown,0,NASA_USGS_SRTM_30m,NASA_POWER_PRECTOTCORR_Daily,ISRIC_SoilGrids_2.0_Unavailable,ESA_WorldCover_Tile_Unavailable,"{'location_description': 'NH 37 at Awang Khul\xa0', 'source_name': 'e-pao.net', 'source_link': 'http://e-pao.net/GP.asp?src=Snipp8..080911.sep11'}",41.0,5.13,111.8,22.29,30.58,,,,,,,,,,,
GLC-REAL-6969,1,observed_landslide,NASA_GLC_OBSERVATIONAL_GROUND_TRUTH,NASA_GLC,2015-06-16,Meghalaya,25.5114,90.215,Unknown,0,NASA_USGS_SRTM_30m,NASA_POWER_PRECTOTCORR_Daily,ISRIC_SoilGrids_2.0_Unavailable,ESA_WorldCover_Tile_Unavailable,"{'location_description': 'Nakham Bazaar, Tura, Meghalaya', 'source_name': 'The Shillong Times', 'source_link': 'http://www.theshillongtimes.com/2015/06/17/entire-family-among-5-dead-in-tura-landslides/'}",307.0,7.42,50.19,27.16,62.64,,,,,,,,,,,
GLC-REAL-2044,1,observed_landslide,NASA_GLC_OBSERVATIONAL_GROUND_TRUTH,NASA_GLC,2010-07-06,Nagaland,25.8877,94.7861,Unknown,0,NASA_USGS_SRTM_30m,NASA_POWER_PRECTOTCORR_Daily,ISRIC_SoilGrids_2.0_Unavailable,ESA_WorldCover_Tile_Unavailable,"{'location_description': 'Kiphire,  Nagaland', 'source_name': 'morungexpress', 'source_link': 'http://www.morungexpress.com/local/51540.html'}",1172.0,6.65,90.0,9.26,32.72,,,,,,,,,,,
GLC-REAL-2587,1,observed_landslide,NASA_GLC_OBSERVATIONAL_GROUND_TRUTH,NASA_GLC,2010-10-10,Nagaland,25.6623,94.1072,Unknown,0,NASA_USGS_SRTM_30m,NASA_POWER_PRECTOTCORR_Daily,ISRIC_SoilGrids_2.0_Unavailable,ESA_WorldCover_Tile_Unavailable,"{'location_description': 'Lower Chandmari area, PWD department, Kohima, Manipur', 'source_name': 'morungexpress', 'source_link': 'http://www.morungexpress.com/local/56264.html'}",1387.0,10.56,169.7,0.87,76.09,,,,,,,,,,,
GLC-REAL-8684,1,observed_landslide,NASA_GLC_OBSERVATIONAL_GROUND_TRUTH,NASA_GLC,2016-07-07,Assam,25.9611,91.3681,Unknown,0,NASA_USGS_SRTM_30m,NASA_POWER_PRECTOTCORR_Daily,ISRIC_SoilGrids_2.0_Unavailable,ESA_WorldCover_Tile_Unavailable,"{'location_description': 'Kamrup district, Assam, India', 'source_name': 'Hindustan Times', 'source_link': 'http://www.hindustantimes.com/india-news/two-killed-due-to-landslide-in-assam/story-iWPiQmWinCDc8gZotcTmFM.html'}",182.0,5.13,291.8,24.29,49.8,,,,,,,,,,,
GLC-REAL-1596,1,observed_landslide,NASA_GLC_OBSERVATIONAL_GROUND_TRUTH,NASA_GLC,2010-03-27,Manipur,24.7339,93.9161,Unknown,0,NASA_USGS_SRTM_30m,NASA_POWER_PRECTOTCORR_Daily,ISRIC_SoilGrids_2.0_Unavailable,ESA_WorldCover_Tile_Unavailable,"{'location_description': 'LangthAbal Khoupum, Imphal, Manipur', 'source_name': 'news.oneindia', 'source_link': 'http://news.oneindia.in/2010/03/29/rainsstorm-cause-havoc-inmanipur.html'}",883.0,13.82,241.7,11.35,12.42,,,,,,,,,,,
GLC-REAL-1771,1,observed_landslide,NASA_GLC_OBSERVATIONAL_GROUND_TRUTH,NASA_GLC,2010-04-20,Assam,26.1978,91.7665,Unknown,0,NASA_USGS_SRTM_30m,NASA_POWER_PRECTOTCORR_Daily,ISRIC_SoilGrids_2.0_Unavailable,ESA_WorldCover_Tile_Unavailable,"{'location_description': 'Raj Bhavan Guwahati, Assam', 'source_name': 'assamtribune', 'source_link': 'http://www.assamtribune.com/scripts/detailsnew.asp?id=apr2110/at06'}",88.0,17.57,180.0,33.21,123.36,,,,,,,,,,,
GLC-REAL-7364,1,observed_landslide,NASA_GLC_OBSERVATIONAL_GROUND_TRUTH,NASA_GLC,2015-07-31,Manipur,24.819,94.3551,Unknown,0,NASA_USGS_SRTM_30m,NASA_POWER_PRECTOTCORR_Daily,ISRIC_SoilGrids_2.0_Unavailable,ESA_WorldCover_Tile_Unavailable,"{'location_description': 'Phungyar road', 'source_name': 'E-PAO', 'source_link': 'http://e-pao.net/GP.asp?src=22..010815.aug15'}",1610.0,28.73,340.46,79.86,103.04,,,,,,,,,,,
GLC-REAL-6968,1,observed_landslide,NASA_GLC_OBSERVATIONAL_GROUND_TRUTH,NASA_GLC,2015-06-13,Meghalaya,25.463,92.2121,Unknown,0,NASA_USGS_SRTM_30m,NASA_POWER_PRECTOTCORR_Daily,ISRIC_SoilGrids_2.0_Unavailable,ESA_WorldCover_Tile_Unavailable,"{'location_description': 'Ratacherra village along the NH-44 connecting to Barak Valley in Assam and Tripura, Meghalaya, Mizoramon', 'source_name': 'newKarala', 'source_link': 'http://www.newkerala.com/news/2015/fullnews-73439.html'}",1384.0,2.13,26.57,32.26,105.13,,,,,,,,,,,
GLC-REAL-7373,1,observed_landslide,NASA_GLC_OBSERVATIONAL_GROUND_TRUTH,NASA_GLC,2015-08-01,Manipur,24.9111,94.4759,Unknown,0,NASA_USGS_SRTM_30m,NASA_POWER_PRECTOTCORR_Daily,ISRIC_SoilGrids_2.0_Unavailable,ESA_WorldCover_Tile_Unavailable,"{'location_description': 'between Maku village and Kamjong sub division', 'source_name': 'E-PAO', 'source_link': 'http://e-pao.net/GP.asp?src=22..020815.aug15'}",1831.0,24.75,139.4,4.9,104.34,,,,,,,,,,,
GLC-REAL-4570,1,observed_landslide,NASA_GLC_OBSERVATIONAL_GROUND_TRUTH,NASA_GLC,2012-09-19,Arunachal Pradesh,27.8458,95.2253,Unknown,0,NASA_USGS_SRTM_30m,NASA_POWER_PRECTOTCORR_Daily,ISRIC_SoilGrids_2.0_Unavailable,ESA_WorldCover_Tile_Unavailable,"{'location_description': '\xa0Arunachal Pradesh\xa0', 'source_name': 'articles.timesofindia', 'source_link': 'http://articles.timesofindia.indiatimes.com/2012-09-19/guwahati/33951873_1_landslides-road-communication-water-tank'}",133.0,0.95,90.0,62.91,108.4,,,,,,,,,,,
GLC-REAL-1935,1,observed_landslide,NASA_GLC_OBSERVATIONAL_GROUND_TRUTH,NASA_GLC,2010-06-03,Tripura,23.8986,91.7599,Unknown,0,NASA_USGS_SRTM_30m,NASA_POWER_PRECTOTCORR_Daily,ISRIC_SoilGrids_2.0_Unavailable,ESA_WorldCover_Tile_Unavailable,"{'location_description': 'atharamura hills, Highway 44, Tripura', 'source_name': 'Telegraph India', 'source_link': 'http://www.telegraphindia.com/1100605/jsp/northeast/story_12529386.jsp'}",190.0,6.72,261.87,40.65,82.29,,,,,,,,,,,
GLC-REAL-2577,1,observed_landslide,NASA_GLC_OBSERVATIONAL_GROUND_TRUTH,NASA_GLC,2010-10-09,Nagaland,25.5265,93.8673,Unknown,0,NASA_USGS_SRTM_30m,NASA_POWER_PRECTOTCORR_Daily,ISRIC_SoilGrids_2.0_Unavailable,ESA_WorldCover_Tile_Unavailable,"{'location_description': 'NH-39 near Khongnem(?) village, between Imphal and Dimapur, Manipur', 'source_name': 'e-pao', 'source_link': 'http://www.e-pao.net/GP.asp?src=5..101010.oct10'}",1373.0,24.48,23.75,26.82,107.81,,,,,,,,,,,
GLC-REAL-7276,1,observed_landslide,NASA_GLC_OBSERVATIONAL_GROUND_TRUTH,NASA_GLC,2015-07-25,Assam,26.1062,91.8717,Unknown,0,NASA_USGS_SRTM_30m,NASA_POWER_PRECTOTCORR_Daily,ISRIC_SoilGrids_2.0_Unavailable,ESA_WorldCover_Tile_Unavailable,"{'source_name': 'ASSAM Talks', 'source_link': 'http://www.assamtalks.com/2-killed-in-jorabat-landslide.html'}",248.0,8.74,12.53,11.76,44.78,,,,,,,,,,,
GLC-REAL-2576,1,observed_landslide,NASA_GLC_OBSERVATIONAL_GROUND_TRUTH,NASA_GLC,2010-10-09,Nagaland,25.4788,94.1399,Unknown,0,NASA_USGS_SRTM_30m,NASA_POWER_PRECTOTCORR_Daily,ISRIC_SoilGrids_2.0_Unavailable,ESA_WorldCover_Tile_Unavailable,"{'location_description': 'NH-39 at Tobio village(?), 7 km form Tadubi, Manipur', 'source_name': 'e-pao', 'source_link': 'http://www.e-pao.net/GP.asp?src=5..101010.oct10'}",1644.0,15.18,259.38,23.12,99.99,,,,,,,,,,,
GLC-REAL-6293,1,observed_landslide,NASA_GLC_OBSERVATIONAL_GROUND_TRUTH,NASA_GLC,2014-10-20,Meghalaya,25.5006,90.0896,Unknown,0,NASA_USGS_SRTM_30m,NASA_POWER_PRECTOTCORR_Daily,ISRIC_SoilGrids_2.0_Unavailable,ESA_WorldCover_Tile_Unavailable,"{'location_description': 'South West Garo Hills', 'source_name': 'TIMES OF INDIA', 'source_link': 'http://timesofindia.indiatimes.com/city/guwahati/Landslide-deluge-kill-7-in-Meghalayas-Garo-Hills/articleshow/43174646.cms'}",47.0,3.93,284.04,0.0,0.07,,,,,,,,,,,
GLC-REAL-4858,1,observed_landslide,NASA_GLC_OBSERVATIONAL_GROUND_TRUTH,NASA_GLC,2013-05-11,Assam,26.1662,91.7138,Unknown,0,NASA_USGS_SRTM_30m,NASA_POWER_PRECTOTCORR_Daily,ISRIC_SoilGrids_2.0_Unavailable,ESA_WorldCover_Tile_Unavailable,"{'location_description': 'Nursery, North Guwahati, Guwahati, Assam,', 'source_name': 'articles.timesofindia.indiatimes.com', 'source_link': 'http://articles.timesofindia.indiatimes.com/2013-05-12/guwahati/39203561_1_artificial-floods-guwahati-municipal-corporation-gs-road'}",147.0,22.62,180.0,38.98,109.25,,,,,,,,,,,
GLC-REAL-5269,1,observed_landslide,NASA_GLC_OBSERVATIONAL_GROUND_TRUTH,NASA_GLC,2013-08-04,Nagaland,25.8376,94.5234,Unknown,0,NASA_USGS_SRTM_30m,NASA_POWER_PRECTOTCORR_Daily,ISRIC_SoilGrids_2.0_Unavailable,ESA_WorldCover_Tile_Unavailable,"{'location_description': 'Tizu, Nagaland', 'source_name': 'www.nagalandpost.com', 'source_link': 'http://www.nagalandpost.com/ChannelNews/State/StateNews.aspx?news=TkVXUzEwMDA0MjY4Nw%3D%3D-bSp8jh3okxw%3D'}",804.0,1.35,315.0,5.78,14.93,,,,,,,,,,,
GLC-REAL-5270,1,observed_landslide,NASA_GLC_OBSERVATIONAL_GROUND_TRUTH,NASA_GLC,2013-08-04,Nagaland,26.0481,94.4619,Unknown,0,NASA_USGS_SRTM_30m,NASA_POWER_PRECTOTCORR_Daily,ISRIC_SoilGrids_2.0_Unavailable,ESA_WorldCover_Tile_Unavailable,"{'location_description': 'Phizo, Nagaland', 'source_name': 'www.nagalandpost.com', 'source_link': 'http://www.nagalandpost.com/ChannelNews/State/StateNews.aspx?news=TkVXUzEwMDA0MjY4Nw%3D%3D-bSp8jh3okxw%3D'}",866.0,29.93,337.89,5.78,14.93,,,,,,,,,,,
GLC-REAL-6284,1,observed_landslide,NASA_GLC_OBSERVATIONAL_GROUND_TRUTH,NASA_GLC,2014-09-22,Assam,26.1324,91.8342,Unknown,0,NASA_USGS_SRTM_30m,NASA_POWER_PRECTOTCORR_Daily,ISRIC_SoilGrids_2.0_Unavailable,ESA_WorldCover_Tile_Unavailable,"{'location_description': 'Batahghuli', 'source_name': 'Assam Tribune', 'source_link': 'http://www.assamtribune.com/scripts/detailsnew.asp?id=sep2414/at051'}",70.0,3.81,90.0,126.76,191.59,,,,,,,,,,,
GLC-REAL-9251,1,observed_landslide,NASA_GLC_OBSERVATIONAL_GROUND_TRUTH,NASA_GLC,2016-07-28,Nagaland,25.8702,94.7844,Unknown,0,NASA_USGS_SRTM_30m,NASA_POWER_PRECTOTCORR_Daily,ISRIC_SoilGrids_2.0_Unavailable,ESA_WorldCover_Tile_Unavailable,"{'location_description': 'Government Middle School (GMS) Kiphire station “B”, Kiphire, Nagaland, India', 'source_name': 'Nagaland Post', 'source_link': 'http://nagalandpost.com/ChannelNews/State/StateNews.aspx?news=TkVXUzEwMDEwMDI0Mw%3D%3D'}",1148.0,3.44,146.31,28.36,51.51,,,,,,,,,,,
GLC-REAL-7699,1,observed_landslide,NASA_GLC_OBSERVATIONAL_GROUND_TRUTH,NASA_GLC,2015-08-19,Nagaland,26.0214,94.5224,Unknown,0,NASA_USGS_SRTM_30m,NASA_POWER_PRECTOTCORR_Daily,ISRIC_SoilGrids_2.0_Unavailable,ESA_WorldCover_Tile_Unavailable,"{'location_description': 'Zunheboto district', 'source_name': 'Web India 123', 'source_link': 'http://news.webindia123.com/news/Articles/India/20150819/2663754.html'}",1622.0,32.06,334.8,14.28,30.55,,,,,,,,,,,
GLC-REAL-7664,1,observed_landslide,NASA_GLC_OBSERVATIONAL_GROUND_TRUTH,NASA_GLC,2015-08-11,Manipur,24.7459,93.4251,Unknown,0,NASA_USGS_SRTM_30m,NASA_POWER_PRECTOTCORR_Daily,ISRIC_SoilGrids_2.0_Unavailable,ESA_WorldCover_Tile_Unavailable,"{'location_description': 'Nungba', 'source_name': 'E-PAO', 'source_link': 'http://e-pao.net/GP.asp?src=26..120815.aug15'}",768.0,3.44,123.69,5.97,40.38,,,,,,,,,,,
GLC-REAL-7589,1,observed_landslide,NASA_GLC_OBSERVATIONAL_GROUND_TRUTH,NASA_GLC,2015-08-19,Meghalaya,25.2568,92.3825,Unknown,0,NASA_USGS_SRTM_30m,NASA_POWER_PRECTOTCORR_Daily,ISRIC_SoilGrids_2.0_Unavailable,ESA_WorldCover_Tile_Unavailable,"{'location_description': 'National Highway 44', 'source_name': 'International Business Times', 'source_link': 'http://www.ibtimes.co.in/meghalaya-massive-landslide-east-jaintia-hills-flash-floods-shillong-hit-normal-life-643439'}",803.0,5.55,300.96,35.06,81.02,,,,,,,,,,,
GLC-REAL-7887,1,observed_landslide,NASA_GLC_OBSERVATIONAL_GROUND_TRUTH,NASA_GLC,2015-08-16,Arunachal Pradesh,27.8835,96.9262,Unknown,0,NASA_USGS_SRTM_30m,NASA_POWER_PRECTOTCORR_Daily,ISRIC_SoilGrids_2.0_Unavailable,ESA_WorldCover_Tile_Unavailable,"{'location_description': 'Hawai', 'source_name': 'The Times of India', 'source_link': 'http://timesofindia.indiatimes.com/city/guwahati/Landslide-cuts-off-Anjaw-district-food-prices-rise/articleshow/48715682.cms'}",976.0,42.2,323.97,7.42,24.99,,,,,,,,,,,
GLC-REAL-9404,1,observed_landslide,NASA_GLC_OBSERVATIONAL_GROUND_TRUTH,NASA_GLC,2016-05-01,Arunachal Pradesh,28.0822,96.5316,Unknown,0,NASA_USGS_SRTM_30m,NASA_POWER_PRECTOTCORR_Daily,ISRIC_SoilGrids_2.0_Unavailable,ESA_WorldCover_Tile_Unavailable,"{'location_description': 'Hayuliang, Anjaw district,Arunachal Pradesh, India', 'source_name': 'Business Standard', 'source_link': 'http://www.business-standard.com/article/pti-stories/landslides-in-arunachal-district-no-loss-of-life-116050200846_1.html'}",581.0,31.43,11.0,6.31,22.57,,,,,,,,,,,
GLC-REAL-6287,1,observed_landslide,NASA_GLC_OBSERVATIONAL_GROUND_TRUTH,NASA_GLC,2014-09-22,Assam,26.1295,91.7056,Unknown,0,NASA_USGS_SRTM_30m,NASA_POWER_PRECTOTCORR_Daily,ISRIC_SoilGrids_2.0_Unavailable,ESA_WorldCover_Tile_Unavailable,"{'location_description': 'Dhirenpara', 'source_name': 'Assam Tribune', 'source_link': 'http://www.assamtribune.com/scripts/detailsnew.asp?id=sep2414/at051'}",144.0,4.76,53.13,126.76,191.59,,,,,,,,,,,
GLC-REAL-2304,1,observed_landslide,NASA_GLC_OBSERVATIONAL_GROUND_TRUTH,NASA_GLC,2010-08-21,Nagaland,25.5718,94.1211,Unknown,0,NASA_USGS_SRTM_30m,NASA_POWER_PRECTOTCORR_Daily,ISRIC_SoilGrids_2.0_Unavailable,ESA_WorldCover_Tile_Unavailable,"{'location_description': 'NH 39 at Kigwema(?), between Mao Gate and Kohima, Nagaland', 'source_name': 'e-pao', 'source_link': 'http://www.e-pao.net/GP.asp?src=21..210810.aug10'}",1625.0,7.65,119.74,5.7,25.64,,,,,,,,,,,
GLC-REAL-5273,1,observed_landslide,NASA_GLC_OBSERVATIONAL_GROUND_TRUTH,NASA_GLC,2013-08-04,Nagaland,26.1807,94.5497,Unknown,0,NASA_USGS_SRTM_30m,NASA_POWER_PRECTOTCORR_Daily,ISRIC_SoilGrids_2.0_Unavailable,ESA_WorldCover_Tile_Unavailable,"{'location_description': 'Zhekuto, Nagaland', 'source_name': 'www.nagalandpost.com', 'source_link': 'http://www.nagalandpost.com/ChannelNews/State/StateNews.aspx?news=TkVXUzEwMDA0MjY4Nw%3D%3D-bSp8jh3okxw%3D'}",1648.0,28.08,268.21,5.78,14.93,,,,,,,,,,,
GLC-REAL-8995,1,observed_landslide,NASA_GLC_OBSERVATIONAL_GROUND_TRUTH,NASA_GLC,2016-07-14,Assam,26.1963,91.8074,Unknown,0,NASA_USGS_SRTM_30m,NASA_POWER_PRECTOTCORR_Daily,ISRIC_SoilGrids_2.0_Unavailable,ESA_WorldCover_Tile_Unavailable,"{'location_description': 'Noonmati Nijarapar area of the city, Guwahati, Assam, India', 'source_name': 'Indian Express', 'source_link': 'http://indianexpress.com/article/india/india-news-india/separate-landslides-kill-two-in-assam-2913748/'}",174.0,15.04,209.74,7.89,16.48,,,,,,,,,,,
GLC-REAL-2567,1,observed_landslide,NASA_GLC_OBSERVATIONAL_GROUND_TRUTH,NASA_GLC,2010-10-08,Manipur,25.6633,94.4703,Unknown,0,NASA_USGS_SRTM_30m,NASA_POWER_PRECTOTCORR_Daily,ISRIC_SoilGrids_2.0_Unavailable,ESA_WorldCover_Tile_Unavailable,"{'location_description': 'Phek, Manipur', 'source_name': 'morungexpress', 'source_link': 'http://www.morungexpress.com/local/56264.html'}",1452.0,7.65,352.87,52.1,92.98,,,,,,,,,,,
GLC-REAL-6285,1,observed_landslide,NASA_GLC_OBSERVATIONAL_GROUND_TRUTH,NASA_GLC,2014-09-22,Assam,26.159,91.8178,Unknown,0,NASA_USGS_SRTM_30m,NASA_POWER_PRECTOTCORR_Daily,ISRIC_SoilGrids_2.0_Unavailable,ESA_WorldCover_Tile_Unavailable,"{'location_description': 'VIP Road', 'source_name': 'Assam Tribune', 'source_link': 'http://www.assamtribune.com/scripts/detailsnew.asp?id=sep2414/at051'}",65.0,8.1,249.44,126.76,191.59,,,,,,,,,,,
GLC-REAL-868,1,observed_landslide,NASA_GLC_OBSERVATIONAL_GROUND_TRUTH,NASA_GLC,2008-10-29,Assam,26.3333,91.25,Unknown,0,NASA_USGS_SRTM_30m,NASA_POWER_PRECTOTCORR_Daily,ISRIC_SoilGrids_2.0_Unavailable,ESA_WorldCover_Tile_Unavailable,"{'location_description': 'Kamrup, and Sonitpur, Assam', 'source_name': 'in.reuters', 'source_link': 'http://in.reuters.com/article/topNews/idINIndia-36198420081029'}",42.0,1.35,315.0,0.03,26.54,,,,,,,,,,,
GLC-REAL-5005,1,observed_landslide,NASA_GLC_OBSERVATIONAL_GROUND_TRUTH,NASA_GLC,2013-07-01,Nagaland,26.72,95.029,Unknown,0,NASA_USGS_SRTM_30m,NASA_POWER_PRECTOTCORR_Daily,ISRIC_SoilGrids_2.0_Unavailable,ESA_WorldCover_Tile_Unavailable,"{'location_description': 'Walo Ward, Mon Town, Wokha District, Nagaland', 'source_name': 'www.nagalandpost.com', 'source_link': 'http://www.nagalandpost.com/ChannelNews/State/StateNews.aspx?news=TkVXUzEwMDA0MDQ4MQ%3D%3D-gEvw8J4DIOI%3D'}",689.0,8.98,251.57,14.44,33.33,,,,,,,,,,,
GLC-REAL-3860,1,observed_landslide,NASA_GLC_OBSERVATIONAL_GROUND_TRUTH,NASA_GLC,2011-07-29,Nagaland,25.4192,94.108,Unknown,0,NASA_USGS_SRTM_30m,NASA_POWER_PRECTOTCORR_Daily,ISRIC_SoilGrids_2.0_Unavailable,ESA_WorldCover_Tile_Unavailable,"{'location_description': 'Maram, Manipur', 'source_name': 'kanglaonline.com', 'source_link': 'http://kanglaonline.com/2011/07/works-minister-visits-landslide-hit-maram-stretch-of-nh2/'}",1393.0,12.77,126.03,4.21,9.26,,,,,,,,,,,
GLC-REAL-1127,1,observed_landslide,NASA_GLC_OBSERVATIONAL_GROUND_TRUTH,NASA_GLC,2009-08-27,Assam,25.1718,93.123,Unknown,0,NASA_USGS_SRTM_30m,NASA_POWER_PRECTOTCORR_Daily,ISRIC_SoilGrids_2.0_Unavailable,ESA_WorldCover_Tile_Unavailable,"{'location_description': 'between Mahur and Phaiding railway stations on Barail hills (Mahur and Barail hills located)', 'source_name': 'prokerala', 'source_link': 'http://www.prokerala.com/news/articles/a75292.html'}",721.0,11.35,355.24,4.12,19.43,,,,,,,,,,,
GLC-REAL-5603,1,observed_landslide,NASA_GLC_OBSERVATIONAL_GROUND_TRUTH,NASA_GLC,2013-10-13,Manipur,25.426,94.6024,Unknown,0,NASA_USGS_SRTM_30m,NASA_POWER_PRECTOTCORR_Daily,ISRIC_SoilGrids_2.0_Unavailable,ESA_WorldCover_Tile_Unavailable,"{'location_description': 'Tusom, Manipur', 'source_name': 'www.indiatvnews.com', 'source_link': 'http://www.indiatvnews.com/news/india/people-in-manipur-evacuate-due-to-landslides-volcanic-eruption-fear-baseless-29544.html'}",1339.0,12.05,51.34,0.02,0.04,,,,,,,,,,,
GLC-REAL-2042,1,observed_landslide,NASA_GLC_OBSERVATIONAL_GROUND_TRUTH,NASA_GLC,2010-07-06,Nagaland,26.0093,94.5238,Unknown,0,NASA_USGS_SRTM_30m,NASA_POWER_PRECTOTCORR_Daily,ISRIC_SoilGrids_2.0_Unavailable,ESA_WorldCover_Tile_Unavailable,"{'location_description': 'Zunheboto, Nagaland', 'source_name': 'morungexpress', 'source_link': 'http://www.morungexpress.com/local/51540.html'}",1820.0,20.99,214.38,9.14,35.75,,,,,,,,,,,
GLC-REAL-5442,1,observed_landslide,NASA_GLC_OBSERVATIONAL_GROUND_TRUTH,NASA_GLC,2013-09-02,Arunachal Pradesh,27.1614,93.7525,Unknown,0,NASA_USGS_SRTM_30m,NASA_POWER_PRECTOTCORR_Daily,ISRIC_SoilGrids_2.0_Unavailable,ESA_WorldCover_Tile_Unavailable,"{'location_description': 'Arunachal Pradesh', 'source_name': 'ibnlive.in.com', 'source_link': 'http://ibnlive.in.com/news/massive-landslide-in-arunachal-due-to-rainfall-2-districts-remain-cut-off/420409-3-229.html'}",153.0,2.86,180.0,40.7,70.95,,,,,,,,,,,
GLC-REAL-7933,1,observed_landslide,NASA_GLC_OBSERVATIONAL_GROUND_TRUTH,NASA_GLC,2015-09-01,Assam,26.1868,91.6739,Unknown,0,NASA_USGS_SRTM_30m,NASA_POWER_PRECTOTCORR_Daily,ISRIC_SoilGrids_2.0_Unavailable,ESA_WorldCover_Tile_Unavailable,"{'location_description': 'Maligaon', 'source_name': 'Assam Times', 'source_link': 'http://www.assamtimes.org/node/14780'}",50.0,2.13,63.43,8.4,82.12,,,,,,,,,,,
GLC-REAL-3637,1,observed_landslide,NASA_GLC_OBSERVATIONAL_GROUND_TRUTH,NASA_GLC,2011-06-21,Nagaland,25.51615,94.23412,Unknown,0,NASA_USGS_SRTM_30m,NASA_POWER_PRECTOTCORR_Daily,ISRIC_SoilGrids_2.0_Unavailable,ESA_WorldCover_Tile_Unavailable,"{'location_description': 'Lasumi village in Phek district, Kohima', 'source_name': 'Morung Express', 'source_link': 'https://web.archive.org/web/20110627132314/http://www.morungexpress.com/regional/67365.html'}",1648.0,19.19,343.3,8.32,18.31,,,,,,,,,,,
GLC-REAL-3837,1,observed_landslide,NASA_GLC_OBSERVATIONAL_GROUND_TRUTH,NASA_GLC,2011-07-24,Assam,26.5836,93.0038,Unknown,0,NASA_USGS_SRTM_30m,NASA_POWER_PRECTOTCORR_Daily,ISRIC_SoilGrids_2.0_Unavailable,ESA_WorldCover_Tile_Unavailable,"{'location_description': 'NH 37', 'source_name': 'e-pao.net', 'source_link': 'http://e-pao.net/GP.asp?src=17..250711.jul11'}",72.0,1.91,90.0,2.3,44.38,,,,,,,,,,,
GLC-REAL-220,1,observed_landslide,NASA_GLC_OBSERVATIONAL_GROUND_TRUTH,NASA_GLC,2007-08-31,Manipur,25.1333,93.9667,Unknown,0,NASA_USGS_SRTM_30m,NASA_POWER_PRECTOTCORR_Daily,ISRIC_SoilGrids_2.0_Unavailable,ESA_WorldCover_Tile_Unavailable,"{'location_description': 'Velnal village, Tamei sub-division and Toribari village (3 kilometer toward Tamei from Kangpokpi)', 'source_name': 'kanglaonline.com', 'source_link': 'http://www.kanglaonline.com/index.php?template=headline&newsid=39138&typeid=2'}",1012.0,2.13,296.57,1.28,4.27,,,,,,,,,,,
GLC-REAL-212,1,observed_landslide,NASA_GLC_OBSERVATIONAL_GROUND_TRUTH,NASA_GLC,2007-08-26,Meghalaya,25.5576,91.8506,Unknown,0,NASA_USGS_SRTM_30m,NASA_POWER_PRECTOTCORR_Daily,ISRIC_SoilGrids_2.0_Unavailable,ESA_WorldCover_Tile_Unavailable,"{'location_description': 'National Highway No 44 at Sonarpur in Meghalaya', 'source_name': 'Newspost India.com', 'source_link': 'http://newspostindia.com/report-12963'}",1685.0,5.55,120.96,40.07,55.66,,,,,,,,,,,
GLC-REAL-7372,1,observed_landslide,NASA_GLC_OBSERVATIONAL_GROUND_TRUTH,NASA_GLC,2015-07-31,Manipur,25.0634,94.3415,Unknown,0,NASA_USGS_SRTM_30m,NASA_POWER_PRECTOTCORR_Daily,ISRIC_SoilGrids_2.0_Unavailable,ESA_WorldCover_Tile_Unavailable,"{'location_description': 'Naga Gate along the Ukhrul-Imphal route', 'source_name': 'E-PAO', 'source_link': 'http://e-pao.net/GP.asp?src=22..020815.aug15'}",1773.0,28.91,5.19,79.86,103.04,,,,,,,,,,,
GLC-REAL-2570,1,observed_landslide,NASA_GLC_OBSERVATIONAL_GROUND_TRUTH,NASA_GLC,2010-10-08,Manipur,24.837,93.9128,Unknown,0,NASA_USGS_SRTM_30m,NASA_POWER_PRECTOTCORR_Daily,ISRIC_SoilGrids_2.0_Unavailable,ESA_WorldCover_Tile_Unavailable,"{'location_description': 'Tharon(?) and Langol Tarung villages, Thangmeiband constituency, Imphal, Manipur', 'source_name': 'e-pao.net', 'source_link': 'http://e-pao.net/GP.asp?src=6..111010.oct10'}",798.0,18.43,306.87,76.95,132.5,,,,,,,,,,,
GLC-REAL-3806,1,observed_landslide,NASA_GLC_OBSERVATIONAL_GROUND_TRUTH,NASA_GLC,2011-07-19,Arunachal Pradesh,27.1032,93.6884,Unknown,0,NASA_USGS_SRTM_30m,NASA_POWER_PRECTOTCORR_Daily,ISRIC_SoilGrids_2.0_Unavailable,ESA_WorldCover_Tile_Unavailable,"{'location_description': 'Itanagar (one near Pachali power house, one near Heema Hospital, and one nearRomik Colony at P Sector)', 'source_name': 'ibnlive.in', 'source_link': 'http://ibnlive.in.com/generalnewsfeed/news/three-killed-in-landslides/758753.html'}",147.0,3.02,108.43,58.61,136.8,,,,,,,,,,,
GLC-REAL-2026,1,observed_landslide,NASA_GLC_OBSERVATIONAL_GROUND_TRUTH,NASA_GLC,2010-06-28,Meghalaya,25.4916,91.2698,Unknown,0,NASA_USGS_SRTM_30m,NASA_POWER_PRECTOTCORR_Daily,ISRIC_SoilGrids_2.0_Unavailable,ESA_WorldCover_Tile_Unavailable,"{'location_description': 'Borsorsa(?), West Khasi Hills, Meghalaya', 'source_name': 'neinews', 'source_link': 'http://www.neinews.com/girl-dies-5-injured-in-city-l2-missing-trucks-trapped-in-borsora.html'}",1493.0,11.9,251.57,47.18,124.26,,,,,,,,,,,
GLC-REAL-714,1,observed_landslide,NASA_GLC_OBSERVATIONAL_GROUND_TRUTH,NASA_GLC,2008-08-14,Assam,27.163,94.0,Unknown,0,NASA_USGS_SRTM_30m,NASA_POWER_PRECTOTCORR_Daily,ISRIC_SoilGrids_2.0_Unavailable,ESA_WorldCover_Tile_Unavailable,"{'location_description': 'Kimin-Ziro road in Papum Pare district, road between Doimukh and Sagalee, Doimukh-Hoj road; Arunachal Pradesh', 'source_name': 'morungexpress', 'source_link': 'http://www.morungexpress.com/regional/1615.html'}",94.0,0.95,90.0,10.32,32.41,,,,,,,,,,,
GLC-REAL-6110,1,observed_landslide,NASA_GLC_OBSERVATIONAL_GROUND_TRUTH,NASA_GLC,2014-06-27,Assam,26.1619,91.7697,Unknown,0,NASA_USGS_SRTM_30m,NASA_POWER_PRECTOTCORR_Daily,ISRIC_SoilGrids_2.0_Unavailable,ESA_WorldCover_Tile_Unavailable,"{'location_description': 'Bhangagarh, Assam', 'source_name': 'Assam Times', 'source_link': 'http://www.assamtimes.org/node/11181'}",56.0,1.91,270.0,6.85,21.91,,,,,,,,,,,
GLC-REAL-247,1,observed_landslide,NASA_GLC_OBSERVATIONAL_GROUND_TRUTH,NASA_GLC,2007-09-08,Manipur,25.0604,93.9877,Unknown,0,NASA_USGS_SRTM_30m,NASA_POWER_PRECTOTCORR_Daily,ISRIC_SoilGrids_2.0_Unavailable,ESA_WorldCover_Tile_Unavailable,"{'location_description': 'Lower Shajouba village near Tadubi along NH 39, Manipur ', 'source_name': 'kanglaonline.com', 'source_link': 'http://www.kanglaonline.com/index.php?template=headline&newsid=39218&typeid=2'}",1516.0,33.72,92.86,19.36,74.29,,,,,,,,,,,
GLC-REAL-4407,1,observed_landslide,NASA_GLC_OBSERVATIONAL_GROUND_TRUTH,NASA_GLC,2012-06-13,Assam,25.0951,92.3567,Unknown,0,NASA_USGS_SRTM_30m,NASA_POWER_PRECTOTCORR_Daily,ISRIC_SoilGrids_2.0_Unavailable,ESA_WorldCover_Tile_Unavailable,"{'location_description': 'NH44, Malidhor area,  Baleswar', 'source_name': 'zeenews.india', 'source_link': 'http://zeenews.india.com/news/assam/road-between-silchar-guwahati-disrupted_781633.html'}",239.0,24.17,344.93,38.73,97.96,,,,,,,,,,,
GLC-REAL-3789,1,observed_landslide,NASA_GLC_OBSERVATIONAL_GROUND_TRUTH,NASA_GLC,2011-07-16,Arunachal Pradesh,27.2743,92.9064,Unknown,0,NASA_USGS_SRTM_30m,NASA_POWER_PRECTOTCORR_Daily,ISRIC_SoilGrids_2.0_Unavailable,ESA_WorldCover_Tile_Unavailable,"{'location_description': 'Mebua (8 km from Seppa)', 'source_name': 'english.samaylive', 'source_link': 'http://english.samaylive.com/regional-news/others-news/676490549/flash-floods-in-arunachal-pradesh.html'}",644.0,14.51,255.07,2.2,79.4,,,,,,,,,,,
GLC-REAL-6292,1,observed_landslide,NASA_GLC_OBSERVATIONAL_GROUND_TRUTH,NASA_GLC,2014-09-23,Assam,25.7238,89.9032,Unknown,0,NASA_USGS_SRTM_30m,NASA_POWER_PRECTOTCORR_Daily,ISRIC_SoilGrids_2.0_Unavailable,ESA_WorldCover_Tile_Unavailable,"{'location_description': 'Hatsingimari', 'source_name': 'Deccan Herald', 'source_link': 'http://www.deccanherald.com/content/432481/landslide-guwahati-shillong-highway.html'}",31.0,9.37,315.0,13.14,178.28,,,,,,,,,,,
GLC-REAL-545,1,observed_landslide,NASA_GLC_OBSERVATIONAL_GROUND_TRUTH,NASA_GLC,2008-05-20,Assam,24.9849,92.8411,Unknown,0,NASA_USGS_SRTM_30m,NASA_POWER_PRECTOTCORR_Daily,ISRIC_SoilGrids_2.0_Unavailable,ESA_WorldCover_Tile_Unavailable,"{'location_description': 'A Cachar District village, near village of Srinager, Assam', 'source_name': 'Telegraph India', 'source_link': 'http://www.telegraphindia.com/1080521/jsp/northeast/story_9297276.jsp'}",264.0,17.84,21.25,5.6,22.56,,,,,,,,,,,
GLC-REAL-7265,1,observed_landslide,NASA_GLC_OBSERVATIONAL_GROUND_TRUTH,NASA_GLC,2015-07-22,Manipur,25.5007,93.9854,Unknown,0,NASA_USGS_SRTM_30m,NASA_POWER_PRECTOTCORR_Daily,ISRIC_SoilGrids_2.0_Unavailable,ESA_WorldCover_Tile_Unavailable,"{'location_description': 'Willong-Yangkhullen stretch', 'source_name': 'The Sangai Express', 'source_link': 'http://www.thesangaiexpress.com/page/items/54212/massive-landslide-along-maram-peren-road-downpour-creates-havoc-in-different-parts'}",1431.0,15.85,266.63,10.3,41.39,,,,,,,,,,,
GLC-REAL-2436,1,observed_landslide,NASA_GLC_OBSERVATIONAL_GROUND_TRUTH,NASA_GLC,2010-09-16,Mizoram,24.3069,93.125,Unknown,0,NASA_USGS_SRTM_30m,NASA_POWER_PRECTOTCORR_Daily,ISRIC_SoilGrids_2.0_Unavailable,ESA_WorldCover_Tile_Unavailable,"{'location_description': 'Taithu village, Churanchandpur district, Mizoram, Manipur', 'source_name': 'mizoramexpress.com', 'source_link': 'http://mizoramexpress.com/index.php/2010/09/landslide-hits-taithu-village-22-people-escape-death/'}",755.0,27.36,104.93,11.4,30.38,,,,,,,,,,,
GLC-REAL-7727,1,observed_landslide,NASA_GLC_OBSERVATIONAL_GROUND_TRUTH,NASA_GLC,2015-08-20,Nagaland,25.6263,94.1057,Unknown,0,NASA_USGS_SRTM_30m,NASA_POWER_PRECTOTCORR_Daily,ISRIC_SoilGrids_2.0_Unavailable,ESA_WorldCover_Tile_Unavailable,"{'location_description': 'between Phesama and Kuima in Nagaland', 'source_name': 'E-PAO', 'source_link': 'http://e-pao.net/GP.asp?src=11..220815.aug15'}",1520.0,21.05,175.03,8.68,20.24,,,,,,,,,,,
GLC-REAL-7334,1,observed_landslide,NASA_GLC_OBSERVATIONAL_GROUND_TRUTH,NASA_GLC,2015-08-18,Arunachal Pradesh,28.1737,94.7596,Unknown,0,NASA_USGS_SRTM_30m,NASA_POWER_PRECTOTCORR_Daily,ISRIC_SoilGrids_2.0_Unavailable,ESA_WorldCover_Tile_Unavailable,"{'location_description': 'Arunachal Pradesh', 'source_name': 'webindia123', 'source_link': 'http://news.webindia123.com/news/Articles/India/20150820/2664183.html'}",573.0,25.07,175.91,25.29,66.26,,,,,,,,,,,
GLC-REAL-6200,1,observed_landslide,NASA_GLC_OBSERVATIONAL_GROUND_TRUTH,NASA_GLC,2014-08-17,Arunachal Pradesh,27.0869,93.6086,Unknown,0,NASA_USGS_SRTM_30m,NASA_POWER_PRECTOTCORR_Daily,ISRIC_SoilGrids_2.0_Unavailable,ESA_WorldCover_Tile_Unavailable,"{'location_description': 'Arunachal Pradesh/Itanagar', 'source_name': 'One India News', 'source_link': 'http://news.oneindia.in/india/flood-landslides-in-arunachal-pradesh-1504142.html'}",317.0,8.58,6.34,4.65,43.69,,,,,,,,,,,
GLC-REAL-7778,1,observed_landslide,NASA_GLC_OBSERVATIONAL_GROUND_TRUTH,NASA_GLC,2015-08-26,Mizoram,23.8447,93.0514,Unknown,0,NASA_USGS_SRTM_30m,NASA_POWER_PRECTOTCORR_Daily,ISRIC_SoilGrids_2.0_Unavailable,ESA_WorldCover_Tile_Unavailable,"{'location_description': 'Phullen’s main road', 'source_name': 'Indian Express', 'source_link': 'http://indianexpress.com/article/india/india-others/several-houses-swept-away-in-mudslide-in-the-mizoram-town-of-phullen/'}",1089.0,28.08,345.53,3.95,11.51,,,,,,,,,,,
GLC-REAL-6290,1,observed_landslide,NASA_GLC_OBSERVATIONAL_GROUND_TRUTH,NASA_GLC,2014-09-23,Meghalaya,25.5772,91.8666,Unknown,0,NASA_USGS_SRTM_30m,NASA_POWER_PRECTOTCORR_Daily,ISRIC_SoilGrids_2.0_Unavailable,ESA_WorldCover_Tile_Unavailable,"{'location_description': 'Mawbah under Mawprem area', 'source_name': 'Zee News', 'source_link': 'http://zeenews.india.com/news/north-east/eight-die-of-landslide-in-east-khasi-hills_1474744.html'}",1479.0,10.56,100.3,73.98,252.28,,,,,,,,,,,
GLC-REAL-4408,1,observed_landslide,NASA_GLC_OBSERVATIONAL_GROUND_TRUTH,NASA_GLC,2012-06-13,Meghalaya,25.5498,92.0757,Unknown,0,NASA_USGS_SRTM_30m,NASA_POWER_PRECTOTCORR_Daily,ISRIC_SoilGrids_2.0_Unavailable,ESA_WorldCover_Tile_Unavailable,"{'location_description': 'NH44, Kuliang', 'source_name': 'zeenews.india', 'source_link': 'http://zeenews.india.com/news/assam/road-between-silchar-guwahati-disrupted_781633.html'}",1266.0,25.53,60.75,27.68,87.41,,,,,,,,,,,
GLC-REAL-4403,1,observed_landslide,NASA_GLC_OBSERVATIONAL_GROUND_TRUTH,NASA_GLC,2012-06-10,Manipur,24.8142,93.5444,Unknown,0,NASA_USGS_SRTM_30m,NASA_POWER_PRECTOTCORR_Daily,ISRIC_SoilGrids_2.0_Unavailable,ESA_WorldCover_Tile_Unavailable,"{'location_description': 'Imphal-Jiribam section of NH-37 , Manipur', 'source_name': 'thehindu', 'source_link': 'http://www.thehindu.com/news/national/article3537166.ece'}",529.0,33.93,228.01,5.93,7.31,,,,,,,,,,,
GLC-REAL-2140,1,observed_landslide,NASA_GLC_OBSERVATIONAL_GROUND_TRUTH,NASA_GLC,2010-07-25,Assam,25.0477,92.801,Unknown,0,NASA_USGS_SRTM_30m,NASA_POWER_PRECTOTCORR_Daily,ISRIC_SoilGrids_2.0_Unavailable,ESA_WorldCover_Tile_Unavailable,"{'location_description': 'road between Halfong and Redzol(?) or Silchar, Assam', 'source_name': 'Telegraph India', 'source_link': 'http://www.telegraphindia.com/1100727/jsp/northeast/story_12728199.jsp'}",185.0,29.63,174.96,3.43,18.78,,,,,,,,,,,
GLC-REAL-2243,1,observed_landslide,NASA_GLC_OBSERVATIONAL_GROUND_TRUTH,NASA_GLC,2010-08-13,Nagaland,25.70224,94.0462,Unknown,0,NASA_USGS_SRTM_30m,NASA_POWER_PRECTOTCORR_Daily,ISRIC_SoilGrids_2.0_Unavailable,ESA_WorldCover_Tile_Unavailable,"{'location_description': 'NH-39 near Kohima Municipality Council(KMC) dumping ground, between Zubza(Sechu) and Kohima, Nagaland', 'source_name': 'E-PAO', 'source_link': 'http://www.e-pao.net/GP.asp?src=21..210810.aug10'}",1016.0,10.56,153.43,10.61,13.72,,,,,,,,,,,
GLC-REAL-9142,1,observed_landslide,NASA_GLC_OBSERVATIONAL_GROUND_TRUTH,NASA_GLC,2016-06-14,Nagaland,26.3185,94.5247,Unknown,0,NASA_USGS_SRTM_30m,NASA_POWER_PRECTOTCORR_Daily,ISRIC_SoilGrids_2.0_Unavailable,ESA_WorldCover_Tile_Unavailable,"{'location_description': 'lower Majakong Ward, Mokokchung, Nagaland, India', 'source_name': 'Nagaland Post', 'source_link': 'http://www.nagalandpost.com/channelnews/state/StateNews.aspx?news=TkVXUzEwMDA5ODM4NA%3D%3D'}",1167.0,2.13,206.57,6.05,35.82,,,,,,,,,,,
GLC-REAL-6107,1,observed_landslide,NASA_GLC_OBSERVATIONAL_GROUND_TRUTH,NASA_GLC,2014-06-26,Assam,26.1844,91.7896,Unknown,0,NASA_USGS_SRTM_30m,NASA_POWER_PRECTOTCORR_Daily,ISRIC_SoilGrids_2.0_Unavailable,ESA_WorldCover_Tile_Unavailable,"{'location_description': 'Bamunimaidam', 'source_name': 'Two Circles', 'source_link': 'http://twocircles.net/2014jun27/8_killed_assam_landslides_electrocution.html#.U70ydPldU1L'}",63.0,3.44,236.31,14.23,20.69,,,,,,,,,,,
GLC-REAL-255,1,observed_landslide,NASA_GLC_OBSERVATIONAL_GROUND_TRUTH,NASA_GLC,2007-09-10,Manipur,24.2451,94.0691,Unknown,0,NASA_USGS_SRTM_30m,NASA_POWER_PRECTOTCORR_Daily,ISRIC_SoilGrids_2.0_Unavailable,ESA_WorldCover_Tile_Unavailable,"{'location_description': 'Wamkhu village along the Tengnoupal-Joupi road in Chandel district', 'source_name': 'e-Pao.net', 'source_link': 'http://www.e-pao.net/GP.asp?src=Snipp7..120907.sep07'}",1293.0,27.79,214.7,0.73,10.16,,,,,,,,,,,
GLC-REAL-7660,1,observed_landslide,NASA_GLC_OBSERVATIONAL_GROUND_TRUTH,NASA_GLC,2015-08-12,Nagaland,25.6237,94.1136,Unknown,0,NASA_USGS_SRTM_30m,NASA_POWER_PRECTOTCORR_Daily,ISRIC_SoilGrids_2.0_Unavailable,ESA_WorldCover_Tile_Unavailable,"{'location_description': 'Phesama village', 'source_name': 'Nagaland Post', 'source_link': 'http://www.nagalandpost.com/channelnews/State/StateNews.aspx?news=TkVXUzEwMDA4NDc2Mg%3D%3D'}",1604.0,33.9,150.26,3.35,14.73,,,,,,,,,,,
GLC-REAL-7389,1,observed_landslide,NASA_GLC_OBSERVATIONAL_GROUND_TRUTH,NASA_GLC,2015-08-01,Manipur,24.4072,94.0644,Unknown,0,NASA_USGS_SRTM_30m,NASA_POWER_PRECTOTCORR_Daily,ISRIC_SoilGrids_2.0_Unavailable,ESA_WorldCover_Tile_Unavailable,"{'location_description': 'between Bongyang and Lokchao along the Imphal-Moreh highway', 'source_name': 'E-PAO', 'source_link': 'http://e-pao.net/GP.asp?src=1..020815.aug15'}",1174.0,29.58,86.63,3.7,100.7,,,,,,,,,,,
GLC-REAL-2437,1,observed_landslide,NASA_GLC_OBSERVATIONAL_GROUND_TRUTH,NASA_GLC,2010-09-16,Mizoram,23.7527,92.694,Unknown,0,NASA_USGS_SRTM_30m,NASA_POWER_PRECTOTCORR_Daily,ISRIC_SoilGrids_2.0_Unavailable,ESA_WorldCover_Tile_Unavailable,"{'location_description': 'Aizawl-Lengpui rd 3km from Aizawl, Mizoram, Manipur', 'source_name': 'mizoramexpress.com', 'source_link': 'http://mizoramexpress.com/index.php/2010/09/landslide-hits-aizawl-1-house-destroyed/'}",794.0,28.46,135.0,7.76,34.33,,,,,,,,,,,
GLC-REAL-731,1,observed_landslide,NASA_GLC_OBSERVATIONAL_GROUND_TRUTH,NASA_GLC,2008-08-19,Nagaland,26.138,94.25,Unknown,0,NASA_USGS_SRTM_30m,NASA_POWER_PRECTOTCORR_Daily,ISRIC_SoilGrids_2.0_Unavailable,ESA_WorldCover_Tile_Unavailable,"{'location_description': 'Akuk village, Wokha District, Nagaland', 'source_name': 'morungexpress', 'source_link': 'http://www.morungexpress.com/frontpage/1984.html'}",1018.0,13.04,300.26,29.74,62.14,,,,,,,,,,,
GLC-REAL-7371,1,observed_landslide,NASA_GLC_OBSERVATIONAL_GROUND_TRUTH,NASA_GLC,2015-08-01,Manipur,23.9939,94.0573,Unknown,0,NASA_USGS_SRTM_30m,NASA_POWER_PRECTOTCORR_Daily,ISRIC_SoilGrids_2.0_Unavailable,ESA_WorldCover_Tile_Unavailable,"{'location_description': 'near S Lamphei Lamkhai and Sehlon village', 'source_name': 'E-PAO', 'source_link': 'http://e-pao.net/GP.asp?src=21..020815.aug15'}",979.0,12.6,206.57,5.31,82.66,,,,,,,,,,,
GLC-REAL-7923,1,observed_landslide,NASA_GLC_OBSERVATIONAL_GROUND_TRUTH,NASA_GLC,2015-09-01,Assam,26.49349,91.72138,Unknown,0,NASA_USGS_SRTM_30m,NASA_POWER_PRECTOTCORR_Daily,ISRIC_SoilGrids_2.0_Unavailable,ESA_WorldCover_Tile_Unavailable,"{'location_description': 'Amingaon', 'source_name': 'The New Indian Express', 'source_link': 'http://www.newindianexpress.com/nation/Woman-Child-Killed-in-Assam-Landslide/2015/09/01/article3005012.ece'}",62.0,1.35,45.0,10.67,74.71,,,,,,,,,,,
GLC-REAL-760,1,observed_landslide,NASA_GLC_OBSERVATIONAL_GROUND_TRUTH,NASA_GLC,2008-08-29,Nagaland,25.67,94.1066,Unknown,0,NASA_USGS_SRTM_30m,NASA_POWER_PRECTOTCORR_Daily,ISRIC_SoilGrids_2.0_Unavailable,ESA_WorldCover_Tile_Unavailable,"{'location_description': 'Kohima, Nagaland', 'source_name': 'kanglaonline', 'source_link': 'http://www.kanglaonline.com/index.php?template=headline&newsid=43189&typeid=1'}",1445.0,18.13,14.74,5.84,16.36,,,,,,,,,,,
GLC-REAL-2182,1,observed_landslide,NASA_GLC_OBSERVATIONAL_GROUND_TRUTH,NASA_GLC,2010-07-31,Manipur,24.9356,93.8443,Unknown,0,NASA_USGS_SRTM_30m,NASA_POWER_PRECTOTCORR_Daily,ISRIC_SoilGrids_2.0_Unavailable,ESA_WorldCover_Tile_Unavailable,"{'location_description': 'Dimapur-Imphal highway (NH 39) near Manipur', 'source_name': 'youtube', 'source_link': 'http://www.youtube.com/watch?v=jHTtW2WaJGw'}",854.0,0.95,270.0,17.28,60.98,,,,,,,,,,,
GLC-REAL-1954,1,observed_landslide,NASA_GLC_OBSERVATIONAL_GROUND_TRUTH,NASA_GLC,2010-06-07,Manipur,24.7543,93.5039,Unknown,0,NASA_USGS_SRTM_30m,NASA_POWER_PRECTOTCORR_Daily,ISRIC_SoilGrids_2.0_Unavailable,ESA_WorldCover_Tile_Unavailable,"{'location_description': 'Irang(?) and Barak(?) and Makru(?) on highway 53 between Imphal and Jiribam, Manipur', 'source_name': 'e-pao.net', 'source_link': 'http://e-pao.net/GP.asp?src=3..100610.jun10'}",403.0,18.43,143.13,7.71,43.91,,,,,,,,,,,
GLC-REAL-6963,1,observed_landslide,NASA_GLC_OBSERVATIONAL_GROUND_TRUTH,NASA_GLC,2015-06-19,Mizoram,23.7131,92.7362,Unknown,0,NASA_USGS_SRTM_30m,NASA_POWER_PRECTOTCORR_Daily,ISRIC_SoilGrids_2.0_Unavailable,ESA_WorldCover_Tile_Unavailable,"{'location_description': 'Muanna locality, Mizoram', 'source_name': 'The Statesmen', 'source_link': 'http://www.thestatesman.com/news/northeast/27-graves-damaged-in-mizoram-landslide/70263.html'}",894.0,29.09,171.38,4.32,6.93,,,,,,,,,,,
GLC-REAL-5336,1,observed_landslide,NASA_GLC_OBSERVATIONAL_GROUND_TRUTH,NASA_GLC,2013-08-16,Nagaland,26.3897,94.9439,Unknown,0,NASA_USGS_SRTM_30m,NASA_POWER_PRECTOTCORR_Daily,ISRIC_SoilGrids_2.0_Unavailable,ESA_WorldCover_Tile_Unavailable,"{'location_description': 'Tobu, Nagaland', 'source_name': 'www.morungexpress.com', 'source_link': 'http://www.morungexpress.com/local/103875.html'}",525.0,3.81,180.0,39.28,53.14,,,,,,,,,,,
GLC-REAL-7590,1,observed_landslide,NASA_GLC_OBSERVATIONAL_GROUND_TRUTH,NASA_GLC,2015-08-19,Meghalaya,25.1416,92.3807,Unknown,0,NASA_USGS_SRTM_30m,NASA_POWER_PRECTOTCORR_Daily,ISRIC_SoilGrids_2.0_Unavailable,ESA_WorldCover_Tile_Unavailable,"{'location_description': 'Tongseng', 'source_name': 'International Business Times', 'source_link': 'http://www.ibtimes.co.in/meghalaya-massive-landslide-east-jaintia-hills-flash-floods-shillong-hit-normal-life-643439'}",162.0,9.65,191.31,41.24,100.47,,,,,,,,,,,
GLC-REAL-1222,1,observed_landslide,NASA_GLC_OBSERVATIONAL_GROUND_TRUTH,NASA_GLC,2009-10-05,Mizoram,23.73479,92.72124,Unknown,0,NASA_USGS_SRTM_30m,NASA_POWER_PRECTOTCORR_Daily,ISRIC_SoilGrids_2.0_Unavailable,ESA_WorldCover_Tile_Unavailable,"{'location_description': 'Chhinga Veng, Aizawl', 'source_name': 'ptinews', 'source_link': 'http://www.ptinews.com/news/316483_Three-killed--ten-injured-in-Mizoram-landslide'}",979.0,24.69,133.53,16.64,63.8,,,,,,,,,,,
GLC-REAL-8222,1,observed_landslide,NASA_GLC_OBSERVATIONAL_GROUND_TRUTH,NASA_GLC,2016-06-22,Assam,26.1961,91.7825,Unknown,0,NASA_USGS_SRTM_30m,NASA_POWER_PRECTOTCORR_Daily,ISRIC_SoilGrids_2.0_Unavailable,ESA_WorldCover_Tile_Unavailable,"{'location_description': 'Piyali Phukan Nagar, Guwahati, India', 'source_name': 'NYOOOZ', 'source_link': 'http://www.nyoooz.com/guwahati/515423/woman-killed-in-wall-collapse-after-landslide-in-guwahati'}",124.0,11.8,241.39,19.78,46.18,,,,,,,,,,,
GLC-REAL-7706,1,observed_landslide,NASA_GLC_OBSERVATIONAL_GROUND_TRUTH,NASA_GLC,2015-08-19,Meghalaya,25.0728,92.3636,Unknown,0,NASA_USGS_SRTM_30m,NASA_POWER_PRECTOTCORR_Daily,ISRIC_SoilGrids_2.0_Unavailable,ESA_WorldCover_Tile_Unavailable,"{'location_description': 'National Highway at Kuliang', 'source_name': 'Assam Times', 'source_link': 'http://www.assamtimes.org/node/14622'}",133.0,8.98,251.57,41.24,100.47,,,,,,,,,,,
GLC-REAL-8224,1,observed_landslide,NASA_GLC_OBSERVATIONAL_GROUND_TRUTH,NASA_GLC,2015-09-14,Mizoram,23.7313,92.7187,Unknown,0,NASA_USGS_SRTM_30m,NASA_POWER_PRECTOTCORR_Daily,ISRIC_SoilGrids_2.0_Unavailable,ESA_WorldCover_Tile_Unavailable,"{'location_description': 'Aizawl, Mizoram, India', 'source_name': 'The Northeast Today', 'source_link': 'http://thenortheasttoday.com/landslides-damage-houses-graves-in-aizawl/'}",1029.0,17.78,171.03,13.58,44.56,,,,,,,,,,,
GLC-REAL-4241,1,observed_landslide,NASA_GLC_OBSERVATIONAL_GROUND_TRUTH,NASA_GLC,2012-03-04,Manipur,25.1604,93.6795,Unknown,0,NASA_USGS_SRTM_30m,NASA_POWER_PRECTOTCORR_Daily,ISRIC_SoilGrids_2.0_Unavailable,ESA_WorldCover_Tile_Unavailable,"{'location_description': 'Tamei constituency in Tamenlong district', 'source_name': 'articles.timesofindia', 'source_link': 'http://articles.timesofindia.indiatimes.com/2012-03-04/guwahati/31120923_1_booths-repoll-polling-stations'}",1094.0,15.5,32.74,0.04,8.26,,,,,,,,,,,
GLC-REAL-1930,1,observed_landslide,NASA_GLC_OBSERVATIONAL_GROUND_TRUTH,NASA_GLC,2010-05-31,Arunachal Pradesh,28.4298,95.8776,Unknown,0,NASA_USGS_SRTM_30m,NASA_POWER_PRECTOTCORR_Daily,ISRIC_SoilGrids_2.0_Unavailable,ESA_WorldCover_Tile_Unavailable,"{'location_description': 'Anini-Roing road,  Dibang Valley,  Arunachal Pradesh ', 'source_name': 'indianexpress', 'source_link': 'http://www.indianexpress.com/news/N-E-border-dist-cut-off-by-landslides--runs-out-of-supplies/627610'}",522.0,15.9,20.56,10.46,13.68,,,,,,,,,,,
GLC-REAL-9334,1,observed_landslide,NASA_GLC_OBSERVATIONAL_GROUND_TRUTH,NASA_GLC,2016-05-18,Assam,24.5204,92.7264,Unknown,0,NASA_USGS_SRTM_30m,NASA_POWER_PRECTOTCORR_Daily,ISRIC_SoilGrids_2.0_Unavailable,ESA_WorldCover_Tile_Unavailable,"{'location_description': 'Bilaipur, Hailakandi district, Assam, India', 'source_name': 'Indian Express', 'source_link': 'http://indianexpress.com/article/india/india-news-india/at-least-10-killed-in-landslides-in-assam-rescue-operations-underway-2806810/'}",46.0,1.35,225.0,75.63,179.71,,,,,,,,,,,
GLC-REAL-8237,1,observed_landslide,NASA_GLC_OBSERVATIONAL_GROUND_TRUTH,NASA_GLC,2016-07-01,Arunachal Pradesh,27.0136,92.6351,Unknown,0,NASA_USGS_SRTM_30m,NASA_POWER_PRECTOTCORR_Daily,ISRIC_SoilGrids_2.0_Unavailable,ESA_WorldCover_Tile_Unavailable,"{'location_description': 'Old Inspection Bungalow, Bhalukpong town, West Kameng, Arunachal Pradesh, India', 'source_name': 'The Hindu', 'source_link': 'http://www.thehindu.com/news/national/many-killed-in-arunachal-landslip/article8798739.ece'}",224.0,5.55,239.04,7.67,13.51,,,,,,,,,,,
GLC-REAL-585,1,observed_landslide,NASA_GLC_OBSERVATIONAL_GROUND_TRUTH,NASA_GLC,2008-06-14,Arunachal Pradesh,27.0998,93.6287,Unknown,0,NASA_USGS_SRTM_30m,NASA_POWER_PRECTOTCORR_Daily,ISRIC_SoilGrids_2.0_Unavailable,ESA_WorldCover_Tile_Unavailable,"{'location_description': 'Itanagar-Naharlagun, Arunachal Pradesh', 'source_name': 'ukpress.google', 'source_link': 'http://ukpress.google.com/article/ALeqM5iM8gWKcS4OLf66hwzNMnaybAaZYA'}",407.0,6.85,56.31,42.4,85.43,,,,,,,,,,,
GLC-REAL-4859,1,observed_landslide,NASA_GLC_OBSERVATIONAL_GROUND_TRUTH,NASA_GLC,2013-05-11,Assam,26.1771,91.7599,Unknown,0,NASA_USGS_SRTM_30m,NASA_POWER_PRECTOTCORR_Daily,ISRIC_SoilGrids_2.0_Unavailable,ESA_WorldCover_Tile_Unavailable,"{'location_description': 'Sarania Hills, North Guwahati, Guwahati, Assam,', 'source_name': 'articles.timesofindia.indiatimes.com', 'source_link': 'http://articles.timesofindia.indiatimes.com/2013-05-12/guwahati/39203561_1_artificial-floods-guwahati-municipal-corporation-gs-road'}",82.0,6.72,351.87,38.98,109.25,,,,,,,,,,,
GLC-REAL-4436,1,observed_landslide,NASA_GLC_OBSERVATIONAL_GROUND_TRUTH,NASA_GLC,2012-06-25,Arunachal Pradesh,26.9986,95.4993,Unknown,0,NASA_USGS_SRTM_30m,NASA_POWER_PRECTOTCORR_Daily,ISRIC_SoilGrids_2.0_Unavailable,ESA_WorldCover_Tile_Unavailable,"{'location_description': 'Khonsa, Arunachal Pradesh', 'source_name': 'articles.timesofindia', 'source_link': 'http://articles.timesofindia.indiatimes.com/2012-07-04/guwahati/32536229_1_massive-landslides-landslide-hit-road-blockade'}",644.0,28.18,84.64,36.02,76.5,,,,,,,,,,,
GLC-REAL-3916,1,observed_landslide,NASA_GLC_OBSERVATIONAL_GROUND_TRUTH,NASA_GLC,2011-08-13,Assam,25.7713,93.8067,Unknown,0,NASA_USGS_SRTM_30m,NASA_POWER_PRECTOTCORR_Daily,ISRIC_SoilGrids_2.0_Unavailable,ESA_WorldCover_Tile_Unavailable,"{'location_description': 'Chumukedima, Dimapur', 'source_name': 'morungexpress', 'source_link': 'http://www.morungexpress.com/frontpage/69382.html'}",238.0,6.09,51.34,9.88,16.2,,,,,,,,,,,
GLC-REAL-5250,1,observed_landslide,NASA_GLC_OBSERVATIONAL_GROUND_TRUTH,NASA_GLC,2013-08-01,Arunachal Pradesh,27.8837,93.0515,Unknown,0,NASA_USGS_SRTM_30m,NASA_POWER_PRECTOTCORR_Daily,ISRIC_SoilGrids_2.0_Unavailable,ESA_WorldCover_Tile_Unavailable,"{'location_description': 'Polo River At Polosang, Arunachal Pradesh', 'source_name': 'www.thehindubusinessline.com', 'source_link': 'http://www.thehindubusinessline.com/news/states/landslide-blocks-polo-river-in-arunachal-pradesh/article4996075.ece'}",1590.0,42.36,239.22,9.91,35.1,,,,,,,,,,,
GLC-REAL-3738,1,observed_landslide,NASA_GLC_OBSERVATIONAL_GROUND_TRUTH,NASA_GLC,2011-07-06,Manipur,24.8063,93.9482,Unknown,0,NASA_USGS_SRTM_30m,NASA_POWER_PRECTOTCORR_Daily,ISRIC_SoilGrids_2.0_Unavailable,ESA_WorldCover_Tile_Unavailable,"{'location_description': 'National Highway 53, Sinam Khul (near Kotlen; ~25 km from Imphal)', 'source_name': 'e-pao.net', 'source_link': 'http://e-pao.net/GP.asp?src=16..070711.jul11'}",784.0,0.0,0.0,2.82,30.15,,,,,,,,,,,
GLC-REAL-2426,1,observed_landslide,NASA_GLC_OBSERVATIONAL_GROUND_TRUTH,NASA_GLC,2010-09-13,Mizoram,22.7176,92.8416,Unknown,0,NASA_USGS_SRTM_30m,NASA_POWER_PRECTOTCORR_Daily,ISRIC_SoilGrids_2.0_Unavailable,ESA_WorldCover_Tile_Unavailable,"{'location_description': 'Hual(Hu) village(?), Lunglei-Lawngtlai rd, Mizoram', 'source_name': 'Mizoram Express', 'source_link': 'http://mizoramexpress.com/index.php/2010/09/mizoram-landslides-kill-one-woman/'}",737.0,24.24,177.88,5.13,13.96,,,,,,,,,,,
GLC-REAL-1084,1,observed_landslide,NASA_GLC_OBSERVATIONAL_GROUND_TRUTH,NASA_GLC,2009-08-12,Arunachal Pradesh,27.7,92.8,Unknown,0,NASA_USGS_SRTM_30m,NASA_POWER_PRECTOTCORR_Daily,ISRIC_SoilGrids_2.0_Unavailable,ESA_WorldCover_Tile_Unavailable,"{'location_description': 'Upper Subansiri District, Arunanchal Pradesh', 'source_name': 'timesofindia.indiatimes', 'source_link': 'http://timesofindia.indiatimes.com/news/city/guwahati/Landslides-snap-road-links-in-Arunachal-district/articleshow/4916000.cms'}",2442.0,18.26,315.0,17.32,32.27,,,,,,,,,,,
GLC-REAL-7266,1,observed_landslide,NASA_GLC_OBSERVATIONAL_GROUND_TRUTH,NASA_GLC,2015-07-22,Manipur,25.5098,93.8794,Unknown,0,NASA_USGS_SRTM_30m,NASA_POWER_PRECTOTCORR_Daily,ISRIC_SoilGrids_2.0_Unavailable,ESA_WorldCover_Tile_Unavailable,"{'location_description': 'Yangkhullen-Tamphung road till Nagaland border', 'source_name': 'The Sangai Express', 'source_link': 'http://www.thesangaiexpress.com/page/items/54212/massive-landslide-along-maram-peren-road-downpour-creates-havoc-in-different-parts'}",1648.0,15.18,10.62,10.3,41.39,,,,,,,,,,,
GLC-REAL-1129,1,observed_landslide,NASA_GLC_OBSERVATIONAL_GROUND_TRUTH,NASA_GLC,2009-08-30,Manipur,24.8628,94.4182,Unknown,0,NASA_USGS_SRTM_30m,NASA_POWER_PRECTOTCORR_Daily,ISRIC_SoilGrids_2.0_Unavailable,ESA_WorldCover_Tile_Unavailable,"{'location_description': 'Road stretch from Gammom to Chamu village, under Kamjong block, Ukhrul district, Manipur', 'source_name': 'e-pao.net', 'source_link': 'http://e-pao.net/GP.asp?src=9..070909.sep09'}",913.0,33.8,288.89,4.61,5.06,,,,,,,,,,,
GLC-REAL-2166,1,observed_landslide,NASA_GLC_OBSERVATIONAL_GROUND_TRUTH,NASA_GLC,2010-07-29,Assam,24.9786,93.5027,Unknown,0,NASA_USGS_SRTM_30m,NASA_POWER_PRECTOTCORR_Daily,ISRIC_SoilGrids_2.0_Unavailable,ESA_WorldCover_Tile_Unavailable,"{'location_description': 'Highway 53 at Tupul, Tamenglong district', 'source_name': 'gsi.gov', 'source_link': 'http://www.portal.gsi.gov.in/portal/page?_pageid=127,875814&_dad=portal&_schema=PORTAL'}",1312.0,17.84,21.25,19.68,36.42,,,,,,,,,,,
GLC-REAL-213,1,observed_landslide,NASA_GLC_OBSERVATIONAL_GROUND_TRUTH,NASA_GLC,2007-08-26,Assam,25.2946,92.8339,Unknown,0,NASA_USGS_SRTM_30m,NASA_POWER_PRECTOTCORR_Daily,ISRIC_SoilGrids_2.0_Unavailable,ESA_WorldCover_Tile_Unavailable,"{'location_description': 'Shillong Road at Kuliang in the Jaintia Hills', 'source_name': 'Telegraph India', 'source_link': 'http://www.telegraphindia.com/1070830/asp/northeast/story_8253906.asp'}",892.0,17.08,40.6,13.28,16.62,,,,,,,,,,,
GLC-REAL-4426,1,observed_landslide,NASA_GLC_OBSERVATIONAL_GROUND_TRUTH,NASA_GLC,2012-06-22,Assam,26.1226,91.7162,Unknown,0,NASA_USGS_SRTM_30m,NASA_POWER_PRECTOTCORR_Daily,ISRIC_SoilGrids_2.0_Unavailable,ESA_WorldCover_Tile_Unavailable,"{'location_description': 'Lalunggaon near Gorchuk area', 'source_name': 'thesop.org', 'source_link': 'http://thesop.org/story/20120701/woman-killed-in-guwahati-by-landslide.html'}",77.0,15.42,244.98,43.46,79.73,,,,,,,,,,,
GLC-REAL-8366,1,observed_landslide,NASA_GLC_OBSERVATIONAL_GROUND_TRUTH,NASA_GLC,2015-09-23,Meghalaya,25.583,91.893,Unknown,0,NASA_USGS_SRTM_30m,NASA_POWER_PRECTOTCORR_Daily,ISRIC_SoilGrids_2.0_Unavailable,ESA_WorldCover_Tile_Unavailable,"{'location_description': 'Shillong, Meghalaya, India', 'source_name': 'The Northeast Today', 'source_link': 'http://www.northeasttoday.in/two-women-buried-alive-in-shillong-landslide/'}",1447.0,6.92,344.05,48.8,118.09,,,,,,,,,,,
GLC-REAL-1934,1,observed_landslide,NASA_GLC_OBSERVATIONAL_GROUND_TRUTH,NASA_GLC,2010-06-03,Assam,24.6005,92.3814,Unknown,0,NASA_USGS_SRTM_30m,NASA_POWER_PRECTOTCORR_Daily,ISRIC_SoilGrids_2.0_Unavailable,ESA_WorldCover_Tile_Unavailable,"{'location_description': 'Rongpur village under Bhairabhnagar panchayat in Karimganj district', 'source_name': 'Telegraph India', 'source_link': 'http://www.telegraphindia.com/1100605/jsp/northeast/story_12529386.jsp'}",91.0,17.22,53.75,54.42,121.7,,,,,,,,,,,
GLC-REAL-7655,1,observed_landslide,NASA_GLC_OBSERVATIONAL_GROUND_TRUTH,NASA_GLC,2016-04-22,Arunachal Pradesh,27.5799,91.8569,Unknown,0,NASA_USGS_SRTM_30m,NASA_POWER_PRECTOTCORR_Daily,ISRIC_SoilGrids_2.0_Unavailable,ESA_WorldCover_Tile_Unavailable,"{'location_description': 'Tawang, Arunachal Pradesh', 'source_name': 'Zee News', 'source_link': 'http://zeenews.india.com/news/north-east/landslide-in-tawang-area-of-arunachal-pradesh-watch-video_1878690.html'}",2754.0,27.79,341.57,11.02,58.47,,,,,,,,,,,
GLC-REAL-9464,1,observed_landslide,NASA_GLC_OBSERVATIONAL_GROUND_TRUTH,NASA_GLC,2016-08-05,Arunachal Pradesh,27.5754,91.9754,Unknown,0,NASA_USGS_SRTM_30m,NASA_POWER_PRECTOTCORR_Daily,ISRIC_SoilGrids_2.0_Unavailable,ESA_WorldCover_Tile_Unavailable,"{'location_description': 'Babrang village under Jang circle in Tawang district', 'source_name': 'Business Standard', 'source_link': 'http://www.business-standard.com/article/pti-stories/three-injured-houses-collapse-in-landslide-in-arunachal-116080700399_1.html'}",2407.0,25.51,77.91,0.23,10.25,,,,,,,,,,,
GLC-REAL-3912,1,observed_landslide,NASA_GLC_OBSERVATIONAL_GROUND_TRUTH,NASA_GLC,2011-08-12,Arunachal Pradesh,27.44,92.2833,Unknown,0,NASA_USGS_SRTM_30m,NASA_POWER_PRECTOTCORR_Daily,ISRIC_SoilGrids_2.0_Unavailable,ESA_WorldCover_Tile_Unavailable,"{'location_description': 'East Kameng district in Arunachal Pradesh bordering China', 'source_name': 'inewsone', 'source_link': 'http://www.inewsone.com/2011/08/12/iaf-airdrops-food-to-marooned-in-arunachal/68478'}",2615.0,1.91,0.0,6.41,9.64,,,,,,,,,,,
GLC-REAL-5272,1,observed_landslide,NASA_GLC_OBSERVATIONAL_GROUND_TRUTH,NASA_GLC,2013-08-04,Nagaland,26.2083,94.5438,Unknown,0,NASA_USGS_SRTM_30m,NASA_POWER_PRECTOTCORR_Daily,ISRIC_SoilGrids_2.0_Unavailable,ESA_WorldCover_Tile_Unavailable,"{'location_description': 'Longsa, Nagaland', 'source_name': 'www.nagalandpost.com', 'source_link': 'http://www.nagalandpost.com/ChannelNews/State/StateNews.aspx?news=TkVXUzEwMDA0MjY4Nw%3D%3D-bSp8jh3okxw%3D'}",1481.0,3.44,56.31,5.78,14.93,,,,,,,,,,,
GLC-REAL-580,1,observed_landslide,NASA_GLC_OBSERVATIONAL_GROUND_TRUTH,NASA_GLC,2008-06-09,Manipur,24.6596,93.9784,Unknown,0,NASA_USGS_SRTM_30m,NASA_POWER_PRECTOTCORR_Daily,ISRIC_SoilGrids_2.0_Unavailable,ESA_WorldCover_Tile_Unavailable,"{'location_description': 'near Kuloor church, in Manipur along National Highway', 'source_name': 'daijiworld', 'source_link': 'http://www.daijiworld.com/news/news_disp.asp?n_id=47500&n_tit=Mangalore:+Monsoon+Continues+to+Strike;+Landslide,+Houses+Collapse'}",779.0,3.02,71.57,4.16,12.25,,,,,,,,,,,
GLC-REAL-5575,1,observed_landslide,NASA_GLC_OBSERVATIONAL_GROUND_TRUTH,NASA_GLC,2013-10-05,Nagaland,25.8266,94.1497,Unknown,0,NASA_USGS_SRTM_30m,NASA_POWER_PRECTOTCORR_Daily,ISRIC_SoilGrids_2.0_Unavailable,ESA_WorldCover_Tile_Unavailable,"{'location_description': 'Chiechama, Nagaland', 'source_name': 'www.business-standard.com', 'source_link': 'http://www.business-standard.com/article/current-affairs/mudslides-block-nh-2-in-nagaland-113100700032_1.html'}",1402.0,27.18,103.13,16.72,36.68,,,,,,,,,,,
GLC-REAL-8996,1,observed_landslide,NASA_GLC_OBSERVATIONAL_GROUND_TRUTH,NASA_GLC,2016-07-14,Assam,26.1768,91.7702,Unknown,0,NASA_USGS_SRTM_30m,NASA_POWER_PRECTOTCORR_Daily,ISRIC_SoilGrids_2.0_Unavailable,ESA_WorldCover_Tile_Unavailable,"{'location_description': 'Pub Sarania hill, South Sarania, Guwahati, Assam, India', 'source_name': 'Indian Express', 'source_link': 'http://indianexpress.com/article/india/india-news-india/separate-landslides-kill-two-in-assam-2913748/'}",93.0,35.02,205.35,7.89,16.48,,,,,,,,,,,
GLC-REAL-1613,1,observed_landslide,NASA_GLC_OBSERVATIONAL_GROUND_TRUTH,NASA_GLC,2010-04-02,Arunachal Pradesh,27.8997,93.3497,Unknown,0,NASA_USGS_SRTM_30m,NASA_POWER_PRECTOTCORR_Daily,ISRIC_SoilGrids_2.0_Unavailable,ESA_WorldCover_Tile_Unavailable,"{'location_description': 'Koloriang, Kuring Kumey district, Arunachal Pradesh', 'source_name': 'english.peopledaily', 'source_link': 'http://english.peopledaily.com.cn/90001/90777/90852/6938742.html'}",869.0,6.92,285.95,6.29,18.64,,,,,,,,,,,
GLC-REAL-4857,1,observed_landslide,NASA_GLC_OBSERVATIONAL_GROUND_TRUTH,NASA_GLC,2013-05-11,Mizoram,23.7281,92.7175,Unknown,0,NASA_USGS_SRTM_30m,NASA_POWER_PRECTOTCORR_Daily,ISRIC_SoilGrids_2.0_Unavailable,ESA_WorldCover_Tile_Unavailable,"{'location_description': 'Laipuitland , Aizawl, Mizoram', 'source_name': 'articles.timesofindia.indiatimes.com', 'source_link': 'http://articles.timesofindia.indiatimes.com/2013-05-12/guwahati/39203177_1_young-mizo-association-aizawl-rescue-work'}",1081.0,8.98,341.57,21.06,76.18,,,,,,,,,,,
GLC-REAL-6945,1,observed_landslide,NASA_GLC_OBSERVATIONAL_GROUND_TRUTH,NASA_GLC,2015-06-19,Manipur,25.16,93.686,Unknown,0,NASA_USGS_SRTM_30m,NASA_POWER_PRECTOTCORR_Daily,ISRIC_SoilGrids_2.0_Unavailable,ESA_WorldCover_Tile_Unavailable,"{'location_description': 'amei to Kangpokpi via Imphal road, 0.5 km from Tamei, Tamenglang District', 'source_name': 'E-Pao', 'source_link': 'http://e-pao.net/GP.asp?src=34..200615.jun15'}",1026.0,36.2,239.93,1.74,5.62,,,,,,,,,,,
GLC-REAL-1857,1,observed_landslide,NASA_GLC_OBSERVATIONAL_GROUND_TRUTH,NASA_GLC,2010-05-11,Meghalaya,25.3433,92.2897,Unknown,0,NASA_USGS_SRTM_30m,NASA_POWER_PRECTOTCORR_Daily,ISRIC_SoilGrids_2.0_Unavailable,ESA_WorldCover_Tile_Unavailable,"{'location_description': 'National highway 44 at Sunapur and Tongseng in Jaintia Hills district, eastern Meghalaya', 'source_name': 'prokerala', 'source_link': 'http://www.prokerala.com/news/articles/a135422.html'}",1205.0,0.95,180.0,12.85,28.61,,,,,,,,,,,
GLC-REAL-2743,1,observed_landslide,NASA_GLC_OBSERVATIONAL_GROUND_TRUTH,NASA_GLC,2010-11-22,Arunachal Pradesh,27.57987,91.85672,Unknown,0,NASA_USGS_SRTM_30m,NASA_POWER_PRECTOTCORR_Daily,ISRIC_SoilGrids_2.0_Unavailable,ESA_WorldCover_Tile_Unavailable,"{'location_description': 'Tawang Monastery, Arunachal Pradesh', 'source_name': 'Daily News and Analysis', 'source_link': 'http://www.dnaindia.com/india/report_tawang-monastery-faces-danger-due-to-landslides_1472890'}",2746.0,24.81,334.36,0.0,1.5,,,,,,,,,,,
GLC-REAL-4860,1,observed_landslide,NASA_GLC_OBSERVATIONAL_GROUND_TRUTH,NASA_GLC,2013-05-11,Assam,26.1016,91.6906,Unknown,0,NASA_USGS_SRTM_30m,NASA_POWER_PRECTOTCORR_Daily,ISRIC_SoilGrids_2.0_Unavailable,ESA_WorldCover_Tile_Unavailable,"{'location_description': 'Boragaon, North Guwahati, Guwahati, Assam,', 'source_name': 'articles.timesofindia.indiatimes.com', 'source_link': 'http://articles.timesofindia.indiatimes.com/2013-05-12/guwahati/39203561_1_artificial-floods-guwahati-municipal-corporation-gs-road'}",118.0,35.81,96.63,38.98,109.25,,,,,,,,,,,
GLC-REAL-4845,1,observed_landslide,NASA_GLC_OBSERVATIONAL_GROUND_TRUTH,NASA_GLC,2013-05-07,Mizoram,24.2315,92.6755,Unknown,0,NASA_USGS_SRTM_30m,NASA_POWER_PRECTOTCORR_Daily,ISRIC_SoilGrids_2.0_Unavailable,ESA_WorldCover_Tile_Unavailable,"{'location_description': 'Kolasib, Saiha, Mizoram,', 'source_name': 'www.thehindu.com', 'source_link': 'http://www.thehindu.com/news/national/other-states/landslides-after-heavy-premonsoon-rain-in-mizoram/article4695784.ece'}",676.0,8.74,229.4,55.11,132.57,,,,,,,,,,,
GLC-REAL-1770,1,observed_landslide,NASA_GLC_OBSERVATIONAL_GROUND_TRUTH,NASA_GLC,2010-04-20,Assam,26.1965,91.763,Unknown,0,NASA_USGS_SRTM_30m,NASA_POWER_PRECTOTCORR_Daily,ISRIC_SoilGrids_2.0_Unavailable,ESA_WorldCover_Tile_Unavailable,"{'location_description': 'Kharghuli, Guwahati, Assam', 'source_name': 'assamtribune', 'source_link': 'http://www.assamtribune.com/scripts/detailsnew.asp?id=apr2110/at06'}",95.0,3.02,18.43,33.21,123.36,,,,,,,,,,,
GLC-REAL-7728,1,observed_landslide,NASA_GLC_OBSERVATIONAL_GROUND_TRUTH,NASA_GLC,2015-08-22,Assam,26.1028,91.8806,Unknown,0,NASA_USGS_SRTM_30m,NASA_POWER_PRECTOTCORR_Daily,ISRIC_SoilGrids_2.0_Unavailable,ESA_WorldCover_Tile_Unavailable,"{'location_description': 'Natonal Highway in Jorabat area', 'source_name': 'Assam Times', 'source_link': 'http://www.assamtimes.org/node/14643'}",137.0,15.18,227.49,4.42,70.45,,,,,,,,,,,
GLC-REAL-5274,1,observed_landslide,NASA_GLC_OBSERVATIONAL_GROUND_TRUTH,NASA_GLC,2013-08-04,Nagaland,26.0838,94.564,Unknown,0,NASA_USGS_SRTM_30m,NASA_POWER_PRECTOTCORR_Daily,ISRIC_SoilGrids_2.0_Unavailable,ESA_WorldCover_Tile_Unavailable,"{'location_description': 'Suruhuto Town, Nagaland', 'source_name': 'www.nagalandpost.com', 'source_link': 'http://www.nagalandpost.com/ChannelNews/State/StateNews.aspx?news=TkVXUzEwMDA0MjY4Nw%3D%3D-bSp8jh3okxw%3D'}",1836.0,15.92,173.29,5.78,14.93,,,,,,,,,,,
GLC-REAL-7836,1,observed_landslide,NASA_GLC_OBSERVATIONAL_GROUND_TRUTH,NASA_GLC,2015-08-27,Mizoram,24.042,92.6724,Unknown,0,NASA_USGS_SRTM_30m,NASA_POWER_PRECTOTCORR_Daily,ISRIC_SoilGrids_2.0_Unavailable,ESA_WorldCover_Tile_Unavailable,"{'location_description': 'National Highway 54, at Kawnpui town', 'source_name': 'Indian Express', 'source_link': 'http://indianexpress.com/article/india/india-others/mizoram-aizawl-houses-swept-away-graves-damaged-by-rain-and-landslide/'}",812.0,7.59,180.0,5.48,9.52,,,,,,,,,,,
GLC-REAL-3776,1,observed_landslide,NASA_GLC_OBSERVATIONAL_GROUND_TRUTH,NASA_GLC,2011-07-15,Arunachal Pradesh,27.125,93.7145,Unknown,0,NASA_USGS_SRTM_30m,NASA_POWER_PRECTOTCORR_Daily,ISRIC_SoilGrids_2.0_Unavailable,ESA_WorldCover_Tile_Unavailable,"{'location_description': 'Itanagar/Naharlagur/Nirjuli', 'source_name': 'ibnlive.in', 'source_link': 'http://ibnlive.in.com/generalnewsfeed/news/flash-floods-landslides-in-arunachal-pradesh/757817.html'}",129.0,5.55,120.96,22.61,108.87,,,,,,,,,,,
GLC-REAL-7388,1,observed_landslide,NASA_GLC_OBSERVATIONAL_GROUND_TRUTH,NASA_GLC,2015-08-01,Manipur,24.416,94.0984,Unknown,0,NASA_USGS_SRTM_30m,NASA_POWER_PRECTOTCORR_Daily,ISRIC_SoilGrids_2.0_Unavailable,ESA_WorldCover_Tile_Unavailable,"{'location_description': 'Senam', 'source_name': 'E-PAO', 'source_link': 'http://e-pao.net/GP.asp?src=1..020815.aug15'}",1377.0,22.09,19.18,3.7,100.7,,,,,,,,,,,
GLC-REAL-5421,1,observed_landslide,NASA_GLC_OBSERVATIONAL_GROUND_TRUTH,NASA_GLC,2013-08-30,Nagaland,26.4205,94.9731,Unknown,0,NASA_USGS_SRTM_30m,NASA_POWER_PRECTOTCORR_Daily,ISRIC_SoilGrids_2.0_Unavailable,ESA_WorldCover_Tile_Unavailable,"{'location_description': 'Yakshu, Nagaland', 'source_name': 'www.nagalandpost.com', 'source_link': 'http://www.nagalandpost.com/ChannelNews/State/StateNews.aspx?news=TkVXUzEwMDA0NDY0Nw%3D%3D-jp8K0A7ZhsM%3D'}",688.0,24.63,250.91,7.63,44.85,,,,,,,,,,,
GLC-REAL-2343,1,observed_landslide,NASA_GLC_OBSERVATIONAL_GROUND_TRUTH,NASA_GLC,2010-08-27,Nagaland,25.4786,94.1327,Unknown,0,NASA_USGS_SRTM_30m,NASA_POWER_PRECTOTCORR_Daily,ISRIC_SoilGrids_2.0_Unavailable,ESA_WorldCover_Tile_Unavailable,"{'location_description': 'NH-39 at Ekai village(?), 2 km for Tadubi, Manipur', 'source_name': 'e-pao', 'source_link': 'http://www.e-pao.net/GP.asp?src=27..280810.aug10'}",1754.0,9.74,60.95,14.5,22.07,,,,,,,,,,,
GLC-REAL-3683,1,observed_landslide,NASA_GLC_OBSERVATIONAL_GROUND_TRUTH,NASA_GLC,2011-07-01,Nagaland,25.8782,94.1739,Unknown,0,NASA_USGS_SRTM_30m,NASA_POWER_PRECTOTCORR_Daily,ISRIC_SoilGrids_2.0_Unavailable,ESA_WorldCover_Tile_Unavailable,"{'location_description': 'NH-61 between Botsa and Chiechama', 'source_name': 'morungexpress', 'source_link': 'http://www.morungexpress.com/local/69559.html'}",1356.0,22.67,151.39,19.89,41.75,,,,,,,,,,,
GLC-REAL-7591,1,observed_landslide,NASA_GLC_OBSERVATIONAL_GROUND_TRUTH,NASA_GLC,2015-03-19,Assam,25.0318,92.4584,Unknown,0,NASA_USGS_SRTM_30m,NASA_POWER_PRECTOTCORR_Daily,ISRIC_SoilGrids_2.0_Unavailable,ESA_WorldCover_Tile_Unavailable,"{'location_description': 'Ratacherra', 'source_name': 'International Business Times', 'source_link': 'http://www.ibtimes.co.in/meghalaya-massive-landslide-east-jaintia-hills-flash-floods-shillong-hit-normal-life-643439'}",88.0,19.47,315.0,0.01,0.01,,,,,,,,,,,
GLC-REAL-9232,1,observed_landslide,NASA_GLC_OBSERVATIONAL_GROUND_TRUTH,NASA_GLC,2016-07-28,Mizoram,23.5397,93.3783,Unknown,0,NASA_USGS_SRTM_30m,NASA_POWER_PRECTOTCORR_Daily,ISRIC_SoilGrids_2.0_Unavailable,ESA_WorldCover_Tile_Unavailable,"{'location_description': 'Ngur, near Mizoram-Myanmar border, India', 'source_name': 'Business Standard', 'source_link': 'http://www.business-standard.com/article/pti-stories/two-killed-in-mizoram-landslide-116072900324_1.html'}",1568.0,9.46,306.87,7.01,19.12,,,,,,,,,,,
GLC-REAL-4434,1,observed_landslide,NASA_GLC_OBSERVATIONAL_GROUND_TRUTH,NASA_GLC,2012-06-25,Assam,26.1049,91.7369,Unknown,0,NASA_USGS_SRTM_30m,NASA_POWER_PRECTOTCORR_Daily,ISRIC_SoilGrids_2.0_Unavailable,ESA_WorldCover_Tile_Unavailable,"{'location_description': 'Sonaighuli area near Kahilipara, Guwahati City, Assam', 'source_name': 'thesop.org', 'source_link': 'http://thesop.org/story/20120701/woman-killed-in-guwahati-by-landslide.html'}",156.0,15.18,227.49,100.21,151.86,,,,,,,,,,,
GLC-REAL-7214,1,observed_landslide,NASA_GLC_OBSERVATIONAL_GROUND_TRUTH,NASA_GLC,2015-07-15,Arunachal Pradesh,27.36,93.0385,Unknown,0,NASA_USGS_SRTM_30m,NASA_POWER_PRECTOTCORR_Daily,ISRIC_SoilGrids_2.0_Unavailable,ESA_WorldCover_Tile_Unavailable,"{'location_description': 'Type-IV Colony of Seppa in East Kameng', 'source_name': 'NDTV', 'source_link': 'http://www.ndtv.com/andhra-pradesh-news/3-killed-in-landslide-in-arunachal-pradesh-781829'}",404.0,6.92,344.05,40.53,70.31,,,,,,,,,,,
GLC-REAL-5582,1,observed_landslide,NASA_GLC_OBSERVATIONAL_GROUND_TRUTH,NASA_GLC,2013-10-06,Assam,26.1309,91.8383,Unknown,0,NASA_USGS_SRTM_30m,NASA_POWER_PRECTOTCORR_Daily,ISRIC_SoilGrids_2.0_Unavailable,ESA_WorldCover_Tile_Unavailable,"{'location_description': 'Batahguli, Guwahati, Assam', 'source_name': 'articles.timesofindia.indiatimes.com', 'source_link': 'http://articles.timesofindia.indiatimes.com/2013-10-07/guwahati/42793381_1_anil-nagar-heavy-rain-nabin-nagar'}",107.0,9.32,156.04,62.76,151.09,,,,,,,,,,,
GLC-REAL-2405,1,observed_landslide,NASA_GLC_OBSERVATIONAL_GROUND_TRUTH,NASA_GLC,2010-09-09,Arunachal Pradesh,28.3036,95.4112,Unknown,0,NASA_USGS_SRTM_30m,NASA_POWER_PRECTOTCORR_Daily,ISRIC_SoilGrids_2.0_Unavailable,ESA_WorldCover_Tile_Unavailable,"{'location_description': 'Mossing(Mosing) village(?), Upper Siang district, Arunachal Pradesh', 'source_name': 'timesofindia.indiatimes', 'source_link': 'http://timesofindia.indiatimes.com/india/13-killed-as-rains-wrack-havoc-in-north-and-eastern-India-/articleshow/6532367.cms'}",1811.0,42.38,170.54,38.76,89.09,,,,,,,,,,,
GLC-REAL-3556,1,observed_landslide,NASA_GLC_OBSERVATIONAL_GROUND_TRUTH,NASA_GLC,2011-05-31,Manipur,25.1555,93.8474,Unknown,0,NASA_USGS_SRTM_30m,NASA_POWER_PRECTOTCORR_Daily,ISRIC_SoilGrids_2.0_Unavailable,ESA_WorldCover_Tile_Unavailable,"{'location_description': 'Roads between Tamei(Tamma?), Kangpokpi and Chalwa, Manipur', 'source_name': 'e-pao.net', 'source_link': 'http://e-pao.net/GP.asp?src=7..020611.jun11'}",1374.0,42.22,262.61,15.72,45.38,,,,,,,,,,,
GLC-REAL-2569,1,observed_landslide,NASA_GLC_OBSERVATIONAL_GROUND_TRUTH,NASA_GLC,2010-10-08,Nagaland,25.2745,94.0212,Unknown,0,NASA_USGS_SRTM_30m,NASA_POWER_PRECTOTCORR_Daily,ISRIC_SoilGrids_2.0_Unavailable,ESA_WorldCover_Tile_Unavailable,"{'location_description': 'Bungte Chiru village(?), Senapati district, Manipur', 'source_name': 'e-pao.net', 'source_link': 'http://e-pao.net/GP.asp?src=6..111010.oct10'}",1077.0,12.23,247.38,53.95,91.32,,,,,,,,,,,
GLC-REAL-2423,1,observed_landslide,NASA_GLC_OBSERVATIONAL_GROUND_TRUTH,NASA_GLC,2010-09-13,Mizoram,23.73504,92.71061,Unknown,0,NASA_USGS_SRTM_30m,NASA_POWER_PRECTOTCORR_Daily,ISRIC_SoilGrids_2.0_Unavailable,ESA_WorldCover_Tile_Unavailable,"{'location_description': 'road to Kanan Veng from Hunthar Veng, Mizoram', 'source_name': 'Mizoram Express', 'source_link': 'http://mizoramexpress.com/index.php/2010/09/mizoram-landslides-kill-one-woman/'}",947.0,28.18,174.64,9.93,17.18,,,,,,,,,,,
GLC-REAL-3532,1,observed_landslide,NASA_GLC_OBSERVATIONAL_GROUND_TRUTH,NASA_GLC,2011-05-24,Assam,25.0888,92.8551,Unknown,0,NASA_USGS_SRTM_30m,NASA_POWER_PRECTOTCORR_Daily,ISRIC_SoilGrids_2.0_Unavailable,ESA_WorldCover_Tile_Unavailable,"{'location_description': 'Silchar-Haflong rd., at Reko(Rekha )(?), near Harangajao, Barail Hills, Assam', 'source_name': 'articles.timesofindia', 'source_link': 'http://articles.timesofindia.indiatimes.com/2011-05-27/guwahati/29591193_1_dima-hasao-landslide-traffic-movement'}",268.0,25.92,95.91,15.2,50.01,,,,,,,,,,,
GLC-REAL-7956,1,observed_landslide,NASA_GLC_OBSERVATIONAL_GROUND_TRUTH,NASA_GLC,2015-09-05,Meghalaya,26.048,91.8695,Unknown,0,NASA_USGS_SRTM_30m,NASA_POWER_PRECTOTCORR_Daily,ISRIC_SoilGrids_2.0_Unavailable,ESA_WorldCover_Tile_Unavailable,"{'location_description': 'Byrnihat', 'source_name': 'The Assam Tribune', 'source_link': 'http://www.assamtribune.com/scripts/detailsnew.asp?id=sep0615/city053'}",74.0,10.05,228.81,3.69,63.5,,,,,,,,,,,
GLC-REAL-2425,1,observed_landslide,NASA_GLC_OBSERVATIONAL_GROUND_TRUTH,NASA_GLC,2010-09-13,Mizoram,23.3439,93.0748,Unknown,0,NASA_USGS_SRTM_30m,NASA_POWER_PRECTOTCORR_Daily,ISRIC_SoilGrids_2.0_Unavailable,ESA_WorldCover_Tile_Unavailable,"{'location_description': 'near Tuichang(?) on Tuichang river, Aizawl-Champhai rd, Mizoram', 'source_name': 'Mizoram Express', 'source_link': 'http://mizoramexpress.com/index.php/2010/09/mizoram-landslides-kill-one-woman/'}",1329.0,37.72,217.12,5.92,10.64,,,,,,,,,,,
GLC-REAL-6970,1,observed_landslide,NASA_GLC_OBSERVATIONAL_GROUND_TRUTH,NASA_GLC,2015-06-16,Meghalaya,25.5084,90.2191,Unknown,0,NASA_USGS_SRTM_30m,NASA_POWER_PRECTOTCORR_Daily,ISRIC_SoilGrids_2.0_Unavailable,ESA_WorldCover_Tile_Unavailable,"{'location_description': 'Akonggre', 'source_name': 'The Shillong Times', 'source_link': 'http://www.theshillongtimes.com/2015/06/17/entire-family-among-5-dead-in-tura-landslides/'}",322.0,19.37,31.43,27.16,62.64,,,,,,,,,,,
GLC-REAL-5312,1,observed_landslide,NASA_GLC_OBSERVATIONAL_GROUND_TRUTH,NASA_GLC,2013-08-11,Assam,26.7103,94.693,Unknown,0,NASA_USGS_SRTM_30m,NASA_POWER_PRECTOTCORR_Daily,ISRIC_SoilGrids_2.0_Unavailable,ESA_WorldCover_Tile_Unavailable,"{'location_description': 'Kangtsung Village', 'source_name': 'www.nagalandpost.com', 'source_link': 'http://www.nagalandpost.com/channelnews/State/StateNews.aspx?news=TkVXUzEwMDA0MzQ3OQ%3D%3D-qmeQz2DKZMo%3D'}",689.0,12.26,302.47,6.1,12.29,,,,,,,,,,,
GLC-REAL-2568,1,observed_landslide,NASA_GLC_OBSERVATIONAL_GROUND_TRUTH,NASA_GLC,2010-10-08,Assam,24.7679,93.4108,Unknown,0,NASA_USGS_SRTM_30m,NASA_POWER_PRECTOTCORR_Daily,ISRIC_SoilGrids_2.0_Unavailable,ESA_WorldCover_Tile_Unavailable,"{'location_description': 'Nungba, Tamenglong, Manipur', 'source_name': 'assamtribune', 'source_link': 'http://www.assamtribune.com/scripts/detailsnew.asp?id=oct1110/oth05'}",510.0,21.05,4.97,86.18,138.2,,,,,,,,,,,
GLC-REAL-7409,1,observed_landslide,NASA_GLC_OBSERVATIONAL_GROUND_TRUTH,NASA_GLC,2015-08-02,Nagaland,25.72,94.6219,Unknown,0,NASA_USGS_SRTM_30m,NASA_POWER_PRECTOTCORR_Daily,ISRIC_SoilGrids_2.0_Unavailable,ESA_WorldCover_Tile_Unavailable,"{'location_description': 'Meluri Sub-Division in Phek District of Nagaland', 'source_name': 'IBN Live', 'source_link': 'http://www.ibnlive.com/news/india/incessant-rains-trigger-landslide-and-mud-slips-in-nagaland-1029674.html'}",1713.0,47.09,310.6,0.7,71.33,,,,,,,,,,,
GLC-REAL-9219,1,observed_landslide,NASA_GLC_OBSERVATIONAL_GROUND_TRUTH,NASA_GLC,2016-07-26,Nagaland,26.0101,94.5282,Unknown,0,NASA_USGS_SRTM_30m,NASA_POWER_PRECTOTCORR_Daily,ISRIC_SoilGrids_2.0_Unavailable,ESA_WorldCover_Tile_Unavailable,"{'location_description': 'Zunheboto, Nagaland, India', 'source_name': 'Nagaland Post', 'source_link': 'http://www.nagalandpost.com/ChannelNews/State/StateNews.aspx?news=TkVXUzEwMDEwMDE5MQ%3D%3D'}",1715.0,13.42,192.09,1.68,31.23,,,,,,,,,,,
GLC-REAL-2579,1,observed_landslide,NASA_GLC_OBSERVATIONAL_GROUND_TRUTH,NASA_GLC,2010-10-09,Nagaland,25.682,94.1076,Unknown,0,NASA_USGS_SRTM_30m,NASA_POWER_PRECTOTCORR_Daily,ISRIC_SoilGrids_2.0_Unavailable,ESA_WorldCover_Tile_Unavailable,"{'location_description': 'Lower Pezielietsie(Tinpati), Kohima, Manipur', 'source_name': 'indianexpress', 'source_link': 'http://www.indianexpress.com/news/Landslides-cut-off-N-E/695456'}",1442.0,7.23,23.2,23.12,99.99,,,,,,,,,,,
GLC-REAL-8223,1,observed_landslide,NASA_GLC_OBSERVATIONAL_GROUND_TRUTH,NASA_GLC,2015-09-14,Mizoram,23.7348,92.7187,Unknown,0,NASA_USGS_SRTM_30m,NASA_POWER_PRECTOTCORR_Daily,ISRIC_SoilGrids_2.0_Unavailable,ESA_WorldCover_Tile_Unavailable,"{'location_description': 'Aizawl, Mizoram, India', 'source_name': 'The Northeast Today', 'source_link': 'http://thenortheasttoday.com/landslides-damage-houses-graves-in-aizawl/'}",1042.0,16.05,100.01,13.58,44.56,,,,,,,,,,,
GLC-REAL-7336,1,observed_landslide,NASA_GLC_OBSERVATIONAL_GROUND_TRUTH,NASA_GLC,2015-08-19,Meghalaya,25.2193,90.5549,Unknown,0,NASA_USGS_SRTM_30m,NASA_POWER_PRECTOTCORR_Daily,ISRIC_SoilGrids_2.0_Unavailable,ESA_WorldCover_Tile_Unavailable,"{'location_description': 'NH-62 at Sibbari', 'source_name': 'Shillong Times', 'source_link': 'http://www.theshillongtimes.com/2015/08/20/child-washed-away-in-tura/'}",272.0,7.83,75.96,26.68,58.96,,,,,,,,,,,
GLC-REAL-9252,1,observed_landslide,NASA_GLC_OBSERVATIONAL_GROUND_TRUTH,NASA_GLC,2016-07-28,Arunachal Pradesh,27.5748,91.8644,Unknown,0,NASA_USGS_SRTM_30m,NASA_POWER_PRECTOTCORR_Daily,ISRIC_SoilGrids_2.0_Unavailable,ESA_WorldCover_Tile_Unavailable,"{'location_description': 'Dolma Lhakang complex, Lumla, Tawang,  Arunachal Pradesh, India', 'source_name': 'Arunchal Times', 'source_link': 'http://www.arunachaltimes.in/monsoon-fury-continues-to-pound-tawang/'}",2689.0,12.23,157.38,14.04,27.35,,,,,,,,,,,
GLC-REAL-5300,1,observed_landslide,NASA_GLC_OBSERVATIONAL_GROUND_TRUTH,NASA_GLC,2013-08-09,Nagaland,25.318,94.0441,Unknown,0,NASA_USGS_SRTM_30m,NASA_POWER_PRECTOTCORR_Daily,ISRIC_SoilGrids_2.0_Unavailable,ESA_WorldCover_Tile_Unavailable,"{'location_description': 'Senapati, Manipur', 'source_name': 'e-pao.net', 'source_link': 'http://e-pao.net/GP.asp?src=Snipp8..230813.aug13'}",999.0,9.46,180.0,1.71,17.09,,,,,,,,,,,
GLC-REAL-7665,1,observed_landslide,NASA_GLC_OBSERVATIONAL_GROUND_TRUTH,NASA_GLC,2015-08-11,Manipur,24.7016,93.5291,Unknown,0,NASA_USGS_SRTM_30m,NASA_POWER_PRECTOTCORR_Daily,ISRIC_SoilGrids_2.0_Unavailable,ESA_WorldCover_Tile_Unavailable,"{'location_description': 'Khoupum', 'source_name': 'E-PAO', 'source_link': 'http://e-pao.net/GP.asp?src=26..120815.aug15'}",663.0,13.04,120.26,1.62,29.54,,,,,,,,,,,
GLC-REAL-1994,1,observed_landslide,NASA_GLC_OBSERVATIONAL_GROUND_TRUTH,NASA_GLC,2010-06-16,Assam,25.0633,92.8025,Unknown,0,NASA_USGS_SRTM_30m,NASA_POWER_PRECTOTCORR_Daily,ISRIC_SoilGrids_2.0_Unavailable,ESA_WorldCover_Tile_Unavailable,"{'location_description': 'rails between Jatinga and Longrangjao(?), Assam', 'source_name': 'ptinews', 'source_link': 'http://www.ptinews.com/news/721800_Landslides--blockade-hit-trains-services-in-NC-Hills'}",98.0,19.37,238.57,14.74,62.96,,,,,,,,,,,
GLC-REAL-3760,1,observed_landslide,NASA_GLC_OBSERVATIONAL_GROUND_TRUTH,NASA_GLC,2011-07-11,Nagaland,25.6703,94.1095,Unknown,0,NASA_USGS_SRTM_30m,NASA_POWER_PRECTOTCORR_Daily,ISRIC_SoilGrids_2.0_Unavailable,ESA_WorldCover_Tile_Unavailable,"{'location_description': 'NH-61, 1 km before reaching Botsa', 'source_name': 'morungexpress', 'source_link': 'http://www.morungexpress.com/local/68036.html'}",1447.0,20.99,177.51,0.1,1.79,,,,,,,,,,,
GLC-REAL-692,1,observed_landslide,NASA_GLC_OBSERVATIONAL_GROUND_TRUTH,NASA_GLC,2008-08-07,Nagaland,25.705,94.04,Unknown,0,NASA_USGS_SRTM_30m,NASA_POWER_PRECTOTCORR_Daily,ISRIC_SoilGrids_2.0_Unavailable,ESA_WorldCover_Tile_Unavailable,"{'location_description': 'National Highway-39, Dimapur-Imphal road and another under Kiphire district of Nagaland', 'source_name': 'kanglaonline', 'source_link': 'http://www.kanglaonline.com/index.php?template=headline&newsid=43094&typeid=1'}",1040.0,15.9,159.44,0.82,12.78,,,,,,,,,,,
GLC-REAL-3633,1,observed_landslide,NASA_GLC_OBSERVATIONAL_GROUND_TRUTH,NASA_GLC,2011-06-20,Nagaland,26.3186,94.5121,Unknown,0,NASA_USGS_SRTM_30m,NASA_POWER_PRECTOTCORR_Daily,ISRIC_SoilGrids_2.0_Unavailable,ESA_WorldCover_Tile_Unavailable,"{'location_description': 'Mokokchung', 'source_name': 'morungexpress', 'source_link': 'http://www.morungexpress.com/local/67219.html'}",1256.0,11.04,289.98,3.79,13.89,,,,,,,,,,,
GLC-REAL-7374,1,observed_landslide,NASA_GLC_OBSERVATIONAL_GROUND_TRUTH,NASA_GLC,2015-08-01,Manipur,25.1122,94.3591,Unknown,0,NASA_USGS_SRTM_30m,NASA_POWER_PRECTOTCORR_Daily,ISRIC_SoilGrids_2.0_Unavailable,ESA_WorldCover_Tile_Unavailable,"{'location_description': 'Ukhrul town Circular road from Rayotang to Viewland Zone II', 'source_name': 'E-PAO', 'source_link': 'http://e-pao.net/GP.asp?src=22..020815.aug15'}",1850.0,17.78,8.97,4.9,104.34,,,,,,,,,,,
GLC-REAL-2098,1,observed_landslide,NASA_GLC_OBSERVATIONAL_GROUND_TRUTH,NASA_GLC,2010-07-19,Nagaland,26.7215,95.0283,Unknown,0,NASA_USGS_SRTM_30m,NASA_POWER_PRECTOTCORR_Daily,ISRIC_SoilGrids_2.0_Unavailable,ESA_WorldCover_Tile_Unavailable,"{'location_description': 'Jahjon ward(?), Mon town, Nagaland', 'source_name': 'nagalandpost', 'source_link': 'http://www.nagalandpost.com/ShowStory.aspx?npoststoryiden=UzEwMjg4MDU%3D-2pMJ7cwWh98%3D'}",719.0,15.04,97.13,13.18,50.87,,,,,,,,,,,
GLC-REAL-2205,1,observed_landslide,NASA_GLC_OBSERVATIONAL_GROUND_TRUTH,NASA_GLC,2010-08-06,Mizoram,23.7365,92.7146,Unknown,0,NASA_USGS_SRTM_30m,NASA_POWER_PRECTOTCORR_Daily,ISRIC_SoilGrids_2.0_Unavailable,ESA_WorldCover_Tile_Unavailable,"{'location_description': 'Dawrpui Vengthar cemetary, Aizwal, Mizoram', 'source_name': 'gsi.gov', 'source_link': 'http://www.portal.gsi.gov.in/portal/page?_pageid=127,875814&_dad=portal&_schema=PORTAL'}",1019.0,28.63,347.66,0.38,16.06,,,,,,,,,,,
GLC-REAL-4610,1,observed_landslide,NASA_GLC_OBSERVATIONAL_GROUND_TRUTH,NASA_GLC,2012-11-11,Mizoram,23.7705,92.5217,Unknown,0,NASA_USGS_SRTM_30m,NASA_POWER_PRECTOTCORR_Daily,ISRIC_SoilGrids_2.0_Unavailable,ESA_WorldCover_Tile_Unavailable,"{'location_description': 'Dapchhuah, Mamit, Mizoram', 'source_name': 'assamtribune', 'source_link': 'http://www.assamtribune.com/scripts/detailsnew.asp?id=oct1312/oth06'}",79.0,8.94,32.01,0.0,0.09,,,,,,,,,,,
GLC-REAL-5275,1,observed_landslide,NASA_GLC_OBSERVATIONAL_GROUND_TRUTH,NASA_GLC,2013-08-04,Nagaland,26.1498,94.6055,Unknown,0,NASA_USGS_SRTM_30m,NASA_POWER_PRECTOTCORR_Daily,ISRIC_SoilGrids_2.0_Unavailable,ESA_WorldCover_Tile_Unavailable,"{'location_description': 'Suruhuto Town, Nagaland', 'source_name': 'www.nagalandpost.com', 'source_link': 'http://www.nagalandpost.com/ChannelNews/State/StateNews.aspx?news=TkVXUzEwMDA0MjY4Nw%3D%3D-bSp8jh3okxw%3D'}",1710.0,30.1,288.43,5.78,14.93,,,,,,,,,,,
GLC-REAL-2247,1,observed_landslide,NASA_GLC_OBSERVATIONAL_GROUND_TRUTH,NASA_GLC,2010-08-14,Nagaland,26.148,94.8422,Unknown,0,NASA_USGS_SRTM_30m,NASA_POWER_PRECTOTCORR_Daily,ISRIC_SoilGrids_2.0_Unavailable,ESA_WorldCover_Tile_Unavailable,"{'location_description': 'Tuensang-Shamatore(Sampurre) rd, Nagaland', 'source_name': 'morungexpress', 'source_link': 'http://www.morungexpress.com/frontpage/53726.html'}",1517.0,32.67,98.97,11.86,53.09,,,,,,,,,,,
GLC-REAL-3927,1,observed_landslide,NASA_GLC_OBSERVATIONAL_GROUND_TRUTH,NASA_GLC,2011-08-16,Meghalaya,25.5144,90.2167,Unknown,0,NASA_USGS_SRTM_30m,NASA_POWER_PRECTOTCORR_Daily,ISRIC_SoilGrids_2.0_Unavailable,ESA_WorldCover_Tile_Unavailable,"{'location_description': 'Garo Hills, Tura', 'source_name': 'theshillongtimes.com', 'source_link': 'http://theshillongtimes.com/2011/08/17/landslides-claim-six/'}",318.0,12.77,342.9,136.4,164.09,,,,,,,,,,,
GLC-REAL-259,1,observed_landslide,NASA_GLC_OBSERVATIONAL_GROUND_TRUTH,NASA_GLC,2007-09-11,Meghalaya,25.52,91.27,Unknown,0,NASA_USGS_SRTM_30m,NASA_POWER_PRECTOTCORR_Daily,ISRIC_SoilGrids_2.0_Unavailable,ESA_WorldCover_Tile_Unavailable,"{'location_description': 'Assam-Agartala National Highway, Sonarpur in Jayantiya hills of Meghalaya', 'source_name': 'India times', 'source_link': 'http://timesofindia.indiatimes.com/India/Flood-hit_Tripura_Mizoram_remain_cut_off_for_seventh_day/articleshow/2380211.cms'}",1348.0,11.0,120.96,7.02,51.55,,,,,,,,,,,
GLC-REAL-6112,1,observed_landslide,NASA_GLC_OBSERVATIONAL_GROUND_TRUTH,NASA_GLC,2014-06-28,Assam,26.1964,91.7652,Unknown,0,NASA_USGS_SRTM_30m,NASA_POWER_PRECTOTCORR_Daily,ISRIC_SoilGrids_2.0_Unavailable,ESA_WorldCover_Tile_Unavailable,"{'location_description': 'Kharghuli Hills, Assam', 'source_name': 'Assam Times', 'source_link': 'http://www.assamtimes.org/node/11181'}",80.0,14.16,97.59,10.84,31.92,,,,,,,,,,,
GLC-REAL-7390,1,observed_landslide,NASA_GLC_OBSERVATIONAL_GROUND_TRUTH,NASA_GLC,2015-08-01,Manipur,24.4265,94.1913,Unknown,0,NASA_USGS_SRTM_30m,NASA_POWER_PRECTOTCORR_Daily,ISRIC_SoilGrids_2.0_Unavailable,ESA_WorldCover_Tile_Unavailable,"{'location_description': 'between Tengnoupal-Sita junction and Tengnoupal Power Sub-Station', 'source_name': 'E-PAO', 'source_link': 'http://e-pao.net/GP.asp?src=1..020815.aug15'}",1310.0,12.6,63.43,3.7,100.7,,,,,,,,,,,
GLC-REAL-2420,1,observed_landslide,NASA_GLC_OBSERVATIONAL_GROUND_TRUTH,NASA_GLC,2010-09-13,Mizoram,23.72989,92.71496,Unknown,0,NASA_USGS_SRTM_30m,NASA_POWER_PRECTOTCORR_Daily,ISRIC_SoilGrids_2.0_Unavailable,ESA_WorldCover_Tile_Unavailable,"{'location_description': ""Tuikual 'C', Aizawl, Mizoram"", 'source_name': 'Mizoram Express', 'source_link': 'http://mizoramexpress.com/index.php/2010/09/mizoram-landslides-kill-one-woman/'}",985.0,22.68,4.57,9.93,17.18,,,,,,,,,,,
GLC-REAL-264,1,observed_landslide,NASA_GLC_OBSERVATIONAL_GROUND_TRUTH,NASA_GLC,2007-09-13,Assam,26.1833,91.8,Unknown,0,NASA_USGS_SRTM_30m,NASA_POWER_PRECTOTCORR_Daily,ISRIC_SoilGrids_2.0_Unavailable,ESA_WorldCover_Tile_Unavailable,"{'location_description': 'Guwahati', 'source_name': 'Saharas Samay', 'source_link': 'http://www.saharasamay.com/samayhtml/articles.aspx?newsid=84791'}",68.0,4.04,225.0,2.25,9.52,,,,,,,,,,,
GLC-REAL-6214,1,observed_landslide,NASA_GLC_OBSERVATIONAL_GROUND_TRUTH,NASA_GLC,2014-10-05,Meghalaya,25.9702,91.8587,Unknown,0,NASA_USGS_SRTM_30m,NASA_POWER_PRECTOTCORR_Daily,ISRIC_SoilGrids_2.0_Unavailable,ESA_WorldCover_Tile_Unavailable,"{'location_description': 'Jorabat-Umiam route', 'source_name': 'The Telegraph', 'source_link': 'http://www.telegraphindia.com/1141007/jsp/frontpage/story_18900562.jsp#.VDVSk_ldV8E'}",284.0,8.94,237.99,0.0,0.0,,,,,,,,,,,
GLC-REAL-252,1,observed_landslide,NASA_GLC_OBSERVATIONAL_GROUND_TRUTH,NASA_GLC,2007-09-09,Nagaland,25.4993,94.1192,Unknown,0,NASA_USGS_SRTM_30m,NASA_POWER_PRECTOTCORR_Daily,ISRIC_SoilGrids_2.0_Unavailable,ESA_WorldCover_Tile_Unavailable,"{'location_description': 'Mao in Manipur, Phipema and Chunikhudima in Nagaland', 'source_name': 'kanglaonline.com', 'source_link': 'http://www.kanglaonline.com/index.php?template=headline&newsid=39229&typeid=2'}",1946.0,13.92,47.73,7.1,33.68,,,,,,,,,,,
GLC-REAL-142,1,observed_landslide,NASA_GLC_OBSERVATIONAL_GROUND_TRUTH,NASA_GLC,2007-07-27,Meghalaya,25.5212,90.232,Unknown,0,NASA_USGS_SRTM_30m,NASA_POWER_PRECTOTCORR_Daily,ISRIC_SoilGrids_2.0_Unavailable,ESA_WorldCover_Tile_Unavailable,"{'location_description': 'Tura', 'source_name': 'Telegraph India', 'source_link': 'http://telegraphindia.com/1070728/asp/frontpage/story_8116912.asp'}",583.0,17.46,327.99,34.65,104.6,,,,,,,,,,,
GLC-REAL-7384,1,observed_landslide,NASA_GLC_OBSERVATIONAL_GROUND_TRUTH,NASA_GLC,2015-08-01,Manipur,23.9278,94.0906,Unknown,0,NASA_USGS_SRTM_30m,NASA_POWER_PRECTOTCORR_Daily,ISRIC_SoilGrids_2.0_Unavailable,ESA_WorldCover_Tile_Unavailable,"{'location_description': 'Wayang, Khengjoi', 'source_name': 'Hindustan Times', 'source_link': 'http://www.hindustantimes.com/india/20-dead-several-houses-swept-away-in-manipur-landslide/story-KoP6OouFBWhqxSdcnLrXJN.html'}",938.0,11.9,108.43,2.09,71.58,,,,,,,,,,,
GLC-REAL-211,1,observed_landslide,NASA_GLC_OBSERVATIONAL_GROUND_TRUTH,NASA_GLC,2007-08-26,Manipur,24.9667,93.55,Unknown,0,NASA_USGS_SRTM_30m,NASA_POWER_PRECTOTCORR_Daily,ISRIC_SoilGrids_2.0_Unavailable,ESA_WorldCover_Tile_Unavailable,"{'storm_name': '3 days of rain', 'location_description': 'Tamenglong', 'source_name': 'kanglaonline.com', 'source_link': 'http://www.kanglaonline.com/index.php?template=headline&newsid=39058&typeid=1'}",572.0,23.27,305.54,5.9,7.74,,,,,,,,,,,
GLC-REAL-4384,1,observed_landslide,NASA_GLC_OBSERVATIONAL_GROUND_TRUTH,NASA_GLC,2012-06-03,Assam,25.1775,93.0123,Unknown,0,NASA_USGS_SRTM_30m,NASA_POWER_PRECTOTCORR_Daily,ISRIC_SoilGrids_2.0_Unavailable,ESA_WorldCover_Tile_Unavailable,"{'location_description': 'between Haflong and  Bagetar, Assam', 'source_name': 'articles.timesofindia', 'source_link': 'http://articles.timesofindia.indiatimes.com/2012-06-04/guwahati/32030359_1_barail-hill-harangajao-landslides'}",658.0,15.29,52.43,27.34,76.45,,,,,,,,,,,
GLC-REAL-4383,1,observed_landslide,NASA_GLC_OBSERVATIONAL_GROUND_TRUTH,NASA_GLC,2012-06-03,Assam,25.3056,93.1265,Unknown,0,NASA_USGS_SRTM_30m,NASA_POWER_PRECTOTCORR_Daily,ISRIC_SoilGrids_2.0_Unavailable,ESA_WorldCover_Tile_Unavailable,"{'location_description': 'between Maibang and Daotohaja, Assam', 'source_name': 'articles.timesofindia', 'source_link': 'http://articles.timesofindia.indiatimes.com/2012-06-04/guwahati/32030359_1_barail-hill-harangajao-landslides'}",316.0,16.72,356.82,26.59,84.45,,,,,,,,,,,
GLC-REAL-7375,1,observed_landslide,NASA_GLC_OBSERVATIONAL_GROUND_TRUTH,NASA_GLC,2015-08-01,Manipur,25.1941,94.4481,Unknown,0,NASA_USGS_SRTM_30m,NASA_POWER_PRECTOTCORR_Daily,ISRIC_SoilGrids_2.0_Unavailable,ESA_WorldCover_Tile_Unavailable,"{'location_description': 'Ukhrul NH 201-Jessami road', 'source_name': 'E-PAO', 'source_link': 'http://e-pao.net/GP.asp?src=22..020815.aug15'}",1728.0,14.62,26.57,4.9,104.34,,,,,,,,,,,
GLC-REAL-2163,1,observed_landslide,NASA_GLC_OBSERVATIONAL_GROUND_TRUTH,NASA_GLC,2010-07-29,Nagaland,25.4196,94.1054,Unknown,0,NASA_USGS_SRTM_30m,NASA_POWER_PRECTOTCORR_Daily,ISRIC_SoilGrids_2.0_Unavailable,ESA_WorldCover_Tile_Unavailable,"{'location_description': 'Maram area in Senapati district, National Highway 39', 'source_name': 'assamtribune', 'source_link': 'http://www.assamtribune.com/scripts/detailsnew.asp?id=jul3110/oth05'}",1398.0,21.84,253.07,17.06,32.41,,,,,,,,,,,
GLC-REAL-3932,1,observed_landslide,NASA_GLC_OBSERVATIONAL_GROUND_TRUTH,NASA_GLC,2011-08-18,Nagaland,25.83,94.13,Unknown,0,NASA_USGS_SRTM_30m,NASA_POWER_PRECTOTCORR_Daily,ISRIC_SoilGrids_2.0_Unavailable,ESA_WorldCover_Tile_Unavailable,"{'location_description': ' Botsa  and Chiechama', 'source_name': 'thenewsofindia'}",1018.0,8.98,108.43,4.67,37.16,,,,,,,,,,,
GLC-REAL-4861,1,observed_landslide,NASA_GLC_OBSERVATIONAL_GROUND_TRUTH,NASA_GLC,2013-05-12,Assam,24.9926,93.4946,Unknown,0,NASA_USGS_SRTM_30m,NASA_POWER_PRECTOTCORR_Daily,ISRIC_SoilGrids_2.0_Unavailable,ESA_WorldCover_Tile_Unavailable,"{'location_description': 'Khongsang, Tamenglong, Manipur,', 'source_name': 'www.e-pao.net', 'source_link': 'http://www.e-pao.net/GP.asp?src=23..130513.may13'}",1140.0,6.92,15.95,10.44,45.62,,,,,,,,,,,
GLC-REAL-7972,1,observed_landslide,NASA_GLC_OBSERVATIONAL_GROUND_TRUTH,NASA_GLC,2015-08-28,Mizoram,23.4495,92.8112,Unknown,0,NASA_USGS_SRTM_30m,NASA_POWER_PRECTOTCORR_Daily,ISRIC_SoilGrids_2.0_Unavailable,ESA_WorldCover_Tile_Unavailable,"{'location_description': 'Mizoram, India', 'source_name': 'The Indian Express', 'source_link': 'http://indianexpress.com/article/india/india-others/mizorams-power-lifeline-on-shaky-ground-after-landslip/'}",869.0,32.25,167.8,10.53,17.0,,,,,,,,,,,
GLC-REAL-3831,1,observed_landslide,NASA_GLC_OBSERVATIONAL_GROUND_TRUTH,NASA_GLC,2011-07-22,Manipur,24.7992,93.948,Unknown,0,NASA_USGS_SRTM_30m,NASA_POWER_PRECTOTCORR_Daily,ISRIC_SoilGrids_2.0_Unavailable,ESA_WorldCover_Tile_Unavailable,"{'location_description': 'Heibok Hills', 'source_name': 'e-pao.net', 'source_link': 'http://e-pao.net/GP.asp?src=4..230711.jul11'}",785.0,2.7,135.0,6.93,43.74,,,,,,,,,,,
GLC-REAL-5584,1,observed_landslide,NASA_GLC_OBSERVATIONAL_GROUND_TRUTH,NASA_GLC,2013-10-06,Assam,26.1665,91.7049,Unknown,0,NASA_USGS_SRTM_30m,NASA_POWER_PRECTOTCORR_Daily,ISRIC_SoilGrids_2.0_Unavailable,ESA_WorldCover_Tile_Unavailable,"{'location_description': 'Nilachal Hill, Guwahati, Assam', 'source_name': 'articles.timesofindia.indiatimes.com', 'source_link': 'http://articles.timesofindia.indiatimes.com/2013-10-07/guwahati/42793381_1_anil-nagar-heavy-rain-nabin-nagar'}",238.0,14.93,270.0,62.76,151.09,,,,,,,,,,,
GLC-REAL-1986,1,observed_landslide,NASA_GLC_OBSERVATIONAL_GROUND_TRUTH,NASA_GLC,2010-06-15,Nagaland,26.3335,94.5512,Unknown,0,NASA_USGS_SRTM_30m,NASA_POWER_PRECTOTCORR_Daily,ISRIC_SoilGrids_2.0_Unavailable,ESA_WorldCover_Tile_Unavailable,"{'location_description': 'Fazl Ali College, Mokokchung, Nagaland', 'source_name': 'morungexpress', 'source_link': 'http://www.morungexpress.com/local/50451.html'}",1376.0,11.8,298.61,40.07,75.47,,,,,,,,,,,
GLC-REAL-7387,1,observed_landslide,NASA_GLC_OBSERVATIONAL_GROUND_TRUTH,NASA_GLC,2015-08-01,Manipur,24.954,94.2156,Unknown,0,NASA_USGS_SRTM_30m,NASA_POWER_PRECTOTCORR_Daily,ISRIC_SoilGrids_2.0_Unavailable,ESA_WorldCover_Tile_Unavailable,"{'location_description': 'Imphal-Ukhrul road', 'source_name': 'E-PAO', 'source_link': 'http://e-pao.net/GP.asp?src=1..020815.aug15'}",931.0,20.83,28.81,4.9,104.34,,,,,,,,,,,
GLC-REAL-2573,1,observed_landslide,NASA_GLC_OBSERVATIONAL_GROUND_TRUTH,NASA_GLC,2010-10-09,Assam,25.1796,93.0083,Unknown,0,NASA_USGS_SRTM_30m,NASA_POWER_PRECTOTCORR_Daily,ISRIC_SoilGrids_2.0_Unavailable,ESA_WorldCover_Tile_Unavailable,"{'location_description': 'Haflong, Assam', 'source_name': 'dnaindia', 'source_link': 'http://www.dnaindia.com/india/report_one-dead-road-and-rail-communication-disrupted-due-to-rains-in-assam_1450237'}",694.0,5.13,111.8,31.14,154.03,,,,,,,,,,,
GLC-REAL-319,1,observed_landslide,NASA_GLC_OBSERVATIONAL_GROUND_TRUTH,NASA_GLC,2007-10-19,Nagaland,25.4379,94.1162,Unknown,0,NASA_USGS_SRTM_30m,NASA_POWER_PRECTOTCORR_Daily,ISRIC_SoilGrids_2.0_Unavailable,ESA_WorldCover_Tile_Unavailable,"{'location_description': 'Maram-Purul Road, Karong Assembly Constituency of Senapati district, Manipur', 'source_name': 'e-Pao.net', 'source_link': 'http://www.e-pao.net/GP.asp?src=5..211007.oct07'}",1508.0,18.37,287.53,4.3,5.51,,,,,,,,,,,
GLC-REAL-313,1,observed_landslide,NASA_GLC_OBSERVATIONAL_GROUND_TRUTH,NASA_GLC,2007-10-16,Nagaland,25.7055,94.0132,Unknown,0,NASA_USGS_SRTM_30m,NASA_POWER_PRECTOTCORR_Daily,ISRIC_SoilGrids_2.0_Unavailable,ESA_WorldCover_Tile_Unavailable,"{'location_description': 'NH-39 at Piphema,  6 km towards Dimapur from Kohima in Nagaland', 'source_name': 'kanglaonline.com', 'source_link': 'http://www.kanglaonline.com/index.php?template=headline&newsid=39638&typeid=2'}",1458.0,15.18,222.51,15.77,31.91,,,,,,,,,,,
GLC-REAL-9010,1,observed_landslide,NASA_GLC_OBSERVATIONAL_GROUND_TRUTH,NASA_GLC,2016-07-16,Arunachal Pradesh,27.3034,93.804,Unknown,0,NASA_USGS_SRTM_30m,NASA_POWER_PRECTOTCORR_Daily,ISRIC_SoilGrids_2.0_Unavailable,ESA_WorldCover_Tile_Unavailable,"{'location_description': 'Hoj-Potin Highway, Arunachal Pradesh, India', 'source_name': 'Arunachal Times', 'source_link': 'http://www.arunachaltimes.in/man-washed-away-by-mudslide/'}",725.0,44.49,194.74,39.81,124.73,,,,,,,,,,,
GLC-REAL-2539,1,observed_landslide,NASA_GLC_OBSERVATIONAL_GROUND_TRUTH,NASA_GLC,2010-10-03,Arunachal Pradesh,28.3092,95.4149,Unknown,0,NASA_USGS_SRTM_30m,NASA_POWER_PRECTOTCORR_Daily,ISRIC_SoilGrids_2.0_Unavailable,ESA_WorldCover_Tile_Unavailable,"{'location_description': 'Mosing village, Upper Siang district, Arunachal Pradesh', 'source_name': 'gsi.gov', 'source_link': 'http://www.portal.gsi.gov.in/portal/page?_pageid=127,875814&_dad=portal&_schema=PORTAL'}",1843.0,46.83,333.03,2.35,13.64,,,,,,,,,,,
GLC-REAL-6331,1,observed_landslide,NASA_GLC_OBSERVATIONAL_GROUND_TRUTH,NASA_GLC,2014-09-08,Nagaland,25.9466,94.6279,Unknown,0,NASA_USGS_SRTM_30m,NASA_POWER_PRECTOTCORR_Daily,ISRIC_SoilGrids_2.0_Unavailable,ESA_WorldCover_Tile_Unavailable,"{'location_description': 'Kiphire-Seyochung road near Yangzitong village', 'source_name': 'Nagaland Post', 'source_link': 'http://www.nagalandpost.com/channelnews/State/StateNews.aspx?news=TkVXUzEwMDA2Njg2NQ%3D%3D'}",1395.0,24.12,315.0,3.11,20.52,,,,,,,,,,,
GLC-REAL-1987,1,observed_landslide,NASA_GLC_OBSERVATIONAL_GROUND_TRUTH,NASA_GLC,2010-06-15,Assam,25.2269,93.1658,Unknown,0,NASA_USGS_SRTM_30m,NASA_POWER_PRECTOTCORR_Daily,ISRIC_SoilGrids_2.0_Unavailable,ESA_WorldCover_Tile_Unavailable,"{'location_description': 'rails between Mahur and Wadringdisa(?), Assam', 'source_name': 'ptinews', 'source_link': 'http://www.ptinews.com/news/721800_Landslides--blockade-hit-trains-services-in-NC-Hills'}",396.0,3.02,71.57,23.82,45.04,,,,,,,,,,,
GLC-REAL-2043,1,observed_landslide,NASA_GLC_OBSERVATIONAL_GROUND_TRUTH,NASA_GLC,2010-07-06,Nagaland,26.7225,95.0281,Unknown,0,NASA_USGS_SRTM_30m,NASA_POWER_PRECTOTCORR_Daily,ISRIC_SoilGrids_2.0_Unavailable,ESA_WorldCover_Tile_Unavailable,"{'location_description': 'Mon, Nagaland', 'source_name': 'morungexpress', 'source_link': 'http://www.morungexpress.com/local/51540.html'}",699.0,8.05,315.0,13.18,37.16,,,,,,,,,,,
GLC-REAL-7910,1,observed_landslide,NASA_GLC_OBSERVATIONAL_GROUND_TRUTH,NASA_GLC,2015-08-01,Manipur,24.3481,94.1146,Unknown,0,NASA_USGS_SRTM_30m,NASA_POWER_PRECTOTCORR_Daily,ISRIC_SoilGrids_2.0_Unavailable,ESA_WorldCover_Tile_Unavailable,"{'location_description': 'Chandel', 'source_name': 'E-Pao', 'source_link': 'http://e-pao.net/GP.asp?src=30..300815.aug15'}",1007.0,9.74,29.05,3.7,100.7,,,,,,,,,,,
GLC-REAL-6775,1,observed_landslide,NASA_GLC_OBSERVATIONAL_GROUND_TRUTH,NASA_GLC,2015-02-14,Assam,26.1468,91.6469,Unknown,0,NASA_USGS_SRTM_30m,NASA_POWER_PRECTOTCORR_Daily,ISRIC_SoilGrids_2.0_Unavailable,ESA_WorldCover_Tile_Unavailable,"{'location_description': 'Kailashpur hill', 'source_name': 'Telegraph', 'source_link': 'http://www.telegraphindia.com/1150215/jsp/frontpage/story_3475.jsp#.VONkky5HWUk'}",60.0,7.65,29.74,0.26,0.26,,,,,,,,,,,
GLC-REAL-1776,1,observed_landslide,NASA_GLC_OBSERVATIONAL_GROUND_TRUTH,NASA_GLC,2010-04-21,Meghalaya,25.3612,92.2845,Unknown,0,NASA_USGS_SRTM_30m,NASA_POWER_PRECTOTCORR_Daily,ISRIC_SoilGrids_2.0_Unavailable,ESA_WorldCover_Tile_Unavailable,"{'location_description': 'Shillong-Jowai(Jwai)-Badarpur National Highway(NH 44) at Sunapur village in Jaintia Hills District', 'source_name': 'hmar.in', 'source_link': 'http://hmar.in/news/landslide-blocks-nh-44-for-12-hours'}",1227.0,3.44,213.69,22.82,90.58,,,,,,,,,,,
GLC-REAL-6786,1,observed_landslide,NASA_GLC_OBSERVATIONAL_GROUND_TRUTH,NASA_GLC,2015-02-19,Assam,24.6108,92.562,Unknown,0,NASA_USGS_SRTM_30m,NASA_POWER_PRECTOTCORR_Daily,ISRIC_SoilGrids_2.0_Unavailable,ESA_WorldCover_Tile_Unavailable,"{'source_name': 'Business Standard', 'source_link': 'http://www.business-standard.com/article/pti-stories/two-labourers-killed-in-landslide-115022000437_1.html'}",34.0,4.76,53.13,9.38,10.96,,,,,,,,,,,
GLC-REAL-6291,1,observed_landslide,NASA_GLC_OBSERVATIONAL_GROUND_TRUTH,NASA_GLC,2014-09-21,Meghalaya,25.7354,90.3852,Unknown,0,NASA_USGS_SRTM_30m,NASA_POWER_PRECTOTCORR_Daily,ISRIC_SoilGrids_2.0_Unavailable,ESA_WorldCover_Tile_Unavailable,"{'location_description': 'National Highway 51', 'source_name': 'Indian Express', 'source_link': 'http://indianexpress.com/article/india/india-others/pregnant-woman-among-nine-killed-in-shillong-landslide/'}",338.0,6.85,33.69,58.74,149.12,,,,,,,,,,,
GLC-REAL-6213,1,observed_landslide,NASA_GLC_OBSERVATIONAL_GROUND_TRUTH,NASA_GLC,2014-09-24,Meghalaya,25.8143,90.5763,Unknown,0,NASA_USGS_SRTM_30m,NASA_POWER_PRECTOTCORR_Daily,ISRIC_SoilGrids_2.0_Unavailable,ESA_WorldCover_Tile_Unavailable,"{'location_description': 'Meghalaya', 'source_name': 'The New Indian Express', 'source_link': 'http://www.newindianexpress.com/nation/Fifty-Nine-Killed-in-Flash-Flood-and-Landslide-in-Meghalaya/2014/10/07/article2466329.ece'}",63.0,2.7,225.0,9.55,193.47,,,,,,,,,,,
GLC-REAL-2415,1,observed_landslide,NASA_GLC_OBSERVATIONAL_GROUND_TRUTH,NASA_GLC,2010-09-12,Nagaland,25.63962,94.11112,Unknown,0,NASA_USGS_SRTM_30m,NASA_POWER_PRECTOTCORR_Daily,ISRIC_SoilGrids_2.0_Unavailable,ESA_WorldCover_Tile_Unavailable,"{'location_description': 'power lines 5 km from Kohima', 'source_name': 'Telegraph', 'source_link': 'http://www.telegraphindia.com/1100916/jsp/northeast/story_12941830.jsp'}",1501.0,14.3,191.31,4.38,6.8,,,,,,,,,,,
GLC-REAL-9336,1,observed_landslide,NASA_GLC_OBSERVATIONAL_GROUND_TRUTH,NASA_GLC,2016-05-18,Assam,24.5308,92.5121,Unknown,0,NASA_USGS_SRTM_30m,NASA_POWER_PRECTOTCORR_Daily,ISRIC_SoilGrids_2.0_Unavailable,ESA_WorldCover_Tile_Unavailable,"{'location_description': 'Ramchandi , Hailakandi District, Assam, India', 'source_name': 'Indian Express', 'source_link': 'http://indianexpress.com/article/india/india-news-india/at-least-10-killed-in-landslides-in-assam-rescue-operations-underway-2806810/'}",63.0,12.6,116.57,75.63,179.71,,,,,,,,,,,
GLC-REAL-7837,1,observed_landslide,NASA_GLC_OBSERVATIONAL_GROUND_TRUTH,NASA_GLC,2015-08-27,Mizoram,23.7269,92.7265,Unknown,0,NASA_USGS_SRTM_30m,NASA_POWER_PRECTOTCORR_Daily,ISRIC_SoilGrids_2.0_Unavailable,ESA_WorldCover_Tile_Unavailable,"{'location_description': 'three graveyards within Aizawl', 'source_name': 'Indian Express', 'source_link': 'http://indianexpress.com/article/india/india-others/mizoram-aizawl-houses-swept-away-graves-damaged-by-rain-and-landslide/'}",865.0,26.11,215.31,3.73,7.18,,,,,,,,,,,
GLC-REAL-7267,1,observed_landslide,NASA_GLC_OBSERVATIONAL_GROUND_TRUTH,NASA_GLC,2015-07-22,Manipur,25.3908,94.0926,Unknown,0,NASA_USGS_SRTM_30m,NASA_POWER_PRECTOTCORR_Daily,ISRIC_SoilGrids_2.0_Unavailable,ESA_WorldCover_Tile_Unavailable,"{'location_description': 'NH-2 between Senapati and Mao', 'source_name': 'The Sangai Express', 'source_link': 'http://www.thesangaiexpress.com/page/items/54212/massive-landslide-along-maram-peren-road-downpour-creates-havoc-in-different-parts'}",1312.0,13.52,213.69,16.94,48.02,,,,,,,,,,,
GLC-REAL-4848,1,observed_landslide,NASA_GLC_OBSERVATIONAL_GROUND_TRUTH,NASA_GLC,2013-05-08,Tripura,24.0896,91.4663,Unknown,0,NASA_USGS_SRTM_30m,NASA_POWER_PRECTOTCORR_Daily,ISRIC_SoilGrids_2.0_Unavailable,ESA_WorldCover_Tile_Unavailable,"{'location_description': 'Purba Simna, Tripura', 'source_name': 'www.upi.com', 'source_link': 'http://www.upi.com/Top_News/World-News/2013/05/09/Cyclonic-storms-kill-seven-in-India/UPI-39151368107292/'}",113.0,6.09,128.66,45.59,126.29,,,,,,,,,,,
GLC-REAL-9122,1,observed_landslide,NASA_GLC_OBSERVATIONAL_GROUND_TRUTH,NASA_GLC,2016-07-20,Assam,26.1966,91.802,Unknown,0,NASA_USGS_SRTM_30m,NASA_POWER_PRECTOTCORR_Daily,ISRIC_SoilGrids_2.0_Unavailable,ESA_WorldCover_Tile_Unavailable,"{'location_description': 'Noonmati, Guwahati, Assam, India', 'source_name': 'Times of India', 'source_link': 'http://timesofindia.indiatimes.com/city/guwahati/Landslide-toll-touches-6-as-woman-buried-alive-in-Guwahati/articleshow/53314082.cms'}",106.0,10.39,90.0,32.15,108.99,,,,,,,,,,,
GLC-REAL-2574,1,observed_landslide,NASA_GLC_OBSERVATIONAL_GROUND_TRUTH,NASA_GLC,2010-10-09,Assam,25.4749,93.1477,Unknown,0,NASA_USGS_SRTM_30m,NASA_POWER_PRECTOTCORR_Daily,ISRIC_SoilGrids_2.0_Unavailable,ESA_WorldCover_Tile_Unavailable,"{'location_description': 'between Mahur and Maigrandisa(?) or Lumding, Assam', 'source_name': 'dnaindia', 'source_link': 'http://www.dnaindia.com/india/report_one-dead-road-and-rail-communication-disrupted-due-to-rains-in-assam_1450237'}",151.0,4.76,53.13,26.53,110.95,,,,,,,,,,,
GLC-REAL-6282,1,observed_landslide,NASA_GLC_OBSERVATIONAL_GROUND_TRUTH,NASA_GLC,2014-09-22,Assam,26.1097,91.7747,Unknown,0,NASA_USGS_SRTM_30m,NASA_POWER_PRECTOTCORR_Daily,ISRIC_SoilGrids_2.0_Unavailable,ESA_WorldCover_Tile_Unavailable,"{'location_description': 'Lalmati', 'source_name': 'Assam Tribune', 'source_link': 'http://www.assamtribune.com/scripts/detailsnew.asp?id=sep2414/at051'}",60.0,2.13,206.57,126.76,191.59,,,,,,,,,,,
GLC-REAL-2263,1,observed_landslide,NASA_GLC_OBSERVATIONAL_GROUND_TRUTH,NASA_GLC,2010-08-17,Nagaland,26.2753,94.6654,Unknown,0,NASA_USGS_SRTM_30m,NASA_POWER_PRECTOTCORR_Daily,ISRIC_SoilGrids_2.0_Unavailable,ESA_WorldCover_Tile_Unavailable,"{'location_description': 'Dikhu bridge(?), Mokokchung-Tuensang road, Nagaland', 'source_name': 'morungexpress', 'source_link': 'http://www.morungexpress.com/frontpage/53726.html'}",1158.0,30.17,27.3,17.35,49.71,,,,,,,,,,,
GLC-REAL-6289,1,observed_landslide,NASA_GLC_OBSERVATIONAL_GROUND_TRUTH,NASA_GLC,2014-09-22,Assam,26.1001,91.6849,Unknown,0,NASA_USGS_SRTM_30m,NASA_POWER_PRECTOTCORR_Daily,ISRIC_SoilGrids_2.0_Unavailable,ESA_WorldCover_Tile_Unavailable,"{'location_description': 'Pamohi', 'source_name': 'Assam Tribune', 'source_link': 'http://www.assamtribune.com/scripts/detailsnew.asp?id=sep2414/at051'}",86.0,23.12,128.66,126.76,191.59,,,,,,,,,,,
GLC-REAL-9087,1,observed_landslide,NASA_GLC_OBSERVATIONAL_GROUND_TRUTH,NASA_GLC,2016-07-19,Arunachal Pradesh,28.235,94.9612,Unknown,0,NASA_USGS_SRTM_30m,NASA_POWER_PRECTOTCORR_Daily,ISRIC_SoilGrids_2.0_Unavailable,ESA_WorldCover_Tile_Unavailable,"{'location_description': '5 km off Sangam point on Aalo- Pangin road, Arunachal Pradesh, India', 'source_name': 'NELive', 'source_link': 'http://www.nelive.in/arunachal-pradesh/news/landslide-disrupts-road-communication-between-aalo-and-pangin'}",312.0,43.47,100.12,14.48,89.14,,,,,,,,,,,
GLC-REAL-130,1,observed_landslide,NASA_GLC_OBSERVATIONAL_GROUND_TRUTH,NASA_GLC,2007-07-19,Assam,26.1699,91.7986,Unknown,0,NASA_USGS_SRTM_30m,NASA_POWER_PRECTOTCORR_Daily,ISRIC_SoilGrids_2.0_Unavailable,ESA_WorldCover_Tile_Unavailable,"{'location_description': 'Guwahati', 'source_name': 'Saharas Samay', 'source_link': 'http://www.saharasamay.com/samayhtml/articles.aspx?newsid=80536'}",146.0,3.93,284.04,24.86,59.05,,,,,,,,,,,
BG-NER-0001,0,background,DISTRICT_STRATIFIED_BUFFERED_REFERENCE,STRATIFIED_BUFFER_SELECTION,2015-07-25,Assam,24.94417,93.63948,None (Background Reference),0,NASA_USGS_SRTM_30m,NASA_POWER_PRECTOTCORR_Daily,ISRIC_SoilGrids_2.0_Unavailable,ESA_WorldCover_Tile_Unavailable,"{'selection_method': 'district_stratified_buffer_3km', 'min_distance_km': 9.36, 'temporal_anchor': 'empirical_monsoon_distribution'}",939.0,24.59,123.11,2.4,32.6,,,,,,,,,,,
BG-NER-0002,0,background,DISTRICT_STRATIFIED_BUFFERED_REFERENCE,STRATIFIED_BUFFER_SELECTION,2011-07-24,Assam,25.6338,91.9295,None (Background Reference),0,NASA_USGS_SRTM_30m,NASA_POWER_PRECTOTCORR_Daily,ISRIC_SoilGrids_2.0_Unavailable,ESA_WorldCover_Tile_Unavailable,"{'selection_method': 'district_stratified_buffer_3km', 'min_distance_km': 6.73, 'temporal_anchor': 'empirical_monsoon_distribution'}",1379.0,7.23,203.2,8.64,37.05,,,,,,,,,,,
BG-NER-0003,0,background,DISTRICT_STRATIFIED_BUFFERED_REFERENCE,STRATIFIED_BUFFER_SELECTION,2015-03-19,Assam,27.14587,95.23086,None (Background Reference),0,NASA_USGS_SRTM_30m,NASA_POWER_PRECTOTCORR_Daily,ISRIC_SoilGrids_2.0_Unavailable,ESA_WorldCover_Tile_Unavailable,"{'selection_method': 'district_stratified_buffer_3km', 'min_distance_km': 31.22, 'temporal_anchor': 'empirical_monsoon_distribution'}",115.0,1.35,135.0,0.9,2.94,,,,,,,,,,,
BG-NER-0004,0,background,DISTRICT_STRATIFIED_BUFFERED_REFERENCE,STRATIFIED_BUFFER_SELECTION,2012-06-02,Assam,26.65003,91.58982,None (Background Reference),0,NASA_USGS_SRTM_30m,NASA_POWER_PRECTOTCORR_Daily,ISRIC_SoilGrids_2.0_Unavailable,ESA_WorldCover_Tile_Unavailable,"{'selection_method': 'district_stratified_buffer_3km', 'min_distance_km': 21.78, 'temporal_anchor': 'empirical_monsoon_distribution'}",73.0,0.0,0.0,28.1,54.46,,,,,,,,,,,
BG-NER-0005,0,background,DISTRICT_STRATIFIED_BUFFERED_REFERENCE,STRATIFIED_BUFFER_SELECTION,2015-07-22,Assam,27.78106,95.3191,None (Background Reference),0,NASA_USGS_SRTM_30m,NASA_POWER_PRECTOTCORR_Daily,ISRIC_SoilGrids_2.0_Unavailable,ESA_WorldCover_Tile_Unavailable,"{'selection_method': 'district_stratified_buffer_3km', 'min_distance_km': 11.7, 'temporal_anchor': 'empirical_monsoon_distribution'}",113.0,2.13,26.57,53.47,84.88,,,,,,,,,,,
BG-NER-0006,0,background,DISTRICT_STRATIFIED_BUFFERED_REFERENCE,STRATIFIED_BUFFER_SELECTION,2007-08-26,Assam,27.00984,92.89092,None (Background Reference),0,NASA_USGS_SRTM_30m,NASA_POWER_PRECTOTCORR_Daily,ISRIC_SoilGrids_2.0_Unavailable,ESA_WorldCover_Tile_Unavailable,"{'selection_method': 'district_stratified_buffer_3km', 'min_distance_km': 25.35, 'temporal_anchor': 'empirical_monsoon_distribution'}",198.0,9.46,0.0,15.86,26.76,,,,,,,,,,,
BG-NER-0007,0,background,DISTRICT_STRATIFIED_BUFFERED_REFERENCE,STRATIFIED_BUFFER_SELECTION,2015-09-01,Assam,27.27322,92.49028,None (Background Reference),0,NASA_USGS_SRTM_30m,NASA_POWER_PRECTOTCORR_Daily,ISRIC_SoilGrids_2.0_Unavailable,ESA_WorldCover_Tile_Unavailable,"{'selection_method': 'district_stratified_buffer_3km', 'min_distance_km': 19.77, 'temporal_anchor': 'empirical_monsoon_distribution'}",2124.0,34.5,165.96,6.11,49.45,,,,,,,,,,,
BG-NER-0008,0,background,DISTRICT_STRATIFIED_BUFFERED_REFERENCE,STRATIFIED_BUFFER_SELECTION,2016-07-07,Assam,25.30044,91.158,None (Background Reference),0,NASA_USGS_SRTM_30m,NASA_POWER_PRECTOTCORR_Daily,ISRIC_SoilGrids_2.0_Unavailable,ESA_WorldCover_Tile_Unavailable,"{'selection_method': 'district_stratified_buffer_3km', 'min_distance_km': 24.04, 'temporal_anchor': 'empirical_monsoon_distribution'}",388.0,5.79,279.46,14.57,74.35,,,,,,,,,,,
BG-NER-0009,0,background,DISTRICT_STRATIFIED_BUFFERED_REFERENCE,STRATIFIED_BUFFER_SELECTION,2015-09-23,Assam,26.19294,92.38547,None (Background Reference),0,NASA_USGS_SRTM_30m,NASA_POWER_PRECTOTCORR_Daily,ISRIC_SoilGrids_2.0_Unavailable,ESA_WorldCover_Tile_Unavailable,"{'selection_method': 'district_stratified_buffer_3km', 'min_distance_km': 51.38, 'temporal_anchor': 'empirical_monsoon_distribution'}",62.0,1.35,135.0,42.18,65.18,,,,,,,,,,,
BG-NER-0010,0,background,DISTRICT_STRATIFIED_BUFFERED_REFERENCE,STRATIFIED_BUFFER_SELECTION,2010-06-03,Assam,24.34623,92.48621,None (Background Reference),0,NASA_USGS_SRTM_30m,NASA_POWER_PRECTOTCORR_Daily,ISRIC_SoilGrids_2.0_Unavailable,ESA_WorldCover_Tile_Unavailable,"{'selection_method': 'district_stratified_buffer_3km', 'min_distance_km': 13.1, 'temporal_anchor': 'empirical_monsoon_distribution'}",365.0,17.55,198.43,54.42,121.7,,,,,,,,,,,
BG-NER-0011,0,background,DISTRICT_STRATIFIED_BUFFERED_REFERENCE,STRATIFIED_BUFFER_SELECTION,2008-08-14,Assam,25.61465,90.97239,None (Background Reference),0,NASA_USGS_SRTM_30m,NASA_POWER_PRECTOTCORR_Daily,ISRIC_SoilGrids_2.0_Unavailable,ESA_WorldCover_Tile_Unavailable,"{'selection_method': 'district_stratified_buffer_3km', 'min_distance_km': 31.65, 'temporal_anchor': 'empirical_monsoon_distribution'}",896.0,7.42,39.81,12.06,53.9,,,,,,,,,,,
BG-NER-0012,0,background,DISTRICT_STRATIFIED_BUFFERED_REFERENCE,STRATIFIED_BUFFER_SELECTION,2016-05-18,Assam,25.86713,91.59995,None (Background Reference),0,NASA_USGS_SRTM_30m,NASA_POWER_PRECTOTCORR_Daily,ISRIC_SoilGrids_2.0_Unavailable,ESA_WorldCover_Tile_Unavailable,"{'selection_method': 'district_stratified_buffer_3km', 'min_distance_km': 25.43, 'temporal_anchor': 'empirical_monsoon_distribution'}",419.0,18.31,130.91,18.72,140.36,,,,,,,,,,,
BG-NER-0013,0,background,DISTRICT_STRATIFIED_BUFFERED_REFERENCE,STRATIFIED_BUFFER_SELECTION,2014-09-22,Assam,27.17086,93.44026,None (Background Reference),0,NASA_USGS_SRTM_30m,NASA_POWER_PRECTOTCORR_Daily,ISRIC_SoilGrids_2.0_Unavailable,ESA_WorldCover_Tile_Unavailable,"{'selection_method': 'district_stratified_buffer_3km', 'min_distance_km': 19.1, 'temporal_anchor': 'empirical_monsoon_distribution'}",1931.0,21.68,326.98,26.07,82.88,,,,,,,,,,,
BG-NER-0014,0,background,DISTRICT_STRATIFIED_BUFFERED_REFERENCE,STRATIFIED_BUFFER_SELECTION,2010-04-20,Assam,27.70855,93.18026,None (Background Reference),0,NASA_USGS_SRTM_30m,NASA_POWER_PRECTOTCORR_Daily,ISRIC_SoilGrids_2.0_Unavailable,ESA_WorldCover_Tile_Unavailable,"{'selection_method': 'district_stratified_buffer_3km', 'min_distance_km': 23.23, 'temporal_anchor': 'empirical_monsoon_distribution'}",1518.0,29.21,333.43,30.11,94.15,,,,,,,,,,,
BG-NER-0015,0,background,DISTRICT_STRATIFIED_BUFFERED_REFERENCE,STRATIFIED_BUFFER_SELECTION,2009-08-20,Assam,25.85795,95.2027,None (Background Reference),0,NASA_USGS_SRTM_30m,NASA_POWER_PRECTOTCORR_Daily,ISRIC_SoilGrids_2.0_Unavailable,ESA_WorldCover_Tile_Unavailable,"{'selection_method': 'district_stratified_buffer_3km', 'min_distance_km': 41.81, 'temporal_anchor': 'empirical_monsoon_distribution'}",2284.0,27.32,0.0,23.19,46.69,,,,,,,,,,,
BG-NER-0016,0,background,DISTRICT_STRATIFIED_BUFFERED_REFERENCE,STRATIFIED_BUFFER_SELECTION,2011-09-06,Assam,26.80558,91.68292,None (Background Reference),0,NASA_USGS_SRTM_30m,NASA_POWER_PRECTOTCORR_Daily,ISRIC_SoilGrids_2.0_Unavailable,ESA_WorldCover_Tile_Unavailable,"{'selection_method': 'district_stratified_buffer_3km', 'min_distance_km': 34.91, 'temporal_anchor': 'empirical_monsoon_distribution'}",291.0,29.02,212.74,2.56,13.81,,,,,,,,,,,
BG-NER-0017,0,background,DISTRICT_STRATIFIED_BUFFERED_REFERENCE,STRATIFIED_BUFFER_SELECTION,2008-10-29,Assam,25.24159,94.00505,None (Background Reference),0,NASA_USGS_SRTM_30m,NASA_POWER_PRECTOTCORR_Daily,ISRIC_SoilGrids_2.0_Unavailable,ESA_WorldCover_Tile_Unavailable,"{'selection_method': 'district_stratified_buffer_3km', 'min_distance_km': 4.0, 'temporal_anchor': 'empirical_monsoon_distribution'}",1158.0,13.64,164.05,0.08,6.01,,,,,,,,,,,
BG-NER-0018,0,background,DISTRICT_STRATIFIED_BUFFERED_REFERENCE,STRATIFIED_BUFFER_SELECTION,2016-05-18,Assam,26.0752,93.28017,None (Background Reference),0,NASA_USGS_SRTM_30m,NASA_POWER_PRECTOTCORR_Daily,ISRIC_SoilGrids_2.0_Unavailable,ESA_WorldCover_Tile_Unavailable,"{'selection_method': 'district_stratified_buffer_3km', 'min_distance_km': 62.57, 'temporal_anchor': 'empirical_monsoon_distribution'}",282.0,23.2,256.5,32.85,106.31,,,,,,,,,,,
BG-NER-0019,0,background,DISTRICT_STRATIFIED_BUFFERED_REFERENCE,STRATIFIED_BUFFER_SELECTION,2014-09-22,Assam,24.98006,94.18744,None (Background Reference),0,NASA_USGS_SRTM_30m,NASA_POWER_PRECTOTCORR_Daily,ISRIC_SoilGrids_2.0_Unavailable,ESA_WorldCover_Tile_Unavailable,"{'selection_method': 'district_stratified_buffer_3km', 'min_distance_km': 4.06, 'temporal_anchor': 'empirical_monsoon_distribution'}",1255.0,21.26,279.87,14.18,35.82,,,,,,,,,,,
BG-NER-0020,0,background,DISTRICT_STRATIFIED_BUFFERED_REFERENCE,STRATIFIED_BUFFER_SELECTION,2010-07-25,Assam,26.53741,92.03287,None (Background Reference),0,NASA_USGS_SRTM_30m,NASA_POWER_PRECTOTCORR_Daily,ISRIC_SoilGrids_2.0_Unavailable,ESA_WorldCover_Tile_Unavailable,"{'selection_method': 'district_stratified_buffer_3km', 'min_distance_km': 31.37, 'temporal_anchor': 'empirical_monsoon_distribution'}",65.0,2.13,153.43,5.44,37.07,,,,,,,,,,,
BG-NER-0021,0,background,DISTRICT_STRATIFIED_BUFFERED_REFERENCE,STRATIFIED_BUFFER_SELECTION,2013-05-12,Assam,25.8127,92.76898,None (Background Reference),0,NASA_USGS_SRTM_30m,NASA_POWER_PRECTOTCORR_Daily,ISRIC_SoilGrids_2.0_Unavailable,ESA_WorldCover_Tile_Unavailable,"{'selection_method': 'district_stratified_buffer_3km', 'min_distance_km': 39.06, 'temporal_anchor': 'empirical_monsoon_distribution'}",185.0,6.72,278.13,27.56,79.38,,,,,,,,,,,
BG-NER-0022,0,background,DISTRICT_STRATIFIED_BUFFERED_REFERENCE,STRATIFIED_BUFFER_SELECTION,2011-07-24,Assam,26.7323,93.26307,None (Background Reference),0,NASA_USGS_SRTM_30m,NASA_POWER_PRECTOTCORR_Daily,ISRIC_SoilGrids_2.0_Unavailable,ESA_WorldCover_Tile_Unavailable,"{'selection_method': 'district_stratified_buffer_3km', 'min_distance_km': 30.61, 'temporal_anchor': 'empirical_monsoon_distribution'}",70.0,3.02,18.43,2.3,44.38,,,,,,,,,,,
BG-NER-0023,0,background,DISTRICT_STRATIFIED_BUFFERED_REFERENCE,STRATIFIED_BUFFER_SELECTION,2010-04-01,Assam,25.79857,89.81081,None (Background Reference),0,NASA_USGS_SRTM_30m,NASA_POWER_PRECTOTCORR_Daily,ISRIC_SoilGrids_2.0_Unavailable,ESA_WorldCover_Tile_Unavailable,"{'selection_method': 'district_stratified_buffer_3km', 'min_distance_km': 12.44, 'temporal_anchor': 'empirical_monsoon_distribution'}",21.0,0.0,0.0,0.76,10.16,,,,,,,,,,,
BG-NER-0024,0,background,DISTRICT_STRATIFIED_BUFFERED_REFERENCE,STRATIFIED_BUFFER_SELECTION,2010-06-16,Assam,26.09984,90.36068,None (Background Reference),0,NASA_USGS_SRTM_30m,NASA_POWER_PRECTOTCORR_Daily,ISRIC_SoilGrids_2.0_Unavailable,ESA_WorldCover_Tile_Unavailable,"{'selection_method': 'district_stratified_buffer_3km', 'min_distance_km': 38.38, 'temporal_anchor': 'empirical_monsoon_distribution'}",40.0,1.35,225.0,24.23,51.77,,,,,,,,,,,
BG-NER-0025,0,background,DISTRICT_STRATIFIED_BUFFERED_REFERENCE,STRATIFIED_BUFFER_SELECTION,2010-04-20,Assam,27.55693,95.73842,None (Background Reference),0,NASA_USGS_SRTM_30m,NASA_POWER_PRECTOTCORR_Daily,ISRIC_SoilGrids_2.0_Unavailable,ESA_WorldCover_Tile_Unavailable,"{'selection_method': 'district_stratified_buffer_3km', 'min_distance_km': 43.03, 'temporal_anchor': 'empirical_monsoon_distribution'}",150.0,1.91,270.0,28.81,91.59,,,,,,,,,,,
BG-NER-0026,0,background,DISTRICT_STRATIFIED_BUFFERED_REFERENCE,STRATIFIED_BUFFER_SELECTION,2012-06-03,Assam,25.58963,94.18039,None (Background Reference),0,NASA_USGS_SRTM_30m,NASA_POWER_PRECTOTCORR_Daily,ISRIC_SoilGrids_2.0_Unavailable,ESA_WorldCover_Tile_Unavailable,"{'selection_method': 'district_stratified_buffer_3km', 'min_distance_km': 6.27, 'temporal_anchor': 'empirical_monsoon_distribution'}",1488.0,19.19,343.3,12.63,54.4,,,,,,,,,,,
BG-NER-0027,0,background,DISTRICT_STRATIFIED_BUFFERED_REFERENCE,STRATIFIED_BUFFER_SELECTION,2013-05-11,Assam,25.43126,93.2023,None (Background Reference),0,NASA_USGS_SRTM_30m,NASA_POWER_PRECTOTCORR_Daily,ISRIC_SoilGrids_2.0_Unavailable,ESA_WorldCover_Tile_Unavailable,"{'selection_method': 'district_stratified_buffer_3km', 'min_distance_km': 7.32, 'temporal_anchor': 'empirical_monsoon_distribution'}",284.0,4.26,243.43,25.9,64.56,,,,,,,,,,,
BG-NER-0028,0,background,DISTRICT_STRATIFIED_BUFFERED_REFERENCE,STRATIFIED_BUFFER_SELECTION,2014-09-22,Assam,27.08716,95.55079,None (Background Reference),0,NASA_USGS_SRTM_30m,NASA_POWER_PRECTOTCORR_Daily,ISRIC_SoilGrids_2.0_Unavailable,ESA_WorldCover_Tile_Unavailable,"{'selection_method': 'district_stratified_buffer_3km', 'min_distance_km': 11.09, 'temporal_anchor': 'empirical_monsoon_distribution'}",777.0,8.74,229.4,26.68,61.32,,,,,,,,,,,
BG-NER-0029,0,background,DISTRICT_STRATIFIED_BUFFERED_REFERENCE,STRATIFIED_BUFFER_SELECTION,2014-09-22,Assam,27.49822,93.52561,None (Background Reference),0,NASA_USGS_SRTM_30m,NASA_POWER_PRECTOTCORR_Daily,ISRIC_SoilGrids_2.0_Unavailable,ESA_WorldCover_Tile_Unavailable,"{'selection_method': 'district_stratified_buffer_3km', 'min_distance_km': 34.99, 'temporal_anchor': 'empirical_monsoon_distribution'}",1289.0,34.85,201.04,26.27,83.32,,,,,,,,,,,
BG-NER-0030,0,background,DISTRICT_STRATIFIED_BUFFERED_REFERENCE,STRATIFIED_BUFFER_SELECTION,2011-05-22,Assam,25.37175,91.48968,None (Background Reference),0,NASA_USGS_SRTM_30m,NASA_POWER_PRECTOTCORR_Daily,ISRIC_SoilGrids_2.0_Unavailable,ESA_WorldCover_Tile_Unavailable,"{'selection_method': 'district_stratified_buffer_3km', 'min_distance_km': 25.79, 'temporal_anchor': 'empirical_monsoon_distribution'}",1570.0,6.38,243.43,7.81,34.48,,,,,,,,,,,
BG-NER-0031,0,background,DISTRICT_STRATIFIED_BUFFERED_REFERENCE,STRATIFIED_BUFFER_SELECTION,2009-08-20,Assam,26.71857,92.72418,None (Background Reference),0,NASA_USGS_SRTM_30m,NASA_POWER_PRECTOTCORR_Daily,ISRIC_SoilGrids_2.0_Unavailable,ESA_WorldCover_Tile_Unavailable,"{'selection_method': 'district_stratified_buffer_3km', 'min_distance_km': 31.58, 'temporal_anchor': 'empirical_monsoon_distribution'}",71.0,3.44,123.69,23.1,56.28,,,,,,,,,,,
BG-NER-0032,0,background,DISTRICT_STRATIFIED_BUFFERED_REFERENCE,STRATIFIED_BUFFER_SELECTION,2009-08-20,Assam,24.34629,93.42589,None (Background Reference),0,NASA_USGS_SRTM_30m,NASA_POWER_PRECTOTCORR_Daily,ISRIC_SoilGrids_2.0_Unavailable,ESA_WorldCover_Tile_Unavailable,"{'selection_method': 'district_stratified_buffer_3km', 'min_distance_km': 30.8, 'temporal_anchor': 'empirical_monsoon_distribution'}",1788.0,9.74,150.95,11.15,35.83,,,,,,,,,,,
BG-NER-0033,0,background,DISTRICT_STRATIFIED_BUFFERED_REFERENCE,STRATIFIED_BUFFER_SELECTION,2011-07-24,Assam,26.06934,93.40829,None (Background Reference),0,NASA_USGS_SRTM_30m,NASA_POWER_PRECTOTCORR_Daily,ISRIC_SoilGrids_2.0_Unavailable,ESA_WorldCover_Tile_Unavailable,"{'selection_method': 'district_stratified_buffer_3km', 'min_distance_km': 51.83, 'temporal_anchor': 'empirical_monsoon_distribution'}",313.0,17.78,278.97,1.38,25.8,,,,,,,,,,,
BG-NER-0034,0,background,DISTRICT_STRATIFIED_BUFFERED_REFERENCE,STRATIFIED_BUFFER_SELECTION,2015-09-01,Assam,27.50565,95.31038,None (Background Reference),0,NASA_USGS_SRTM_30m,NASA_POWER_PRECTOTCORR_Daily,ISRIC_SoilGrids_2.0_Unavailable,ESA_WorldCover_Tile_Unavailable,"{'selection_method': 'district_stratified_buffer_3km', 'min_distance_km': 38.74, 'temporal_anchor': 'empirical_monsoon_distribution'}",125.0,2.13,153.43,17.06,177.47,,,,,,,,,,,
BG-NER-0035,0,background,DISTRICT_STRATIFIED_BUFFERED_REFERENCE,STRATIFIED_BUFFER_SELECTION,2011-06-29,Assam,27.13582,93.63416,None (Background Reference),0,NASA_USGS_SRTM_30m,NASA_POWER_PRECTOTCORR_Daily,ISRIC_SoilGrids_2.0_Unavailable,ESA_WorldCover_Tile_Unavailable,"{'selection_method': 'district_stratified_buffer_3km', 'min_distance_km': 4.04, 'temporal_anchor': 'empirical_monsoon_distribution'}",838.0,37.24,217.87,13.5,36.7,,,,,,,,,,,
BG-NER-0036,0,background,DISTRICT_STRATIFIED_BUFFERED_REFERENCE,STRATIFIED_BUFFER_SELECTION,2010-06-03,Assam,26.26582,95.30358,None (Background Reference),0,NASA_USGS_SRTM_30m,NASA_POWER_PRECTOTCORR_Daily,ISRIC_SoilGrids_2.0_Unavailable,ESA_WorldCover_Tile_Unavailable,"{'selection_method': 'district_stratified_buffer_3km', 'min_distance_km': 37.15, 'temporal_anchor': 'empirical_monsoon_distribution'}",2022.0,30.21,76.76,8.63,28.91,,,,,,,,,,,
BG-NER-0037,0,background,DISTRICT_STRATIFIED_BUFFERED_REFERENCE,STRATIFIED_BUFFER_SELECTION,2012-06-25,Assam,25.13975,93.3959,None (Background Reference),0,NASA_USGS_SRTM_30m,NASA_POWER_PRECTOTCORR_Daily,ISRIC_SoilGrids_2.0_Unavailable,ESA_WorldCover_Tile_Unavailable,"{'selection_method': 'district_stratified_buffer_3km', 'min_distance_km': 4.8, 'temporal_anchor': 'empirical_monsoon_distribution'}",747.0,15.85,49.76,15.95,41.98,,,,,,,,,,,
BG-NER-0038,0,background,DISTRICT_STRATIFIED_BUFFERED_REFERENCE,STRATIFIED_BUFFER_SELECTION,2014-06-28,Assam,24.78514,93.49305,None (Background Reference),0,NASA_USGS_SRTM_30m,NASA_POWER_PRECTOTCORR_Daily,ISRIC_SoilGrids_2.0_Unavailable,ESA_WorldCover_Tile_Unavailable,"{'selection_method': 'district_stratified_buffer_3km', 'min_distance_km': 3.6, 'temporal_anchor': 'empirical_monsoon_distribution'}",456.0,25.92,157.83,2.54,10.12,,,,,,,,,,,
BG-NER-0039,0,background,DISTRICT_STRATIFIED_BUFFERED_REFERENCE,STRATIFIED_BUFFER_SELECTION,2016-07-07,Assam,25.7502,94.39622,None (Background Reference),0,NASA_USGS_SRTM_30m,NASA_POWER_PRECTOTCORR_Daily,ISRIC_SoilGrids_2.0_Unavailable,ESA_WorldCover_Tile_Unavailable,"{'selection_method': 'district_stratified_buffer_3km', 'min_distance_km': 12.18, 'temporal_anchor': 'empirical_monsoon_distribution'}",1269.0,29.09,81.38,11.9,35.16,,,,,,,,,,,
BG-NER-0040,0,background,DISTRICT_STRATIFIED_BUFFERED_REFERENCE,STRATIFIED_BUFFER_SELECTION,2013-09-01,Assam,26.48453,94.94247,None (Background Reference),0,NASA_USGS_SRTM_30m,NASA_POWER_PRECTOTCORR_Daily,ISRIC_SoilGrids_2.0_Unavailable,ESA_WorldCover_Tile_Unavailable,"{'selection_method': 'district_stratified_buffer_3km', 'min_distance_km': 7.75, 'temporal_anchor': 'empirical_monsoon_distribution'}",1078.0,5.55,59.04,17.25,33.65,,,,,,,,,,,
BG-NER-0041,0,background,DISTRICT_STRATIFIED_BUFFERED_REFERENCE,STRATIFIED_BUFFER_SELECTION,2013-08-17,Assam,26.56205,91.72803,None (Background Reference),0,NASA_USGS_SRTM_30m,NASA_POWER_PRECTOTCORR_Daily,ISRIC_SoilGrids_2.0_Unavailable,ESA_WorldCover_Tile_Unavailable,"{'selection_method': 'district_stratified_buffer_3km', 'min_distance_km': 7.65, 'temporal_anchor': 'empirical_monsoon_distribution'}",65.0,0.95,90.0,1.35,10.23,,,,,,,,,,,
BG-NER-0042,0,background,DISTRICT_STRATIFIED_BUFFERED_REFERENCE,STRATIFIED_BUFFER_SELECTION,2012-06-22,Assam,25.51735,93.81156,None (Background Reference),0,NASA_USGS_SRTM_30m,NASA_POWER_PRECTOTCORR_Daily,ISRIC_SoilGrids_2.0_Unavailable,ESA_WorldCover_Tile_Unavailable,"{'selection_method': 'district_stratified_buffer_3km', 'min_distance_km': 5.69, 'temporal_anchor': 'empirical_monsoon_distribution'}",1020.0,24.75,282.53,29.26,50.01,,,,,,,,,,,
BG-NER-0043,0,background,DISTRICT_STRATIFIED_BUFFERED_REFERENCE,STRATIFIED_BUFFER_SELECTION,2016-07-07,Assam,24.76204,91.47995,None (Background Reference),0,NASA_USGS_SRTM_30m,NASA_POWER_PRECTOTCORR_Daily,ISRIC_SoilGrids_2.0_Unavailable,ESA_WorldCover_Tile_Unavailable,"{'selection_method': 'district_stratified_buffer_3km', 'min_distance_km': 74.78, 'temporal_anchor': 'empirical_monsoon_distribution'}",6.0,1.91,0.0,12.09,97.65,,,,,,,,,,,
BG-NER-0044,0,background,DISTRICT_STRATIFIED_BUFFERED_REFERENCE,STRATIFIED_BUFFER_SELECTION,2013-08-17,Assam,24.60207,93.12862,None (Background Reference),0,NASA_USGS_SRTM_30m,NASA_POWER_PRECTOTCORR_Daily,ISRIC_SoilGrids_2.0_Unavailable,ESA_WorldCover_Tile_Unavailable,"{'selection_method': 'district_stratified_buffer_3km', 'min_distance_km': 22.93, 'temporal_anchor': 'empirical_monsoon_distribution'}",101.0,9.32,113.96,9.47,26.48,,,,,,,,,,,
BG-NER-0045,0,background,DISTRICT_STRATIFIED_BUFFERED_REFERENCE,STRATIFIED_BUFFER_SELECTION,2014-09-22,Assam,25.13411,92.8965,None (Background Reference),0,NASA_USGS_SRTM_30m,NASA_POWER_PRECTOTCORR_Daily,ISRIC_SoilGrids_2.0_Unavailable,ESA_WorldCover_Tile_Unavailable,"{'selection_method': 'district_stratified_buffer_3km', 'min_distance_km': 4.36, 'temporal_anchor': 'empirical_monsoon_distribution'}",750.0,29.2,252.65,19.51,51.76,,,,,,,,,,,
BG-NER-0046,0,background,DISTRICT_STRATIFIED_BUFFERED_REFERENCE,STRATIFIED_BUFFER_SELECTION,2010-06-03,Assam,27.47227,91.93037,None (Background Reference),0,NASA_USGS_SRTM_30m,NASA_POWER_PRECTOTCORR_Daily,ISRIC_SoilGrids_2.0_Unavailable,ESA_WorldCover_Tile_Unavailable,"{'selection_method': 'district_stratified_buffer_3km', 'min_distance_km': 12.3, 'temporal_anchor': 'empirical_monsoon_distribution'}",3742.0,23.98,77.01,28.38,62.41,,,,,,,,,,,
BG-NER-0047,0,background,DISTRICT_STRATIFIED_BUFFERED_REFERENCE,STRATIFIED_BUFFER_SELECTION,2011-06-29,Assam,25.44724,91.682,None (Background Reference),0,NASA_USGS_SRTM_30m,NASA_POWER_PRECTOTCORR_Daily,ISRIC_SoilGrids_2.0_Unavailable,ESA_WorldCover_Tile_Unavailable,"{'selection_method': 'district_stratified_buffer_3km', 'min_distance_km': 20.9, 'temporal_anchor': 'empirical_monsoon_distribution'}",1607.0,12.23,0.0,48.01,181.57,,,,,,,,,,,
BG-NER-0048,0,background,DISTRICT_STRATIFIED_BUFFERED_REFERENCE,STRATIFIED_BUFFER_SELECTION,2011-09-23,Assam,26.68746,94.71793,None (Background Reference),0,NASA_USGS_SRTM_30m,NASA_POWER_PRECTOTCORR_Daily,ISRIC_SoilGrids_2.0_Unavailable,ESA_WorldCover_Tile_Unavailable,"{'selection_method': 'district_stratified_buffer_3km', 'min_distance_km': 3.55, 'temporal_anchor': 'empirical_monsoon_distribution'}",315.0,34.25,248.46,22.36,28.76,,,,,,,,,,,
BG-NER-0049,0,background,DISTRICT_STRATIFIED_BUFFERED_REFERENCE,STRATIFIED_BUFFER_SELECTION,2016-05-18,Assam,26.00282,93.14978,None (Background Reference),0,NASA_USGS_SRTM_30m,NASA_POWER_PRECTOTCORR_Daily,ISRIC_SoilGrids_2.0_Unavailable,ESA_WorldCover_Tile_Unavailable,"{'selection_method': 'district_stratified_buffer_3km', 'min_distance_km': 53.54, 'temporal_anchor': 'empirical_monsoon_distribution'}",111.0,4.26,296.57,32.85,106.31,,,,,,,,,,,
BG-NER-0050,0,background,DISTRICT_STRATIFIED_BUFFERED_REFERENCE,STRATIFIED_BUFFER_SELECTION,2010-10-09,Assam,26.81609,94.27021,None (Background Reference),0,NASA_USGS_SRTM_30m,NASA_POWER_PRECTOTCORR_Daily,ISRIC_SoilGrids_2.0_Unavailable,ESA_WorldCover_Tile_Unavailable,"{'selection_method': 'district_stratified_buffer_3km', 'min_distance_km': 43.59, 'temporal_anchor': 'empirical_monsoon_distribution'}",90.0,1.35,225.0,12.96,36.08,,,,,,,,,,,
BG-NER-0051,0,background,DISTRICT_STRATIFIED_BUFFERED_REFERENCE,STRATIFIED_BUFFER_SELECTION,2016-07-20,Assam,26.6406,94.10437,None (Background Reference),0,NASA_USGS_SRTM_30m,NASA_POWER_PRECTOTCORR_Daily,ISRIC_SoilGrids_2.0_Unavailable,ESA_WorldCover_Tile_Unavailable,"{'selection_method': 'district_stratified_buffer_3km', 'min_distance_km': 54.12, 'temporal_anchor': 'empirical_monsoon_distribution'}",93.0,1.91,180.0,3.74,8.56,,,,,,,,,,,
BG-NER-0052,0,background,DISTRICT_STRATIFIED_BUFFERED_REFERENCE,STRATIFIED_BUFFER_SELECTION,2012-06-03,Assam,25.53763,93.93277,None (Background Reference),0,NASA_USGS_SRTM_30m,NASA_POWER_PRECTOTCORR_Daily,ISRIC_SoilGrids_2.0_Unavailable,ESA_WorldCover_Tile_Unavailable,"{'selection_method': 'district_stratified_buffer_3km', 'min_distance_km': 6.18, 'temporal_anchor': 'empirical_monsoon_distribution'}",1694.0,24.69,223.53,14.11,64.85,,,,,,,,,,,
BG-NER-0053,0,background,DISTRICT_STRATIFIED_BUFFERED_REFERENCE,STRATIFIED_BUFFER_SELECTION,2010-08-27,Assam,26.47584,92.25617,None (Background Reference),0,NASA_USGS_SRTM_30m,NASA_POWER_PRECTOTCORR_Daily,ISRIC_SoilGrids_2.0_Unavailable,ESA_WorldCover_Tile_Unavailable,"{'selection_method': 'district_stratified_buffer_3km', 'min_distance_km': 53.26, 'temporal_anchor': 'empirical_monsoon_distribution'}",51.0,0.0,0.0,9.44,15.76,,,,,,,,,,,
BG-NER-0054,0,background,DISTRICT_STRATIFIED_BUFFERED_REFERENCE,STRATIFIED_BUFFER_SELECTION,2008-06-15,Assam,25.07948,90.48183,None (Background Reference),0,NASA_USGS_SRTM_30m,NASA_POWER_PRECTOTCORR_Daily,ISRIC_SoilGrids_2.0_Unavailable,ESA_WorldCover_Tile_Unavailable,"{'selection_method': 'district_stratified_buffer_3km', 'min_distance_km': 15.7, 'temporal_anchor': 'empirical_monsoon_distribution'}",15.0,4.04,315.0,2.11,33.84,,,,,,,,,,,
BG-NER-0055,0,background,DISTRICT_STRATIFIED_BUFFERED_REFERENCE,STRATIFIED_BUFFER_SELECTION,2011-05-24,Assam,25.62365,90.40588,None (Background Reference),0,NASA_USGS_SRTM_30m,NASA_POWER_PRECTOTCORR_Daily,ISRIC_SoilGrids_2.0_Unavailable,ESA_WorldCover_Tile_Unavailable,"{'selection_method': 'district_stratified_buffer_3km', 'min_distance_km': 12.6, 'temporal_anchor': 'empirical_monsoon_distribution'}",565.0,14.3,168.69,7.29,27.23,,,,,,,,,,,
BG-NER-0056,0,background,DISTRICT_STRATIFIED_BUFFERED_REFERENCE,STRATIFIED_BUFFER_SELECTION,2008-10-29,Assam,26.4092,91.23247,None (Background Reference),0,NASA_USGS_SRTM_30m,NASA_POWER_PRECTOTCORR_Daily,ISRIC_SoilGrids_2.0_Unavailable,ESA_WorldCover_Tile_Unavailable,"{'selection_method': 'district_stratified_buffer_3km', 'min_distance_km': 8.62, 'temporal_anchor': 'empirical_monsoon_distribution'}",42.0,0.0,0.0,0.03,26.54,,,,,,,,,,,
BG-NER-0057,0,background,DISTRICT_STRATIFIED_BUFFERED_REFERENCE,STRATIFIED_BUFFER_SELECTION,2014-05-09,Assam,26.70473,90.56594,None (Background Reference),0,NASA_USGS_SRTM_30m,NASA_POWER_PRECTOTCORR_Daily,ISRIC_SoilGrids_2.0_Unavailable,ESA_WorldCover_Tile_Unavailable,"{'selection_method': 'district_stratified_buffer_3km', 'min_distance_km': 79.61, 'temporal_anchor': 'empirical_monsoon_distribution'}",108.0,0.0,0.0,4.55,42.69,,,,,,,,,,,
BG-NER-0058,0,background,DISTRICT_STRATIFIED_BUFFERED_REFERENCE,STRATIFIED_BUFFER_SELECTION,2010-10-08,Assam,25.82261,90.90196,None (Background Reference),0,NASA_USGS_SRTM_30m,NASA_POWER_PRECTOTCORR_Daily,ISRIC_SoilGrids_2.0_Unavailable,ESA_WorldCover_Tile_Unavailable,"{'selection_method': 'district_stratified_buffer_3km', 'min_distance_km': 30.58, 'temporal_anchor': 'empirical_monsoon_distribution'}",412.0,25.69,104.04,64.38,86.46,,,,,,,,,,,
BG-NER-0059,0,background,DISTRICT_STRATIFIED_BUFFERED_REFERENCE,STRATIFIED_BUFFER_SELECTION,2015-09-23,Assam,27.0297,93.1257,None (Background Reference),0,NASA_USGS_SRTM_30m,NASA_POWER_PRECTOTCORR_Daily,ISRIC_SoilGrids_2.0_Unavailable,ESA_WorldCover_Tile_Unavailable,"{'selection_method': 'district_stratified_buffer_3km', 'min_distance_km': 34.79, 'temporal_anchor': 'empirical_monsoon_distribution'}",602.0,15.85,40.24,21.85,44.55,,,,,,,,,,,
BG-NER-0060,0,background,DISTRICT_STRATIFIED_BUFFERED_REFERENCE,STRATIFIED_BUFFER_SELECTION,2008-10-29,Assam,25.16625,94.4882,None (Background Reference),0,NASA_USGS_SRTM_30m,NASA_POWER_PRECTOTCORR_Daily,ISRIC_SoilGrids_2.0_Unavailable,ESA_WorldCover_Tile_Unavailable,"{'selection_method': 'district_stratified_buffer_3km', 'min_distance_km': 5.09, 'temporal_anchor': 'empirical_monsoon_distribution'}",1744.0,21.94,245.56,0.21,5.34,,,,,,,,,,,
BG-NER-0061,0,background,DISTRICT_STRATIFIED_BUFFERED_REFERENCE,STRATIFIED_BUFFER_SELECTION,2010-07-25,Assam,25.61503,90.05854,None (Background Reference),0,NASA_USGS_SRTM_30m,NASA_POWER_PRECTOTCORR_Daily,ISRIC_SoilGrids_2.0_Unavailable,ESA_WorldCover_Tile_Unavailable,"{'selection_method': 'district_stratified_buffer_3km', 'min_distance_km': 13.1, 'temporal_anchor': 'empirical_monsoon_distribution'}",110.0,8.53,0.0,5.0,38.2,,,,,,,,,,,
BG-NER-0062,0,background,DISTRICT_STRATIFIED_BUFFERED_REFERENCE,STRATIFIED_BUFFER_SELECTION,2014-09-22,Assam,25.97693,91.04713,None (Background Reference),0,NASA_USGS_SRTM_30m,NASA_POWER_PRECTOTCORR_Daily,ISRIC_SoilGrids_2.0_Unavailable,ESA_WorldCover_Tile_Unavailable,"{'selection_method': 'district_stratified_buffer_3km', 'min_distance_km': 18.5, 'temporal_anchor': 'empirical_monsoon_distribution'}",49.0,0.95,0.0,155.05,222.55,,,,,,,,,,,
BG-NER-0063,0,background,DISTRICT_STRATIFIED_BUFFERED_REFERENCE,STRATIFIED_BUFFER_SELECTION,2013-05-11,Assam,25.50649,93.20539,None (Background Reference),0,NASA_USGS_SRTM_30m,NASA_POWER_PRECTOTCORR_Daily,ISRIC_SoilGrids_2.0_Unavailable,ESA_WorldCover_Tile_Unavailable,"{'selection_method': 'district_stratified_buffer_3km', 'min_distance_km': 4.43, 'temporal_anchor': 'empirical_monsoon_distribution'}",220.0,11.35,41.63,25.9,64.56,,,,,,,,,,,
BG-NER-0064,0,background,DISTRICT_STRATIFIED_BUFFERED_REFERENCE,STRATIFIED_BUFFER_SELECTION,2010-10-09,Assam,27.22116,91.57808,None (Background Reference),0,NASA_USGS_SRTM_30m,NASA_POWER_PRECTOTCORR_Daily,ISRIC_SoilGrids_2.0_Unavailable,ESA_WorldCover_Tile_Unavailable,"{'selection_method': 'district_stratified_buffer_3km', 'min_distance_km': 48.43, 'temporal_anchor': 'empirical_monsoon_distribution'}",2368.0,49.49,190.67,7.41,50.57,,,,,,,,,,,
BG-NER-0065,0,background,DISTRICT_STRATIFIED_BUFFERED_REFERENCE,STRATIFIED_BUFFER_SELECTION,2016-05-18,Assam,26.8842,94.11276,None (Background Reference),0,NASA_USGS_SRTM_30m,NASA_POWER_PRECTOTCORR_Daily,ISRIC_SoilGrids_2.0_Unavailable,ESA_WorldCover_Tile_Unavailable,"{'selection_method': 'district_stratified_buffer_3km', 'min_distance_km': 32.95, 'temporal_anchor': 'empirical_monsoon_distribution'}",84.0,8.1,110.56,24.21,77.82,,,,,,,,,,,
BG-NER-0066,0,background,DISTRICT_STRATIFIED_BUFFERED_REFERENCE,STRATIFIED_BUFFER_SELECTION,2012-06-03,Assam,26.56191,94.23556,None (Background Reference),0,NASA_USGS_SRTM_30m,NASA_POWER_PRECTOTCORR_Daily,ISRIC_SoilGrids_2.0_Unavailable,ESA_WorldCover_Tile_Unavailable,"{'selection_method': 'district_stratified_buffer_3km', 'min_distance_km': 38.6, 'temporal_anchor': 'empirical_monsoon_distribution'}",111.0,3.02,198.43,19.91,75.56,,,,,,,,,,,
BG-NER-0067,0,background,DISTRICT_STRATIFIED_BUFFERED_REFERENCE,STRATIFIED_BUFFER_SELECTION,2016-07-14,Assam,24.58667,93.77777,None (Background Reference),0,NASA_USGS_SRTM_30m,NASA_POWER_PRECTOTCORR_Daily,ISRIC_SoilGrids_2.0_Unavailable,ESA_WorldCover_Tile_Unavailable,"{'selection_method': 'district_stratified_buffer_3km', 'min_distance_km': 17.85, 'temporal_anchor': 'empirical_monsoon_distribution'}",769.0,3.02,341.57,7.16,40.9,,,,,,,,,,,
BG-NER-0068,0,background,DISTRICT_STRATIFIED_BUFFERED_REFERENCE,STRATIFIED_BUFFER_SELECTION,2011-09-06,Assam,24.88129,93.09683,None (Background Reference),0,NASA_USGS_SRTM_30m,NASA_POWER_PRECTOTCORR_Daily,ISRIC_SoilGrids_2.0_Unavailable,ESA_WorldCover_Tile_Unavailable,"{'selection_method': 'district_stratified_buffer_3km', 'min_distance_km': 8.4, 'temporal_anchor': 'empirical_monsoon_distribution'}",60.0,5.55,210.96,22.29,30.58,,,,,,,,,,,
BG-NER-0069,0,background,DISTRICT_STRATIFIED_BUFFERED_REFERENCE,STRATIFIED_BUFFER_SELECTION,2012-06-13,Assam,25.96278,93.26248,None (Background Reference),0,NASA_USGS_SRTM_30m,NASA_POWER_PRECTOTCORR_Daily,ISRIC_SoilGrids_2.0_Unavailable,ESA_WorldCover_Tile_Unavailable,"{'selection_method': 'district_stratified_buffer_3km', 'min_distance_km': 50.04, 'temporal_anchor': 'empirical_monsoon_distribution'}",156.0,2.7,315.0,25.52,39.13,,,,,,,,,,,
BG-NER-0070,0,background,DISTRICT_STRATIFIED_BUFFERED_REFERENCE,STRATIFIED_BUFFER_SELECTION,2007-08-26,Assam,26.09521,95.2309,None (Background Reference),0,NASA_USGS_SRTM_30m,NASA_POWER_PRECTOTCORR_Daily,ISRIC_SoilGrids_2.0_Unavailable,ESA_WorldCover_Tile_Unavailable,"{'selection_method': 'district_stratified_buffer_3km', 'min_distance_km': 34.52, 'temporal_anchor': 'empirical_monsoon_distribution'}",2226.0,30.05,101.63,7.56,11.26,,,,,,,,,,,
BG-NER-0071,0,background,DISTRICT_STRATIFIED_BUFFERED_REFERENCE,STRATIFIED_BUFFER_SELECTION,2007-07-19,Assam,24.94049,91.53275,None (Background Reference),0,NASA_USGS_SRTM_30m,NASA_POWER_PRECTOTCORR_Daily,ISRIC_SoilGrids_2.0_Unavailable,ESA_WorldCover_Tile_Unavailable,"{'selection_method': 'district_stratified_buffer_3km', 'min_distance_km': 60.08, 'temporal_anchor': 'empirical_monsoon_distribution'}",10.0,0.95,180.0,52.05,124.23,,,,,,,,,,,
BG-NER-0072,0,background,DISTRICT_STRATIFIED_BUFFERED_REFERENCE,STRATIFIED_BUFFER_SELECTION,2015-07-25,Assam,25.04312,94.26665,None (Background Reference),0,NASA_USGS_SRTM_30m,NASA_POWER_PRECTOTCORR_Daily,ISRIC_SoilGrids_2.0_Unavailable,ESA_WorldCover_Tile_Unavailable,"{'selection_method': 'district_stratified_buffer_3km', 'min_distance_km': 5.87, 'temporal_anchor': 'empirical_monsoon_distribution'}",1122.0,26.63,164.58,1.79,24.85,,,,,,,,,,,
BG-NER-0073,0,background,DISTRICT_STRATIFIED_BUFFERED_REFERENCE,STRATIFIED_BUFFER_SELECTION,2008-05-20,Assam,27.07753,94.42145,None (Background Reference),0,NASA_USGS_SRTM_30m,NASA_POWER_PRECTOTCORR_Daily,ISRIC_SoilGrids_2.0_Unavailable,ESA_WorldCover_Tile_Unavailable,"{'selection_method': 'district_stratified_buffer_3km', 'min_distance_km': 34.77, 'temporal_anchor': 'empirical_monsoon_distribution'}",87.0,1.91,0.0,7.22,50.05,,,,,,,,,,,
BG-NER-0074,0,background,DISTRICT_STRATIFIED_BUFFERED_REFERENCE,STRATIFIED_BUFFER_SELECTION,2011-06-29,Assam,26.28495,91.3761,None (Background Reference),0,NASA_USGS_SRTM_30m,NASA_POWER_PRECTOTCORR_Daily,ISRIC_SoilGrids_2.0_Unavailable,ESA_WorldCover_Tile_Unavailable,"{'selection_method': 'district_stratified_buffer_3km', 'min_distance_km': 13.67, 'temporal_anchor': 'empirical_monsoon_distribution'}",48.0,1.91,90.0,28.58,248.52,,,,,,,,,,,
BG-NER-0075,0,background,DISTRICT_STRATIFIED_BUFFERED_REFERENCE,STRATIFIED_BUFFER_SELECTION,2008-06-15,Assam,25.79863,89.92567,None (Background Reference),0,NASA_USGS_SRTM_30m,NASA_POWER_PRECTOTCORR_Daily,ISRIC_SoilGrids_2.0_Unavailable,ESA_WorldCover_Tile_Unavailable,"{'selection_method': 'district_stratified_buffer_3km', 'min_distance_km': 8.62, 'temporal_anchor': 'empirical_monsoon_distribution'}",28.0,3.02,341.57,2.09,71.97,,,,,,,,,,,
BG-NER-0076,0,background,DISTRICT_STRATIFIED_BUFFERED_REFERENCE,STRATIFIED_BUFFER_SELECTION,2015-07-22,Assam,26.41669,90.8651,None (Background Reference),0,NASA_USGS_SRTM_30m,NASA_POWER_PRECTOTCORR_Daily,ISRIC_SoilGrids_2.0_Unavailable,ESA_WorldCover_Tile_Unavailable,"{'selection_method': 'district_stratified_buffer_3km', 'min_distance_km': 39.45, 'temporal_anchor': 'empirical_monsoon_distribution'}",45.0,1.91,270.0,11.44,39.1,,,,,,,,,,,
BG-NER-0077,0,background,DISTRICT_STRATIFIED_BUFFERED_REFERENCE,STRATIFIED_BUFFER_SELECTION,2011-09-23,Assam,25.83923,92.75762,None (Background Reference),0,NASA_USGS_SRTM_30m,NASA_POWER_PRECTOTCORR_Daily,ISRIC_SoilGrids_2.0_Unavailable,ESA_WorldCover_Tile_Unavailable,"{'selection_method': 'district_stratified_buffer_3km', 'min_distance_km': 42.14, 'temporal_anchor': 'empirical_monsoon_distribution'}",111.0,3.81,270.0,12.79,27.04,,,,,,,,,,,
BG-NER-0078,0,background,DISTRICT_STRATIFIED_BUFFERED_REFERENCE,STRATIFIED_BUFFER_SELECTION,2007-08-26,Assam,26.21681,92.32596,None (Background Reference),0,NASA_USGS_SRTM_30m,NASA_POWER_PRECTOTCORR_Daily,ISRIC_SoilGrids_2.0_Unavailable,ESA_WorldCover_Tile_Unavailable,"{'selection_method': 'district_stratified_buffer_3km', 'min_distance_km': 46.22, 'temporal_anchor': 'empirical_monsoon_distribution'}",61.0,1.35,135.0,18.77,24.03,,,,,,,,,,,
BG-NER-0079,0,background,DISTRICT_STRATIFIED_BUFFERED_REFERENCE,STRATIFIED_BUFFER_SELECTION,2008-06-15,Assam,25.41885,93.25,None (Background Reference),0,NASA_USGS_SRTM_30m,NASA_POWER_PRECTOTCORR_Daily,ISRIC_SoilGrids_2.0_Unavailable,ESA_WorldCover_Tile_Unavailable,"{'selection_method': 'district_stratified_buffer_3km', 'min_distance_km': 12.01, 'temporal_anchor': 'empirical_monsoon_distribution'}",651.0,9.87,253.3,2.69,20.19,,,,,,,,,,,
BG-NER-0080,0,background,DISTRICT_STRATIFIED_BUFFERED_REFERENCE,STRATIFIED_BUFFER_SELECTION,2014-09-22,Assam,26.29075,95.12207,None (Background Reference),0,NASA_USGS_SRTM_30m,NASA_POWER_PRECTOTCORR_Daily,ISRIC_SoilGrids_2.0_Unavailable,ESA_WorldCover_Tile_Unavailable,"{'selection_method': 'district_stratified_buffer_3km', 'min_distance_km': 20.7, 'temporal_anchor': 'empirical_monsoon_distribution'}",1345.0,25.89,15.95,16.89,57.72,,,,,,,,,,,
BG-NER-0081,0,background,DISTRICT_STRATIFIED_BUFFERED_REFERENCE,STRATIFIED_BUFFER_SELECTION,2012-06-22,Assam,27.41316,93.21684,None (Background Reference),0,NASA_USGS_SRTM_30m,NASA_POWER_PRECTOTCORR_Daily,ISRIC_SoilGrids_2.0_Unavailable,ESA_WorldCover_Tile_Unavailable,"{'selection_method': 'district_stratified_buffer_3km', 'min_distance_km': 18.57, 'temporal_anchor': 'empirical_monsoon_distribution'}",2412.0,22.68,246.5,11.63,57.97,,,,,,,,,,,
BG-NER-0082,0,background,DISTRICT_STRATIFIED_BUFFERED_REFERENCE,STRATIFIED_BUFFER_SELECTION,2008-08-14,Assam,25.6277,91.57159,None (Background Reference),0,NASA_USGS_SRTM_30m,NASA_POWER_PRECTOTCORR_Daily,ISRIC_SoilGrids_2.0_Unavailable,ESA_WorldCover_Tile_Unavailable,"{'selection_method': 'district_stratified_buffer_3km', 'min_distance_km': 29.05, 'temporal_anchor': 'empirical_monsoon_distribution'}",1466.0,11.65,104.04,12.81,53.25,,,,,,,,,,,
BG-NER-0083,0,background,DISTRICT_STRATIFIED_BUFFERED_REFERENCE,STRATIFIED_BUFFER_SELECTION,2010-07-06,Nagaland,26.42189,93.9949,None (Background Reference),0,NASA_USGS_SRTM_30m,NASA_POWER_PRECTOTCORR_Daily,ISRIC_SoilGrids_2.0_Unavailable,ESA_WorldCover_Tile_Unavailable,"{'selection_method': 'district_stratified_buffer_3km', 'min_distance_km': 37.64, 'temporal_anchor': 'empirical_monsoon_distribution'}",112.0,1.91,0.0,15.24,46.93,,,,,,,,,,,
BG-NER-0084,0,background,DISTRICT_STRATIFIED_BUFFERED_REFERENCE,STRATIFIED_BUFFER_SELECTION,2010-10-09,Nagaland,26.59833,95.09775,None (Background Reference),0,NASA_USGS_SRTM_30m,NASA_POWER_PRECTOTCORR_Daily,ISRIC_SoilGrids_2.0_Unavailable,ESA_WorldCover_Tile_Unavailable,"{'selection_method': 'district_stratified_buffer_3km', 'min_distance_km': 15.16, 'temporal_anchor': 'empirical_monsoon_distribution'}",1408.0,31.97,55.89,17.89,47.01,,,,,,,,,,,
BG-NER-0085,0,background,DISTRICT_STRATIFIED_BUFFERED_REFERENCE,STRATIFIED_BUFFER_SELECTION,2010-07-06,Nagaland,26.98858,94.22134,None (Background Reference),0,NASA_USGS_SRTM_30m,NASA_POWER_PRECTOTCORR_Daily,ISRIC_SoilGrids_2.0_Unavailable,ESA_WorldCover_Tile_Unavailable,"{'selection_method': 'district_stratified_buffer_3km', 'min_distance_km': 29.12, 'temporal_anchor': 'empirical_monsoon_distribution'}",82.0,3.44,33.69,22.53,54.28,,,,,,,,,,,
BG-NER-0086,0,background,DISTRICT_STRATIFIED_BUFFERED_REFERENCE,STRATIFIED_BUFFER_SELECTION,2015-06-24,Nagaland,25.24486,94.23985,None (Background Reference),0,NASA_USGS_SRTM_30m,NASA_POWER_PRECTOTCORR_Daily,ISRIC_SoilGrids_2.0_Unavailable,ESA_WorldCover_Tile_Unavailable,"{'selection_method': 'district_stratified_buffer_3km', 'min_distance_km': 16.24, 'temporal_anchor': 'empirical_monsoon_distribution'}",1056.0,18.52,95.71,14.92,23.8,,,,,,,,,,,
BG-NER-0087,0,background,DISTRICT_STRATIFIED_BUFFERED_REFERENCE,STRATIFIED_BUFFER_SELECTION,2007-08-28,Nagaland,25.33744,93.52365,None (Background Reference),0,NASA_USGS_SRTM_30m,NASA_POWER_PRECTOTCORR_Daily,ISRIC_SoilGrids_2.0_Unavailable,ESA_WorldCover_Tile_Unavailable,"{'selection_method': 'district_stratified_buffer_3km', 'min_distance_km': 25.16, 'temporal_anchor': 'empirical_monsoon_distribution'}",1418.0,44.53,51.19,3.08,14.24,,,,,,,,,,,
BG-NER-0088,0,background,DISTRICT_STRATIFIED_BUFFERED_REFERENCE,STRATIFIED_BUFFER_SELECTION,2007-08-28,Nagaland,26.98559,93.60823,None (Background Reference),0,NASA_USGS_SRTM_30m,NASA_POWER_PRECTOTCORR_Daily,ISRIC_SoilGrids_2.0_Unavailable,ESA_WorldCover_Tile_Unavailable,"{'selection_method': 'district_stratified_buffer_3km', 'min_distance_km': 11.27, 'temporal_anchor': 'empirical_monsoon_distribution'}",212.0,4.76,233.13,3.81,25.18,,,,,,,,,,,
BG-NER-0089,0,background,DISTRICT_STRATIFIED_BUFFERED_REFERENCE,STRATIFIED_BUFFER_SELECTION,2016-07-10,Nagaland,25.39824,95.04026,None (Background Reference),0,NASA_USGS_SRTM_30m,NASA_POWER_PRECTOTCORR_Daily,ISRIC_SoilGrids_2.0_Unavailable,ESA_WorldCover_Tile_Unavailable,"{'selection_method': 'district_stratified_buffer_3km', 'min_distance_km': 44.08, 'temporal_anchor': 'empirical_monsoon_distribution'}",306.0,33.32,300.47,6.96,12.83,,,,,,,,,,,
BG-NER-0090,0,background,DISTRICT_STRATIFIED_BUFFERED_REFERENCE,STRATIFIED_BUFFER_SELECTION,2008-08-19,Nagaland,26.53182,93.97399,None (Background Reference),0,NASA_USGS_SRTM_30m,NASA_POWER_PRECTOTCORR_Daily,ISRIC_SoilGrids_2.0_Unavailable,ESA_WorldCover_Tile_Unavailable,"{'selection_method': 'district_stratified_buffer_3km', 'min_distance_km': 48.62, 'temporal_anchor': 'empirical_monsoon_distribution'}",100.0,2.86,90.0,34.27,69.64,,,,,,,,,,,
BG-NER-0091,0,background,DISTRICT_STRATIFIED_BUFFERED_REFERENCE,STRATIFIED_BUFFER_SELECTION,2010-10-10,Nagaland,26.8809,95.15459,None (Background Reference),0,NASA_USGS_SRTM_30m,NASA_POWER_PRECTOTCORR_Daily,ISRIC_SoilGrids_2.0_Unavailable,ESA_WorldCover_Tile_Unavailable,"{'selection_method': 'district_stratified_buffer_3km', 'min_distance_km': 16.15, 'temporal_anchor': 'empirical_monsoon_distribution'}",568.0,25.16,207.47,2.67,33.12,,,,,,,,,,,
BG-NER-0092,0,background,DISTRICT_STRATIFIED_BUFFERED_REFERENCE,STRATIFIED_BUFFER_SELECTION,2011-06-21,Nagaland,26.97631,94.26101,None (Background Reference),0,NASA_USGS_SRTM_30m,NASA_POWER_PRECTOTCORR_Daily,ISRIC_SoilGrids_2.0_Unavailable,ESA_WorldCover_Tile_Unavailable,"{'selection_method': 'district_stratified_buffer_3km', 'min_distance_km': 31.95, 'temporal_anchor': 'empirical_monsoon_distribution'}",87.0,0.95,0.0,8.42,16.99,,,,,,,,,,,
BG-NER-0093,0,background,DISTRICT_STRATIFIED_BUFFERED_REFERENCE,STRATIFIED_BUFFER_SELECTION,2013-06-07,Nagaland,25.99153,94.79232,None (Background Reference),0,NASA_USGS_SRTM_30m,NASA_POWER_PRECTOTCORR_Daily,ISRIC_SoilGrids_2.0_Unavailable,ESA_WorldCover_Tile_Unavailable,"{'selection_method': 'district_stratified_buffer_3km', 'min_distance_km': 10.05, 'temporal_anchor': 'empirical_monsoon_distribution'}",1843.0,37.09,75.96,9.11,20.54,,,,,,,,,,,
BG-NER-0094,0,background,DISTRICT_STRATIFIED_BUFFERED_REFERENCE,STRATIFIED_BUFFER_SELECTION,2013-08-16,Nagaland,25.56095,94.27838,None (Background Reference),0,NASA_USGS_SRTM_30m,NASA_POWER_PRECTOTCORR_Daily,ISRIC_SoilGrids_2.0_Unavailable,ESA_WorldCover_Tile_Unavailable,"{'selection_method': 'district_stratified_buffer_3km', 'min_distance_km': 6.67, 'temporal_anchor': 'empirical_monsoon_distribution'}",1745.0,23.98,282.99,15.69,53.75,,,,,,,,,,,
BG-NER-0095,0,background,DISTRICT_STRATIFIED_BUFFERED_REFERENCE,STRATIFIED_BUFFER_SELECTION,2010-10-09,Nagaland,25.22963,94.96375,None (Background Reference),0,NASA_USGS_SRTM_30m,NASA_POWER_PRECTOTCORR_Daily,ISRIC_SoilGrids_2.0_Unavailable,ESA_WorldCover_Tile_Unavailable,"{'selection_method': 'district_stratified_buffer_3km', 'min_distance_km': 42.38, 'temporal_anchor': 'empirical_monsoon_distribution'}",531.0,21.68,146.98,7.0,96.3,,,,,,,,,,,
BG-NER-0096,0,background,DISTRICT_STRATIFIED_BUFFERED_REFERENCE,STRATIFIED_BUFFER_SELECTION,2010-07-06,Nagaland,25.28314,95.08174,None (Background Reference),0,NASA_USGS_SRTM_30m,NASA_POWER_PRECTOTCORR_Daily,ISRIC_SoilGrids_2.0_Unavailable,ESA_WorldCover_Tile_Unavailable,"{'selection_method': 'district_stratified_buffer_3km', 'min_distance_km': 50.72, 'temporal_anchor': 'empirical_monsoon_distribution'}",193.0,7.83,255.96,5.42,21.74,,,,,,,,,,,
BG-NER-0097,0,background,DISTRICT_STRATIFIED_BUFFERED_REFERENCE,STRATIFIED_BUFFER_SELECTION,2010-07-20,Nagaland,26.99899,94.70088,None (Background Reference),0,NASA_USGS_SRTM_30m,NASA_POWER_PRECTOTCORR_Daily,ISRIC_SoilGrids_2.0_Unavailable,ESA_WorldCover_Tile_Unavailable,"{'selection_method': 'district_stratified_buffer_3km', 'min_distance_km': 26.49, 'temporal_anchor': 'empirical_monsoon_distribution'}",91.0,0.0,0.0,14.6,56.11,,,,,,,,,,,
BG-NER-0098,0,background,DISTRICT_STRATIFIED_BUFFERED_REFERENCE,STRATIFIED_BUFFER_SELECTION,2010-10-09,Nagaland,26.26455,93.31944,None (Background Reference),0,NASA_USGS_SRTM_30m,NASA_POWER_PRECTOTCORR_Daily,ISRIC_SoilGrids_2.0_Unavailable,ESA_WorldCover_Tile_Unavailable,"{'selection_method': 'district_stratified_buffer_3km', 'min_distance_km': 47.4, 'temporal_anchor': 'empirical_monsoon_distribution'}",840.0,14.59,140.19,10.68,51.3,,,,,,,,,,,
BG-NER-0099,0,background,DISTRICT_STRATIFIED_BUFFERED_REFERENCE,STRATIFIED_BUFFER_SELECTION,2007-10-19,Nagaland,25.39521,93.9289,None (Background Reference),0,NASA_USGS_SRTM_30m,NASA_POWER_PRECTOTCORR_Daily,ISRIC_SoilGrids_2.0_Unavailable,ESA_WorldCover_Tile_Unavailable,"{'selection_method': 'district_stratified_buffer_3km', 'min_distance_km': 8.46, 'temporal_anchor': 'empirical_monsoon_distribution'}",1632.0,39.68,157.56,4.73,6.43,,,,,,,,,,,
BG-NER-0100,0,background,DISTRICT_STRATIFIED_BUFFERED_REFERENCE,STRATIFIED_BUFFER_SELECTION,2010-10-09,Nagaland,26.56071,93.62439,None (Background Reference),0,NASA_USGS_SRTM_30m,NASA_POWER_PRECTOTCORR_Daily,ISRIC_SoilGrids_2.0_Unavailable,ESA_WorldCover_Tile_Unavailable,"{'selection_method': 'district_stratified_buffer_3km', 'min_distance_km': 50.02, 'temporal_anchor': 'empirical_monsoon_distribution'}",337.0,18.63,98.53,13.56,51.78,,,,,,,,,,,
BG-NER-0101,0,background,DISTRICT_STRATIFIED_BUFFERED_REFERENCE,STRATIFIED_BUFFER_SELECTION,2011-07-11,Nagaland,26.79846,94.97137,None (Background Reference),0,NASA_USGS_SRTM_30m,NASA_POWER_PRECTOTCORR_Daily,ISRIC_SoilGrids_2.0_Unavailable,ESA_WorldCover_Tile_Unavailable,"{'selection_method': 'district_stratified_buffer_3km', 'min_distance_km': 8.39, 'temporal_anchor': 'empirical_monsoon_distribution'}",604.0,34.84,196.7,0.83,3.44,,,,,,,,,,,
BG-NER-0102,0,background,DISTRICT_STRATIFIED_BUFFERED_REFERENCE,STRATIFIED_BUFFER_SELECTION,2010-10-08,Nagaland,26.97042,94.29198,None (Background Reference),0,NASA_USGS_SRTM_30m,NASA_POWER_PRECTOTCORR_Daily,ISRIC_SoilGrids_2.0_Unavailable,ESA_WorldCover_Tile_Unavailable,"{'selection_method': 'district_stratified_buffer_3km', 'min_distance_km': 33.99, 'temporal_anchor': 'empirical_monsoon_distribution'}",87.0,1.91,90.0,21.66,28.23,,,,,,,,,,,
BG-NER-0103,0,background,DISTRICT_STRATIFIED_BUFFERED_REFERENCE,STRATIFIED_BUFFER_SELECTION,2015-08-19,Nagaland,26.59404,94.09264,None (Background Reference),0,NASA_USGS_SRTM_30m,NASA_POWER_PRECTOTCORR_Daily,ISRIC_SoilGrids_2.0_Unavailable,ESA_WorldCover_Tile_Unavailable,"{'selection_method': 'district_stratified_buffer_3km', 'min_distance_km': 49.75, 'temporal_anchor': 'empirical_monsoon_distribution'}",96.0,1.35,315.0,18.97,40.55,,,,,,,,,,,
BG-NER-0104,0,background,DISTRICT_STRATIFIED_BUFFERED_REFERENCE,STRATIFIED_BUFFER_SELECTION,2015-08-19,Nagaland,26.83948,94.11834,None (Background Reference),0,NASA_USGS_SRTM_30m,NASA_POWER_PRECTOTCORR_Daily,ISRIC_SoilGrids_2.0_Unavailable,ESA_WorldCover_Tile_Unavailable,"{'selection_method': 'district_stratified_buffer_3km', 'min_distance_km': 37.84, 'temporal_anchor': 'empirical_monsoon_distribution'}",85.0,1.35,315.0,22.32,48.7,,,,,,,,,,,
BG-NER-0105,0,background,DISTRICT_STRATIFIED_BUFFERED_REFERENCE,STRATIFIED_BUFFER_SELECTION,2010-10-09,Nagaland,26.54365,94.24434,None (Background Reference),0,NASA_USGS_SRTM_30m,NASA_POWER_PRECTOTCORR_Daily,ISRIC_SoilGrids_2.0_Unavailable,ESA_WorldCover_Tile_Unavailable,"{'selection_method': 'district_stratified_buffer_3km', 'min_distance_km': 36.57, 'temporal_anchor': 'empirical_monsoon_distribution'}",127.0,1.35,315.0,16.7,50.86,,,,,,,,,,,
BG-NER-0106,0,background,DISTRICT_STRATIFIED_BUFFERED_REFERENCE,STRATIFIED_BUFFER_SELECTION,2010-07-20,Nagaland,25.42838,94.26923,None (Background Reference),0,NASA_USGS_SRTM_30m,NASA_POWER_PRECTOTCORR_Daily,ISRIC_SoilGrids_2.0_Unavailable,ESA_WorldCover_Tile_Unavailable,"{'selection_method': 'district_stratified_buffer_3km', 'min_distance_km': 9.54, 'temporal_anchor': 'empirical_monsoon_distribution'}",2131.0,20.97,0.0,6.63,25.25,,,,,,,,,,,
BG-NER-0107,0,background,DISTRICT_STRATIFIED_BUFFERED_REFERENCE,STRATIFIED_BUFFER_SELECTION,2016-07-28,Nagaland,26.47382,94.71072,None (Background Reference),0,NASA_USGS_SRTM_30m,NASA_POWER_PRECTOTCORR_Daily,ISRIC_SoilGrids_2.0_Unavailable,ESA_WorldCover_Tile_Unavailable,"{'selection_method': 'district_stratified_buffer_3km', 'min_distance_km': 17.76, 'temporal_anchor': 'empirical_monsoon_distribution'}",419.0,26.74,55.78,27.14,46.03,,,,,,,,,,,
BG-NER-0108,0,background,DISTRICT_STRATIFIED_BUFFERED_REFERENCE,STRATIFIED_BUFFER_SELECTION,2010-07-06,Nagaland,25.21658,94.31338,None (Background Reference),0,NASA_USGS_SRTM_30m,NASA_POWER_PRECTOTCORR_Daily,ISRIC_SoilGrids_2.0_Unavailable,ESA_WorldCover_Tile_Unavailable,"{'selection_method': 'district_stratified_buffer_3km', 'min_distance_km': 12.49, 'temporal_anchor': 'empirical_monsoon_distribution'}",1373.0,4.76,180.0,2.39,10.06,,,,,,,,,,,
BG-NER-0109,0,background,DISTRICT_STRATIFIED_BUFFERED_REFERENCE,STRATIFIED_BUFFER_SELECTION,2010-10-08,Nagaland,25.54122,93.90823,None (Background Reference),0,NASA_USGS_SRTM_30m,NASA_POWER_PRECTOTCORR_Daily,ISRIC_SoilGrids_2.0_Unavailable,ESA_WorldCover_Tile_Unavailable,"{'selection_method': 'district_stratified_buffer_3km', 'min_distance_km': 4.42, 'temporal_anchor': 'empirical_monsoon_distribution'}",2214.0,41.29,213.39,53.95,91.32,,,,,,,,,,,
BG-NER-0110,0,background,DISTRICT_STRATIFIED_BUFFERED_REFERENCE,STRATIFIED_BUFFER_SELECTION,2015-08-20,Nagaland,25.9053,94.1721,None (Background Reference),0,NASA_USGS_SRTM_30m,NASA_POWER_PRECTOTCORR_Daily,ISRIC_SoilGrids_2.0_Unavailable,ESA_WorldCover_Tile_Unavailable,"{'selection_method': 'district_stratified_buffer_3km', 'min_distance_km': 3.02, 'temporal_anchor': 'empirical_monsoon_distribution'}",831.0,6.02,341.57,15.47,35.14,,,,,,,,,,,
BG-NER-0111,0,background,DISTRICT_STRATIFIED_BUFFERED_REFERENCE,STRATIFIED_BUFFER_SELECTION,2010-08-14,Nagaland,25.29083,93.64773,None (Background Reference),0,NASA_USGS_SRTM_30m,NASA_POWER_PRECTOTCORR_Daily,ISRIC_SoilGrids_2.0_Unavailable,ESA_WorldCover_Tile_Unavailable,"{'selection_method': 'district_stratified_buffer_3km', 'min_distance_km': 14.85, 'temporal_anchor': 'empirical_monsoon_distribution'}",458.0,16.23,193.24,6.2,18.82,,,,,,,,,,,
BG-NER-0112,0,background,DISTRICT_STRATIFIED_BUFFERED_REFERENCE,STRATIFIED_BUFFER_SELECTION,2010-07-19,Nagaland,26.12139,94.98172,None (Background Reference),0,NASA_USGS_SRTM_30m,NASA_POWER_PRECTOTCORR_Daily,ISRIC_SoilGrids_2.0_Unavailable,ESA_WorldCover_Tile_Unavailable,"{'selection_method': 'district_stratified_buffer_3km', 'min_distance_km': 13.01, 'temporal_anchor': 'empirical_monsoon_distribution'}",739.0,23.63,17.74,13.38,40.0,,,,,,,,,,,
BG-NER-0113,0,background,DISTRICT_STRATIFIED_BUFFERED_REFERENCE,STRATIFIED_BUFFER_SELECTION,2010-10-09,Nagaland,26.74314,93.66702,None (Background Reference),0,NASA_USGS_SRTM_30m,NASA_POWER_PRECTOTCORR_Daily,ISRIC_SoilGrids_2.0_Unavailable,ESA_WorldCover_Tile_Unavailable,"{'selection_method': 'district_stratified_buffer_3km', 'min_distance_km': 29.3, 'temporal_anchor': 'empirical_monsoon_distribution'}",82.0,1.35,135.0,13.56,51.78,,,,,,,,,,,
BG-NER-0114,0,background,DISTRICT_STRATIFIED_BUFFERED_REFERENCE,STRATIFIED_BUFFER_SELECTION,2010-10-10,Nagaland,26.1464,93.48528,None (Background Reference),0,NASA_USGS_SRTM_30m,NASA_POWER_PRECTOTCORR_Daily,ISRIC_SoilGrids_2.0_Unavailable,ESA_WorldCover_Tile_Unavailable,"{'selection_method': 'district_stratified_buffer_3km', 'min_distance_km': 52.65, 'temporal_anchor': 'empirical_monsoon_distribution'}",825.0,19.51,48.81,1.04,59.87,,,,,,,,,,,
BG-NER-0115,0,background,DISTRICT_STRATIFIED_BUFFERED_REFERENCE,STRATIFIED_BUFFER_SELECTION,2010-10-08,Nagaland,25.35364,94.89882,None (Background Reference),0,NASA_USGS_SRTM_30m,NASA_POWER_PRECTOTCORR_Daily,ISRIC_SoilGrids_2.0_Unavailable,ESA_WorldCover_Tile_Unavailable,"{'selection_method': 'district_stratified_buffer_3km', 'min_distance_km': 30.85, 'temporal_anchor': 'empirical_monsoon_distribution'}",931.0,32.43,85.49,50.58,93.73,,,,,,,,,,,
BG-NER-0116,0,background,DISTRICT_STRATIFIED_BUFFERED_REFERENCE,STRATIFIED_BUFFER_SELECTION,2011-06-20,Nagaland,25.88992,94.64251,None (Background Reference),0,NASA_USGS_SRTM_30m,NASA_POWER_PRECTOTCORR_Daily,ISRIC_SoilGrids_2.0_Unavailable,ESA_WorldCover_Tile_Unavailable,"{'selection_method': 'district_stratified_buffer_3km', 'min_distance_km': 6.47, 'temporal_anchor': 'empirical_monsoon_distribution'}",2258.0,37.48,358.75,4.13,17.23,,,,,,,,,,,
BG-NER-0117,0,background,DISTRICT_STRATIFIED_BUFFERED_REFERENCE,STRATIFIED_BUFFER_SELECTION,2010-08-14,Nagaland,26.13228,94.72054,None (Background Reference),0,NASA_USGS_SRTM_30m,NASA_POWER_PRECTOTCORR_Daily,ISRIC_SoilGrids_2.0_Unavailable,ESA_WorldCover_Tile_Unavailable,"{'selection_method': 'district_stratified_buffer_3km', 'min_distance_km': 4.22, 'temporal_anchor': 'empirical_monsoon_distribution'}",1871.0,24.86,142.31,11.86,53.09,,,,,,,,,,,
BG-NER-0118,0,background,DISTRICT_STRATIFIED_BUFFERED_REFERENCE,STRATIFIED_BUFFER_SELECTION,2013-07-15,Nagaland,26.05327,94.99662,None (Background Reference),0,NASA_USGS_SRTM_30m,NASA_POWER_PRECTOTCORR_Daily,ISRIC_SoilGrids_2.0_Unavailable,ESA_WorldCover_Tile_Unavailable,"{'selection_method': 'district_stratified_buffer_3km', 'min_distance_km': 18.67, 'temporal_anchor': 'empirical_monsoon_distribution'}",1820.0,31.22,121.5,8.07,31.88,,,,,,,,,,,
BG-NER-0119,0,background,DISTRICT_STRATIFIED_BUFFERED_REFERENCE,STRATIFIED_BUFFER_SELECTION,2011-07-11,Nagaland,26.66996,93.88893,None (Background Reference),0,NASA_USGS_SRTM_30m,NASA_POWER_PRECTOTCORR_Daily,ISRIC_SoilGrids_2.0_Unavailable,ESA_WorldCover_Tile_Unavailable,"{'selection_method': 'district_stratified_buffer_3km', 'min_distance_km': 40.16, 'temporal_anchor': 'empirical_monsoon_distribution'}",86.0,1.91,90.0,0.45,4.48,,,,,,,,,,,
BG-NER-0120,0,background,DISTRICT_STRATIFIED_BUFFERED_REFERENCE,STRATIFIED_BUFFER_SELECTION,2007-09-09,Nagaland,25.91769,94.59652,None (Background Reference),0,NASA_USGS_SRTM_30m,NASA_POWER_PRECTOTCORR_Daily,ISRIC_SoilGrids_2.0_Unavailable,ESA_WorldCover_Tile_Unavailable,"{'selection_method': 'district_stratified_buffer_3km', 'min_distance_km': 4.49, 'temporal_anchor': 'empirical_monsoon_distribution'}",1092.0,40.32,19.5,10.14,43.03,,,,,,,,,,,
BG-NER-0121,0,background,DISTRICT_STRATIFIED_BUFFERED_REFERENCE,STRATIFIED_BUFFER_SELECTION,2013-08-04,Nagaland,26.48072,94.0632,None (Background Reference),0,NASA_USGS_SRTM_30m,NASA_POWER_PRECTOTCORR_Daily,ISRIC_SoilGrids_2.0_Unavailable,ESA_WorldCover_Tile_Unavailable,"{'selection_method': 'district_stratified_buffer_3km', 'min_distance_km': 39.2, 'temporal_anchor': 'empirical_monsoon_distribution'}",95.0,2.13,296.57,5.53,15.66,,,,,,,,,,,
BG-NER-0122,0,background,DISTRICT_STRATIFIED_BUFFERED_REFERENCE,STRATIFIED_BUFFER_SELECTION,2011-06-20,Nagaland,26.03763,95.12531,None (Background Reference),0,NASA_USGS_SRTM_30m,NASA_POWER_PRECTOTCORR_Daily,ISRIC_SoilGrids_2.0_Unavailable,ESA_WorldCover_Tile_Unavailable,"{'selection_method': 'district_stratified_buffer_3km', 'min_distance_km': 29.33, 'temporal_anchor': 'empirical_monsoon_distribution'}",2132.0,32.11,349.29,3.85,18.97,,,,,,,,,,,
BG-NER-0123,0,background,DISTRICT_STRATIFIED_BUFFERED_REFERENCE,STRATIFIED_BUFFER_SELECTION,2013-06-07,Nagaland,26.83504,93.57939,None (Background Reference),0,NASA_USGS_SRTM_30m,NASA_POWER_PRECTOTCORR_Daily,ISRIC_SoilGrids_2.0_Unavailable,ESA_WorldCover_Tile_Unavailable,"{'selection_method': 'district_stratified_buffer_3km', 'min_distance_km': 23.58, 'temporal_anchor': 'empirical_monsoon_distribution'}",81.0,2.13,243.43,11.73,35.92,,,,,,,,,,,
BG-NER-0124,0,background,DISTRICT_STRATIFIED_BUFFERED_REFERENCE,STRATIFIED_BUFFER_SELECTION,2013-08-16,Nagaland,26.53401,94.30464,None (Background Reference),0,NASA_USGS_SRTM_30m,NASA_POWER_PRECTOTCORR_Daily,ISRIC_SoilGrids_2.0_Unavailable,ESA_WorldCover_Tile_Unavailable,"{'selection_method': 'district_stratified_buffer_3km', 'min_distance_km': 31.63, 'temporal_anchor': 'empirical_monsoon_distribution'}",243.0,18.17,246.04,23.37,41.2,,,,,,,,,,,
BG-NER-0125,0,background,DISTRICT_STRATIFIED_BUFFERED_REFERENCE,STRATIFIED_BUFFER_SELECTION,2010-08-13,Nagaland,26.1526,93.68272,None (Background Reference),0,NASA_USGS_SRTM_30m,NASA_POWER_PRECTOTCORR_Daily,ISRIC_SoilGrids_2.0_Unavailable,ESA_WorldCover_Tile_Unavailable,"{'selection_method': 'district_stratified_buffer_3km', 'min_distance_km': 44.17, 'temporal_anchor': 'empirical_monsoon_distribution'}",260.0,27.63,99.16,13.3,17.53,,,,,,,,,,,
BG-NER-0126,0,background,DISTRICT_STRATIFIED_BUFFERED_REFERENCE,STRATIFIED_BUFFER_SELECTION,2013-08-04,Nagaland,26.60964,93.58425,None (Background Reference),0,NASA_USGS_SRTM_30m,NASA_POWER_PRECTOTCORR_Daily,ISRIC_SoilGrids_2.0_Unavailable,ESA_WorldCover_Tile_Unavailable,"{'selection_method': 'district_stratified_buffer_3km', 'min_distance_km': 45.78, 'temporal_anchor': 'empirical_monsoon_distribution'}",89.0,0.95,0.0,3.46,20.48,,,,,,,,,,,
BG-NER-0127,0,background,DISTRICT_STRATIFIED_BUFFERED_REFERENCE,STRATIFIED_BUFFER_SELECTION,2013-08-16,Nagaland,26.51075,93.44643,None (Background Reference),0,NASA_USGS_SRTM_30m,NASA_POWER_PRECTOTCORR_Daily,ISRIC_SoilGrids_2.0_Unavailable,ESA_WorldCover_Tile_Unavailable,"{'selection_method': 'district_stratified_buffer_3km', 'min_distance_km': 44.77, 'temporal_anchor': 'empirical_monsoon_distribution'}",208.0,13.42,245.22,13.19,31.83,,,,,,,,,,,
BG-NER-0128,0,background,DISTRICT_STRATIFIED_BUFFERED_REFERENCE,STRATIFIED_BUFFER_SELECTION,2010-10-09,Nagaland,25.24322,94.55471,None (Background Reference),0,NASA_USGS_SRTM_30m,NASA_POWER_PRECTOTCORR_Daily,ISRIC_SoilGrids_2.0_Unavailable,ESA_WorldCover_Tile_Unavailable,"{'selection_method': 'district_stratified_buffer_3km', 'min_distance_km': 10.38, 'temporal_anchor': 'empirical_monsoon_distribution'}",1699.0,30.25,149.04,19.97,126.29,,,,,,,,,,,
BG-NER-0129,0,background,DISTRICT_STRATIFIED_BUFFERED_REFERENCE,STRATIFIED_BUFFER_SELECTION,2010-07-06,Nagaland,25.72725,94.18863,None (Background Reference),0,NASA_USGS_SRTM_30m,NASA_POWER_PRECTOTCORR_Daily,ISRIC_SoilGrids_2.0_Unavailable,ESA_WorldCover_Tile_Unavailable,"{'selection_method': 'district_stratified_buffer_3km', 'min_distance_km': 9.02, 'temporal_anchor': 'empirical_monsoon_distribution'}",1010.0,21.94,204.44,4.5,20.02,,,,,,,,,,,
BG-NER-0130,0,background,DISTRICT_STRATIFIED_BUFFERED_REFERENCE,STRATIFIED_BUFFER_SELECTION,2013-08-15,Nagaland,26.12839,94.54953,None (Background Reference),0,NASA_USGS_SRTM_30m,NASA_POWER_PRECTOTCORR_Daily,ISRIC_SoilGrids_2.0_Unavailable,ESA_WorldCover_Tile_Unavailable,"{'selection_method': 'district_stratified_buffer_3km', 'min_distance_km': 5.16, 'temporal_anchor': 'empirical_monsoon_distribution'}",1541.0,25.89,15.95,3.85,54.8,,,,,,,,,,,
BG-NER-0131,0,background,DISTRICT_STRATIFIED_BUFFERED_REFERENCE,STRATIFIED_BUFFER_SELECTION,2010-07-19,Nagaland,25.50044,94.77639,None (Background Reference),0,NASA_USGS_SRTM_30m,NASA_POWER_PRECTOTCORR_Daily,ISRIC_SoilGrids_2.0_Unavailable,ESA_WorldCover_Tile_Unavailable,"{'selection_method': 'district_stratified_buffer_3km', 'min_distance_km': 19.33, 'temporal_anchor': 'empirical_monsoon_distribution'}",2229.0,34.25,111.54,12.22,30.75,,,,,,,,,,,
BG-NER-0132,0,background,DISTRICT_STRATIFIED_BUFFERED_REFERENCE,STRATIFIED_BUFFER_SELECTION,2013-08-09,Nagaland,26.8959,94.02332,None (Background Reference),0,NASA_USGS_SRTM_30m,NASA_POWER_PRECTOTCORR_Daily,ISRIC_SoilGrids_2.0_Unavailable,ESA_WorldCover_Tile_Unavailable,"{'selection_method': 'district_stratified_buffer_3km', 'min_distance_km': 29.79, 'temporal_anchor': 'empirical_monsoon_distribution'}",84.0,2.86,180.0,2.99,51.52,,,,,,,,,,,
BG-NER-0133,0,background,DISTRICT_STRATIFIED_BUFFERED_REFERENCE,STRATIFIED_BUFFER_SELECTION,2013-06-07,Nagaland,26.77164,93.478,None (Background Reference),0,NASA_USGS_SRTM_30m,NASA_POWER_PRECTOTCORR_Daily,ISRIC_SoilGrids_2.0_Unavailable,ESA_WorldCover_Tile_Unavailable,"{'selection_method': 'district_stratified_buffer_3km', 'min_distance_km': 35.53, 'temporal_anchor': 'empirical_monsoon_distribution'}",63.0,0.0,0.0,11.73,35.92,,,,,,,,,,,
BG-NER-0134,0,background,DISTRICT_STRATIFIED_BUFFERED_REFERENCE,STRATIFIED_BUFFER_SELECTION,2010-08-17,Nagaland,25.58197,94.01031,None (Background Reference),0,NASA_USGS_SRTM_30m,NASA_POWER_PRECTOTCORR_Daily,ISRIC_SoilGrids_2.0_Unavailable,ESA_WorldCover_Tile_Unavailable,"{'selection_method': 'district_stratified_buffer_3km', 'min_distance_km': 9.38, 'temporal_anchor': 'empirical_monsoon_distribution'}",2520.0,8.1,69.44,8.85,24.67,,,,,,,,,,,
BG-NER-0135,0,background,DISTRICT_STRATIFIED_BUFFERED_REFERENCE,STRATIFIED_BUFFER_SELECTION,2010-07-06,Nagaland,25.36831,94.88677,None (Background Reference),0,NASA_USGS_SRTM_30m,NASA_POWER_PRECTOTCORR_Daily,ISRIC_SoilGrids_2.0_Unavailable,ESA_WorldCover_Tile_Unavailable,"{'selection_method': 'district_stratified_buffer_3km', 'min_distance_km': 29.28, 'temporal_anchor': 'empirical_monsoon_distribution'}",1209.0,34.99,180.0,5.42,21.74,,,,,,,,,,,
BG-NER-0136,0,background,DISTRICT_STRATIFIED_BUFFERED_REFERENCE,STRATIFIED_BUFFER_SELECTION,2015-08-19,Nagaland,26.93232,93.57477,None (Background Reference),0,NASA_USGS_SRTM_30m,NASA_POWER_PRECTOTCORR_Daily,ISRIC_SoilGrids_2.0_Unavailable,ESA_WorldCover_Tile_Unavailable,"{'selection_method': 'district_stratified_buffer_3km', 'min_distance_km': 16.94, 'temporal_anchor': 'empirical_monsoon_distribution'}",100.0,3.02,161.57,20.54,56.13,,,,,,,,,,,
BG-NER-0137,0,background,DISTRICT_STRATIFIED_BUFFERED_REFERENCE,STRATIFIED_BUFFER_SELECTION,2008-08-07,Nagaland,26.80528,93.98314,None (Background Reference),0,NASA_USGS_SRTM_30m,NASA_POWER_PRECTOTCORR_Daily,ISRIC_SoilGrids_2.0_Unavailable,ESA_WorldCover_Tile_Unavailable,"{'selection_method': 'district_stratified_buffer_3km', 'min_distance_km': 33.43, 'temporal_anchor': 'empirical_monsoon_distribution'}",83.0,1.35,45.0,3.14,59.6,,,,,,,,,,,
BG-NER-0138,0,background,DISTRICT_STRATIFIED_BUFFERED_REFERENCE,STRATIFIED_BUFFER_SELECTION,2007-08-28,Nagaland,26.38282,93.35736,None (Background Reference),0,NASA_USGS_SRTM_30m,NASA_POWER_PRECTOTCORR_Daily,ISRIC_SoilGrids_2.0_Unavailable,ESA_WorldCover_Tile_Unavailable,"{'selection_method': 'district_stratified_buffer_3km', 'min_distance_km': 41.67, 'temporal_anchor': 'empirical_monsoon_distribution'}",459.0,27.9,28.18,2.28,20.92,,,,,,,,,,,
BG-NER-0139,0,background,DISTRICT_STRATIFIED_BUFFERED_REFERENCE,STRATIFIED_BUFFER_SELECTION,2015-06-24,Nagaland,26.14585,94.19985,None (Background Reference),0,NASA_USGS_SRTM_30m,NASA_POWER_PRECTOTCORR_Daily,ISRIC_SoilGrids_2.0_Unavailable,ESA_WorldCover_Tile_Unavailable,"{'selection_method': 'district_stratified_buffer_3km', 'min_distance_km': 5.05, 'temporal_anchor': 'empirical_monsoon_distribution'}",362.0,18.52,275.71,13.93,42.27,,,,,,,,,,,
BG-NER-0140,0,background,DISTRICT_STRATIFIED_BUFFERED_REFERENCE,STRATIFIED_BUFFER_SELECTION,2010-10-08,Nagaland,25.98153,93.87935,None (Background Reference),0,NASA_USGS_SRTM_30m,NASA_POWER_PRECTOTCORR_Daily,ISRIC_SoilGrids_2.0_Unavailable,ESA_WorldCover_Tile_Unavailable,"{'selection_method': 'district_stratified_buffer_3km', 'min_distance_km': 24.48, 'temporal_anchor': 'empirical_monsoon_distribution'}",147.0,1.35,315.0,39.08,59.96,,,,,,,,,,,
BG-NER-0141,0,background,DISTRICT_STRATIFIED_BUFFERED_REFERENCE,STRATIFIED_BUFFER_SELECTION,2011-07-29,Nagaland,25.64757,95.06756,None (Background Reference),0,NASA_USGS_SRTM_30m,NASA_POWER_PRECTOTCORR_Daily,ISRIC_SoilGrids_2.0_Unavailable,ESA_WorldCover_Tile_Unavailable,"{'selection_method': 'district_stratified_buffer_3km', 'min_distance_km': 37.64, 'temporal_anchor': 'empirical_monsoon_distribution'}",1778.0,29.54,28.07,4.96,15.73,,,,,,,,,,,
BG-NER-0142,0,background,DISTRICT_STRATIFIED_BUFFERED_REFERENCE,STRATIFIED_BUFFER_SELECTION,2016-06-14,Nagaland,25.47748,94.73855,None (Background Reference),0,NASA_USGS_SRTM_30m,NASA_POWER_PRECTOTCORR_Daily,ISRIC_SoilGrids_2.0_Unavailable,ESA_WorldCover_Tile_Unavailable,"{'selection_method': 'district_stratified_buffer_3km', 'min_distance_km': 14.82, 'temporal_anchor': 'empirical_monsoon_distribution'}",2227.0,37.64,276.2,1.13,13.99,,,,,,,,,,,
BG-NER-0143,0,background,DISTRICT_STRATIFIED_BUFFERED_REFERENCE,STRATIFIED_BUFFER_SELECTION,2011-08-18,Nagaland,25.86522,94.43782,None (Background Reference),0,NASA_USGS_SRTM_30m,NASA_POWER_PRECTOTCORR_Daily,ISRIC_SoilGrids_2.0_Unavailable,ESA_WorldCover_Tile_Unavailable,"{'selection_method': 'district_stratified_buffer_3km', 'min_distance_km': 9.1, 'temporal_anchor': 'empirical_monsoon_distribution'}",1762.0,16.8,186.34,4.67,37.16,,,,,,,,,,,
BG-NER-0144,0,background,DISTRICT_STRATIFIED_BUFFERED_REFERENCE,STRATIFIED_BUFFER_SELECTION,2013-08-04,Nagaland,26.34938,94.59568,None (Background Reference),0,NASA_USGS_SRTM_30m,NASA_POWER_PRECTOTCORR_Daily,ISRIC_SoilGrids_2.0_Unavailable,ESA_WorldCover_Tile_Unavailable,"{'selection_method': 'district_stratified_buffer_3km', 'min_distance_km': 4.77, 'temporal_anchor': 'empirical_monsoon_distribution'}",814.0,12.05,308.66,5.53,15.66,,,,,,,,,,,
BG-NER-0145,0,background,DISTRICT_STRATIFIED_BUFFERED_REFERENCE,STRATIFIED_BUFFER_SELECTION,2010-07-06,Nagaland,25.71036,94.87901,None (Background Reference),0,NASA_USGS_SRTM_30m,NASA_POWER_PRECTOTCORR_Daily,ISRIC_SoilGrids_2.0_Unavailable,ESA_WorldCover_Tile_Unavailable,"{'selection_method': 'district_stratified_buffer_3km', 'min_distance_km': 20.14, 'temporal_anchor': 'empirical_monsoon_distribution'}",1157.0,35.0,128.23,5.42,21.74,,,,,,,,,,,
BG-NER-0146,0,background,DISTRICT_STRATIFIED_BUFFERED_REFERENCE,STRATIFIED_BUFFER_SELECTION,2008-08-19,Nagaland,26.28948,93.71421,None (Background Reference),0,NASA_USGS_SRTM_30m,NASA_POWER_PRECTOTCORR_Daily,ISRIC_SoilGrids_2.0_Unavailable,ESA_WorldCover_Tile_Unavailable,"{'selection_method': 'district_stratified_buffer_3km', 'min_distance_km': 54.57, 'temporal_anchor': 'empirical_monsoon_distribution'}",486.0,14.76,145.3,34.27,69.64,,,,,,,,,,,
BG-NER-0147,0,background,DISTRICT_STRATIFIED_BUFFERED_REFERENCE,STRATIFIED_BUFFER_SELECTION,2010-06-15,Nagaland,25.65713,94.05122,None (Background Reference),0,NASA_USGS_SRTM_30m,NASA_POWER_PRECTOTCORR_Daily,ISRIC_SoilGrids_2.0_Unavailable,ESA_WorldCover_Tile_Unavailable,"{'selection_method': 'district_stratified_buffer_3km', 'min_distance_km': 5.04, 'temporal_anchor': 'empirical_monsoon_distribution'}",1407.0,30.26,180.0,17.93,36.6,,,,,,,,,,,
BG-NER-0148,0,background,DISTRICT_STRATIFIED_BUFFERED_REFERENCE,STRATIFIED_BUFFER_SELECTION,2013-07-12,Nagaland,25.29852,94.5591,None (Background Reference),0,NASA_USGS_SRTM_30m,NASA_POWER_PRECTOTCORR_Daily,ISRIC_SoilGrids_2.0_Unavailable,ESA_WorldCover_Tile_Unavailable,"{'selection_method': 'district_stratified_buffer_3km', 'min_distance_km': 7.79, 'temporal_anchor': 'empirical_monsoon_distribution'}",1572.0,16.0,305.54,18.68,107.07,,,,,,,,,,,
BG-NER-0149,0,background,DISTRICT_STRATIFIED_BUFFERED_REFERENCE,STRATIFIED_BUFFER_SELECTION,2013-08-16,Nagaland,25.76966,94.66846,None (Background Reference),0,NASA_USGS_SRTM_30m,NASA_POWER_PRECTOTCORR_Daily,ISRIC_SoilGrids_2.0_Unavailable,ESA_WorldCover_Tile_Unavailable,"{'selection_method': 'district_stratified_buffer_3km', 'min_distance_km': 7.23, 'temporal_anchor': 'empirical_monsoon_distribution'}",1117.0,31.46,60.64,19.12,49.77,,,,,,,,,,,
BG-NER-0150,0,background,DISTRICT_STRATIFIED_BUFFERED_REFERENCE,STRATIFIED_BUFFER_SELECTION,2016-04-19,Nagaland,26.53224,93.70694,None (Background Reference),0,NASA_USGS_SRTM_30m,NASA_POWER_PRECTOTCORR_Daily,ISRIC_SoilGrids_2.0_Unavailable,ESA_WorldCover_Tile_Unavailable,"{'selection_method': 'district_stratified_buffer_3km', 'min_distance_km': 52.17, 'temporal_anchor': 'empirical_monsoon_distribution'}",184.0,14.54,135.0,13.19,41.79,,,,,,,,,,,
BG-NER-0151,0,background,DISTRICT_STRATIFIED_BUFFERED_REFERENCE,STRATIFIED_BUFFER_SELECTION,2013-08-04,Nagaland,26.76519,95.02241,None (Background Reference),0,NASA_USGS_SRTM_30m,NASA_POWER_PRECTOTCORR_Daily,ISRIC_SoilGrids_2.0_Unavailable,ESA_WorldCover_Tile_Unavailable,"{'selection_method': 'district_stratified_buffer_3km', 'min_distance_km': 4.77, 'temporal_anchor': 'empirical_monsoon_distribution'}",515.0,4.26,296.57,7.48,8.99,,,,,,,,,,,
BG-NER-0152,0,background,DISTRICT_STRATIFIED_BUFFERED_REFERENCE,STRATIFIED_BUFFER_SELECTION,2013-08-04,Nagaland,25.90972,93.34873,None (Background Reference),0,NASA_USGS_SRTM_30m,NASA_POWER_PRECTOTCORR_Daily,ISRIC_SoilGrids_2.0_Unavailable,ESA_WorldCover_Tile_Unavailable,"{'selection_method': 'district_stratified_buffer_3km', 'min_distance_km': 44.19, 'temporal_anchor': 'empirical_monsoon_distribution'}",250.0,10.43,95.19,3.59,18.01,,,,,,,,,,,
BG-NER-0153,0,background,DISTRICT_STRATIFIED_BUFFERED_REFERENCE,STRATIFIED_BUFFER_SELECTION,2014-09-08,Nagaland,26.57,94.36935,None (Background Reference),0,NASA_USGS_SRTM_30m,NASA_POWER_PRECTOTCORR_Daily,ISRIC_SoilGrids_2.0_Unavailable,ESA_WorldCover_Tile_Unavailable,"{'selection_method': 'district_stratified_buffer_3km', 'min_distance_km': 31.36, 'temporal_anchor': 'empirical_monsoon_distribution'}",217.0,10.05,131.19,4.4,26.49,,,,,,,,,,,
BG-NER-0154,0,background,DISTRICT_STRATIFIED_BUFFERED_REFERENCE,STRATIFIED_BUFFER_SELECTION,2011-06-28,Nagaland,26.22733,93.3117,None (Background Reference),0,NASA_USGS_SRTM_30m,NASA_POWER_PRECTOTCORR_Daily,ISRIC_SoilGrids_2.0_Unavailable,ESA_WorldCover_Tile_Unavailable,"{'selection_method': 'district_stratified_buffer_3km', 'min_distance_km': 50.1, 'temporal_anchor': 'empirical_monsoon_distribution'}",745.0,11.5,214.99,7.45,59.29,,,,,,,,,,,
BG-NER-0155,0,background,DISTRICT_STRATIFIED_BUFFERED_REFERENCE,STRATIFIED_BUFFER_SELECTION,2013-08-15,Nagaland,26.01248,94.46519,None (Background Reference),0,NASA_USGS_SRTM_30m,NASA_POWER_PRECTOTCORR_Daily,ISRIC_SoilGrids_2.0_Unavailable,ESA_WorldCover_Tile_Unavailable,"{'selection_method': 'district_stratified_buffer_3km', 'min_distance_km': 3.97, 'temporal_anchor': 'empirical_monsoon_distribution'}",835.0,20.81,105.26,3.85,54.8,,,,,,,,,,,
BG-NER-0156,0,background,DISTRICT_STRATIFIED_BUFFERED_REFERENCE,STRATIFIED_BUFFER_SELECTION,2011-07-11,Nagaland,25.72309,93.74089,None (Background Reference),0,NASA_USGS_SRTM_30m,NASA_POWER_PRECTOTCORR_Daily,ISRIC_SoilGrids_2.0_Unavailable,ESA_WorldCover_Tile_Unavailable,"{'selection_method': 'district_stratified_buffer_3km', 'min_distance_km': 8.5, 'temporal_anchor': 'empirical_monsoon_distribution'}",335.0,19.79,256.61,0.03,3.61,,,,,,,,,,,
BG-NER-0157,0,background,DISTRICT_STRATIFIED_BUFFERED_REFERENCE,STRATIFIED_BUFFER_SELECTION,2010-10-09,Nagaland,25.79597,93.41247,None (Background Reference),0,NASA_USGS_SRTM_30m,NASA_POWER_PRECTOTCORR_Daily,ISRIC_SoilGrids_2.0_Unavailable,ESA_WorldCover_Tile_Unavailable,"{'selection_method': 'district_stratified_buffer_3km', 'min_distance_km': 31.93, 'temporal_anchor': 'empirical_monsoon_distribution'}",202.0,3.02,71.57,17.0,72.26,,,,,,,,,,,
BG-NER-0158,0,background,DISTRICT_STRATIFIED_BUFFERED_REFERENCE,STRATIFIED_BUFFER_SELECTION,2007-10-19,Nagaland,26.78514,94.44406,None (Background Reference),0,NASA_USGS_SRTM_30m,NASA_POWER_PRECTOTCORR_Daily,ISRIC_SoilGrids_2.0_Unavailable,ESA_WorldCover_Tile_Unavailable,"{'selection_method': 'district_stratified_buffer_3km', 'min_distance_km': 26.08, 'temporal_anchor': 'empirical_monsoon_distribution'}",104.0,1.35,315.0,4.98,8.47,,,,,,,,,,,
BG-NER-0159,0,background,DISTRICT_STRATIFIED_BUFFERED_REFERENCE,STRATIFIED_BUFFER_SELECTION,2013-07-17,Nagaland,25.33426,93.45889,None (Background Reference),0,NASA_USGS_SRTM_30m,NASA_POWER_PRECTOTCORR_Daily,ISRIC_SoilGrids_2.0_Unavailable,ESA_WorldCover_Tile_Unavailable,"{'selection_method': 'district_stratified_buffer_3km', 'min_distance_km': 22.11, 'temporal_anchor': 'empirical_monsoon_distribution'}",1640.0,37.04,186.34,3.58,30.46,,,,,,,,,,,
BG-NER-0160,0,background,DISTRICT_STRATIFIED_BUFFERED_REFERENCE,STRATIFIED_BUFFER_SELECTION,2007-10-19,Nagaland,25.425,93.57677,None (Background Reference),0,NASA_USGS_SRTM_30m,NASA_POWER_PRECTOTCORR_Daily,ISRIC_SoilGrids_2.0_Unavailable,ESA_WorldCover_Tile_Unavailable,"{'selection_method': 'district_stratified_buffer_3km', 'min_distance_km': 23.72, 'temporal_anchor': 'empirical_monsoon_distribution'}",1287.0,50.62,139.99,4.73,6.43,,,,,,,,,,,
BG-NER-0161,0,background,DISTRICT_STRATIFIED_BUFFERED_REFERENCE,STRATIFIED_BUFFER_SELECTION,2010-07-31,Manipur,25.29239,93.54276,None (Background Reference),0,NASA_USGS_SRTM_30m,NASA_POWER_PRECTOTCORR_Daily,ISRIC_SoilGrids_2.0_Unavailable,ESA_WorldCover_Tile_Unavailable,"{'selection_method': 'district_stratified_buffer_3km', 'min_distance_km': 20.12, 'temporal_anchor': 'empirical_monsoon_distribution'}",1463.0,28.0,122.2,7.83,48.14,,,,,,,,,,,
BG-NER-0162,0,background,DISTRICT_STRATIFIED_BUFFERED_REFERENCE,STRATIFIED_BUFFER_SELECTION,2015-08-01,Manipur,24.57904,94.26012,None (Background Reference),0,NASA_USGS_SRTM_30m,NASA_POWER_PRECTOTCORR_Daily,ISRIC_SoilGrids_2.0_Unavailable,ESA_WorldCover_Tile_Unavailable,"{'selection_method': 'district_stratified_buffer_3km', 'min_distance_km': 18.34, 'temporal_anchor': 'empirical_monsoon_distribution'}",865.0,20.85,66.8,3.7,100.7,,,,,,,,,,,
BG-NER-0163,0,background,DISTRICT_STRATIFIED_BUFFERED_REFERENCE,STRATIFIED_BUFFER_SELECTION,2015-08-01,Manipur,24.69743,94.46197,None (Background Reference),0,NASA_USGS_SRTM_30m,NASA_POWER_PRECTOTCORR_Daily,ISRIC_SoilGrids_2.0_Unavailable,ESA_WorldCover_Tile_Unavailable,"{'selection_method': 'district_stratified_buffer_3km', 'min_distance_km': 17.3, 'temporal_anchor': 'empirical_monsoon_distribution'}",723.0,19.37,174.56,3.7,100.7,,,,,,,,,,,
BG-NER-0164,0,background,DISTRICT_STRATIFIED_BUFFERED_REFERENCE,STRATIFIED_BUFFER_SELECTION,2007-08-31,Manipur,24.35187,93.35024,None (Background Reference),0,NASA_USGS_SRTM_30m,NASA_POWER_PRECTOTCORR_Daily,ISRIC_SoilGrids_2.0_Unavailable,ESA_WorldCover_Tile_Unavailable,"{'selection_method': 'district_stratified_buffer_3km', 'min_distance_km': 23.36, 'temporal_anchor': 'empirical_monsoon_distribution'}",299.0,3.93,75.96,1.07,5.81,,,,,,,,,,,
BG-NER-0165,0,background,DISTRICT_STRATIFIED_BUFFERED_REFERENCE,STRATIFIED_BUFFER_SELECTION,2015-07-22,Manipur,25.23453,93.39511,None (Background Reference),0,NASA_USGS_SRTM_30m,NASA_POWER_PRECTOTCORR_Daily,ISRIC_SoilGrids_2.0_Unavailable,ESA_WorldCover_Tile_Unavailable,"{'selection_method': 'district_stratified_buffer_3km', 'min_distance_km': 14.92, 'temporal_anchor': 'empirical_monsoon_distribution'}",1007.0,36.25,0.0,18.11,52.6,,,,,,,,,,,
BG-NER-0166,0,background,DISTRICT_STRATIFIED_BUFFERED_REFERENCE,STRATIFIED_BUFFER_SELECTION,2015-08-01,Manipur,24.94267,94.73385,None (Background Reference),0,NASA_USGS_SRTM_30m,NASA_POWER_PRECTOTCORR_Daily,ISRIC_SoilGrids_2.0_Unavailable,ESA_WorldCover_Tile_Unavailable,"{'selection_method': 'district_stratified_buffer_3km', 'min_distance_km': 26.25, 'temporal_anchor': 'empirical_monsoon_distribution'}",1177.0,29.58,176.63,0.38,83.35,,,,,,,,,,,
BG-NER-0167,0,background,DISTRICT_STRATIFIED_BUFFERED_REFERENCE,STRATIFIED_BUFFER_SELECTION,2015-08-01,Manipur,23.97028,93.37354,None (Background Reference),0,NASA_USGS_SRTM_30m,NASA_POWER_PRECTOTCORR_Daily,ISRIC_SoilGrids_2.0_Unavailable,ESA_WorldCover_Tile_Unavailable,"{'selection_method': 'district_stratified_buffer_3km', 'min_distance_km': 35.6, 'temporal_anchor': 'empirical_monsoon_distribution'}",1136.0,20.81,344.74,10.71,88.0,,,,,,,,,,,
BG-NER-0168,0,background,DISTRICT_STRATIFIED_BUFFERED_REFERENCE,STRATIFIED_BUFFER_SELECTION,2010-06-07,Manipur,24.42871,93.23145,None (Background Reference),0,NASA_USGS_SRTM_30m,NASA_POWER_PRECTOTCORR_Daily,ISRIC_SoilGrids_2.0_Unavailable,ESA_WorldCover_Tile_Unavailable,"{'selection_method': 'district_stratified_buffer_3km', 'min_distance_km': 17.31, 'temporal_anchor': 'empirical_monsoon_distribution'}",251.0,25.96,51.95,7.9,41.36,,,,,,,,,,,
BG-NER-0169,0,background,DISTRICT_STRATIFIED_BUFFERED_REFERENCE,STRATIFIED_BUFFER_SELECTION,2007-09-10,Manipur,25.5012,94.31666,None (Background Reference),0,NASA_USGS_SRTM_30m,NASA_POWER_PRECTOTCORR_Daily,ISRIC_SoilGrids_2.0_Unavailable,ESA_WorldCover_Tile_Unavailable,"{'selection_method': 'district_stratified_buffer_3km', 'min_distance_km': 8.45, 'temporal_anchor': 'empirical_monsoon_distribution'}",1645.0,29.12,141.07,3.97,25.52,,,,,,,,,,,
BG-NER-0170,0,background,DISTRICT_STRATIFIED_BUFFERED_REFERENCE,STRATIFIED_BUFFER_SELECTION,2015-07-24,Manipur,23.9809,94.51634,None (Background Reference),0,NASA_USGS_SRTM_30m,NASA_POWER_PRECTOTCORR_Daily,ISRIC_SoilGrids_2.0_Unavailable,ESA_WorldCover_Tile_Unavailable,"{'selection_method': 'district_stratified_buffer_3km', 'min_distance_km': 38.98, 'temporal_anchor': 'empirical_monsoon_distribution'}",370.0,6.02,108.43,5.76,23.84,,,,,,,,,,,
BG-NER-0171,0,background,DISTRICT_STRATIFIED_BUFFERED_REFERENCE,STRATIFIED_BUFFER_SELECTION,2015-08-01,Manipur,24.88293,94.67324,None (Background Reference),0,NASA_USGS_SRTM_30m,NASA_POWER_PRECTOTCORR_Daily,ISRIC_SoilGrids_2.0_Unavailable,ESA_WorldCover_Tile_Unavailable,"{'selection_method': 'district_stratified_buffer_3km', 'min_distance_km': 20.15, 'temporal_anchor': 'empirical_monsoon_distribution'}",417.0,28.41,236.31,4.9,104.34,,,,,,,,,,,
BG-NER-0172,0,background,DISTRICT_STRATIFIED_BUFFERED_REFERENCE,STRATIFIED_BUFFER_SELECTION,2015-07-31,Manipur,24.23867,93.24041,None (Background Reference),0,NASA_USGS_SRTM_30m,NASA_POWER_PRECTOTCORR_Daily,ISRIC_SoilGrids_2.0_Unavailable,ESA_WorldCover_Tile_Unavailable,"{'selection_method': 'district_stratified_buffer_3km', 'min_distance_km': 13.94, 'temporal_anchor': 'empirical_monsoon_distribution'}",1143.0,38.33,55.3,53.72,79.27,,,,,,,,,,,
BG-NER-0173,0,background,DISTRICT_STRATIFIED_BUFFERED_REFERENCE,STRATIFIED_BUFFER_SELECTION,2015-08-01,Manipur,24.59403,94.23123,None (Background Reference),0,NASA_USGS_SRTM_30m,NASA_POWER_PRECTOTCORR_Daily,ISRIC_SoilGrids_2.0_Unavailable,ESA_WorldCover_Tile_Unavailable,"{'selection_method': 'district_stratified_buffer_3km', 'min_distance_km': 19.06, 'temporal_anchor': 'empirical_monsoon_distribution'}",693.0,36.37,264.81,3.7,100.7,,,,,,,,,,,
BG-NER-0174,0,background,DISTRICT_STRATIFIED_BUFFERED_REFERENCE,STRATIFIED_BUFFER_SELECTION,2010-07-29,Manipur,24.55117,93.72689,None (Background Reference),0,NASA_USGS_SRTM_30m,NASA_POWER_PRECTOTCORR_Daily,ISRIC_SoilGrids_2.0_Unavailable,ESA_WorldCover_Tile_Unavailable,"{'selection_method': 'district_stratified_buffer_3km', 'min_distance_km': 24.33, 'temporal_anchor': 'empirical_monsoon_distribution'}",886.0,15.04,172.87,19.2,36.31,,,,,,,,,,,
BG-NER-0175,0,background,DISTRICT_STRATIFIED_BUFFERED_REFERENCE,STRATIFIED_BUFFER_SELECTION,2010-06-07,Manipur,25.07492,93.35093,None (Background Reference),0,NASA_USGS_SRTM_30m,NASA_POWER_PRECTOTCORR_Daily,ISRIC_SoilGrids_2.0_Unavailable,ESA_WorldCover_Tile_Unavailable,"{'selection_method': 'district_stratified_buffer_3km', 'min_distance_km': 3.73, 'temporal_anchor': 'empirical_monsoon_distribution'}",837.0,37.79,351.35,10.55,46.14,,,,,,,,,,,
BG-NER-0176,0,background,DISTRICT_STRATIFIED_BUFFERED_REFERENCE,STRATIFIED_BUFFER_SELECTION,2015-08-01,Manipur,24.41767,94.48825,None (Background Reference),0,NASA_USGS_SRTM_30m,NASA_POWER_PRECTOTCORR_Daily,ISRIC_SoilGrids_2.0_Unavailable,ESA_WorldCover_Tile_Unavailable,"{'selection_method': 'district_stratified_buffer_3km', 'min_distance_km': 16.4, 'temporal_anchor': 'empirical_monsoon_distribution'}",172.0,0.95,0.0,3.7,100.7,,,,,,,,,,,
BG-NER-0177,0,background,DISTRICT_STRATIFIED_BUFFERED_REFERENCE,STRATIFIED_BUFFER_SELECTION,2015-08-01,Manipur,25.37248,94.59278,None (Background Reference),0,NASA_USGS_SRTM_30m,NASA_POWER_PRECTOTCORR_Daily,ISRIC_SoilGrids_2.0_Unavailable,ESA_WorldCover_Tile_Unavailable,"{'selection_method': 'district_stratified_buffer_3km', 'min_distance_km': 6.03, 'temporal_anchor': 'empirical_monsoon_distribution'}",1415.0,29.69,105.26,6.56,85.46,,,,,,,,,,,
BG-NER-0178,0,background,DISTRICT_STRATIFIED_BUFFERED_REFERENCE,STRATIFIED_BUFFER_SELECTION,2010-08-19,Manipur,25.39574,93.41491,None (Background Reference),0,NASA_USGS_SRTM_30m,NASA_POWER_PRECTOTCORR_Daily,ISRIC_SoilGrids_2.0_Unavailable,ESA_WorldCover_Tile_Unavailable,"{'selection_method': 'district_stratified_buffer_3km', 'min_distance_km': 14.05, 'temporal_anchor': 'empirical_monsoon_distribution'}",563.0,8.74,310.6,16.89,42.39,,,,,,,,,,,
BG-NER-0179,0,background,DISTRICT_STRATIFIED_BUFFERED_REFERENCE,STRATIFIED_BUFFER_SELECTION,2015-07-22,Manipur,24.55894,93.31983,None (Background Reference),0,NASA_USGS_SRTM_30m,NASA_POWER_PRECTOTCORR_Daily,ISRIC_SoilGrids_2.0_Unavailable,ESA_WorldCover_Tile_Unavailable,"{'selection_method': 'district_stratified_buffer_3km', 'min_distance_km': 23.35, 'temporal_anchor': 'empirical_monsoon_distribution'}",407.0,16.0,305.54,19.73,51.03,,,,,,,,,,,
BG-NER-0180,0,background,DISTRICT_STRATIFIED_BUFFERED_REFERENCE,STRATIFIED_BUFFER_SELECTION,2007-08-31,Manipur,23.94287,94.72232,None (Background Reference),0,NASA_USGS_SRTM_30m,NASA_POWER_PRECTOTCORR_Daily,ISRIC_SoilGrids_2.0_Unavailable,ESA_WorldCover_Tile_Unavailable,"{'selection_method': 'district_stratified_buffer_3km', 'min_distance_km': 59.05, 'temporal_anchor': 'empirical_monsoon_distribution'}",294.0,7.42,39.81,0.01,0.15,,,,,,,,,,,
BG-NER-0181,0,background,DISTRICT_STRATIFIED_BUFFERED_REFERENCE,STRATIFIED_BUFFER_SELECTION,2015-08-01,Manipur,23.82469,93.89387,None (Background Reference),0,NASA_USGS_SRTM_30m,NASA_POWER_PRECTOTCORR_Daily,ISRIC_SoilGrids_2.0_Unavailable,ESA_WorldCover_Tile_Unavailable,"{'selection_method': 'district_stratified_buffer_3km', 'min_distance_km': 21.84, 'temporal_anchor': 'empirical_monsoon_distribution'}",1272.0,22.88,9.09,5.31,82.66,,,,,,,,,,,
BG-NER-0182,0,background,DISTRICT_STRATIFIED_BUFFERED_REFERENCE,STRATIFIED_BUFFER_SELECTION,2015-08-11,Manipur,24.05178,94.07478,None (Background Reference),0,NASA_USGS_SRTM_30m,NASA_POWER_PRECTOTCORR_Daily,ISRIC_SoilGrids_2.0_Unavailable,ESA_WorldCover_Tile_Unavailable,"{'selection_method': 'district_stratified_buffer_3km', 'min_distance_km': 6.68, 'temporal_anchor': 'empirical_monsoon_distribution'}",1139.0,36.26,68.68,0.36,15.15,,,,,,,,,,,
BG-NER-0183,0,background,DISTRICT_STRATIFIED_BUFFERED_REFERENCE,STRATIFIED_BUFFER_SELECTION,2011-05-31,Manipur,25.12733,94.48502,None (Background Reference),0,NASA_USGS_SRTM_30m,NASA_POWER_PRECTOTCORR_Daily,ISRIC_SoilGrids_2.0_Unavailable,ESA_WorldCover_Tile_Unavailable,"{'selection_method': 'district_stratified_buffer_3km', 'min_distance_km': 8.3, 'temporal_anchor': 'empirical_monsoon_distribution'}",1842.0,39.26,159.72,12.06,41.03,,,,,,,,,,,
BG-NER-0184,0,background,DISTRICT_STRATIFIED_BUFFERED_REFERENCE,STRATIFIED_BUFFER_SELECTION,2015-08-01,Manipur,24.90743,93.62994,None (Background Reference),0,NASA_USGS_SRTM_30m,NASA_POWER_PRECTOTCORR_Daily,ISRIC_SoilGrids_2.0_Unavailable,ESA_WorldCover_Tile_Unavailable,"{'selection_method': 'district_stratified_buffer_3km', 'min_distance_km': 9.51, 'temporal_anchor': 'empirical_monsoon_distribution'}",880.0,25.49,233.53,11.75,108.36,,,,,,,,,,,
BG-NER-0185,0,background,DISTRICT_STRATIFIED_BUFFERED_REFERENCE,STRATIFIED_BUFFER_SELECTION,2010-10-08,Manipur,24.00411,93.29487,None (Background Reference),0,NASA_USGS_SRTM_30m,NASA_POWER_PRECTOTCORR_Daily,ISRIC_SoilGrids_2.0_Unavailable,ESA_WorldCover_Tile_Unavailable,"{'selection_method': 'district_stratified_buffer_3km', 'min_distance_km': 30.44, 'temporal_anchor': 'empirical_monsoon_distribution'}",1060.0,17.78,171.03,89.56,152.67,,,,,,,,,,,
BG-NER-0186,0,background,DISTRICT_STRATIFIED_BUFFERED_REFERENCE,STRATIFIED_BUFFER_SELECTION,2015-08-01,Manipur,24.30635,94.60926,None (Background Reference),0,NASA_USGS_SRTM_30m,NASA_POWER_PRECTOTCORR_Daily,ISRIC_SoilGrids_2.0_Unavailable,ESA_WorldCover_Tile_Unavailable,"{'selection_method': 'district_stratified_buffer_3km', 'min_distance_km': 27.47, 'temporal_anchor': 'empirical_monsoon_distribution'}",283.0,10.22,146.31,3.7,100.7,,,,,,,,,,,
BG-NER-0187,0,background,DISTRICT_STRATIFIED_BUFFERED_REFERENCE,STRATIFIED_BUFFER_SELECTION,2008-06-09,Manipur,24.38156,93.10306,None (Background Reference),0,NASA_USGS_SRTM_30m,NASA_POWER_PRECTOTCORR_Daily,ISRIC_SoilGrids_2.0_Unavailable,ESA_WorldCover_Tile_Unavailable,"{'selection_method': 'district_stratified_buffer_3km', 'min_distance_km': 8.59, 'temporal_anchor': 'empirical_monsoon_distribution'}",522.0,28.22,244.23,5.16,15.03,,,,,,,,,,,
BG-NER-0188,0,background,DISTRICT_STRATIFIED_BUFFERED_REFERENCE,STRATIFIED_BUFFER_SELECTION,2016-07-25,Manipur,24.53084,93.18662,None (Background Reference),0,NASA_USGS_SRTM_30m,NASA_POWER_PRECTOTCORR_Daily,ISRIC_SoilGrids_2.0_Unavailable,ESA_WorldCover_Tile_Unavailable,"{'selection_method': 'district_stratified_buffer_3km', 'min_distance_km': 25.67, 'temporal_anchor': 'empirical_monsoon_distribution'}",128.0,15.18,227.49,20.72,42.97,,,,,,,,,,,
BG-NER-0189,0,background,DISTRICT_STRATIFIED_BUFFERED_REFERENCE,STRATIFIED_BUFFER_SELECTION,2015-07-24,Manipur,24.61655,94.4363,None (Background Reference),0,NASA_USGS_SRTM_30m,NASA_POWER_PRECTOTCORR_Daily,ISRIC_SoilGrids_2.0_Unavailable,ESA_WorldCover_Tile_Unavailable,"{'selection_method': 'district_stratified_buffer_3km', 'min_distance_km': 23.96, 'temporal_anchor': 'empirical_monsoon_distribution'}",410.0,20.53,57.72,7.61,32.78,,,,,,,,,,,
BG-NER-0190,0,background,DISTRICT_STRATIFIED_BUFFERED_REFERENCE,STRATIFIED_BUFFER_SELECTION,2015-08-01,Manipur,24.73809,94.79779,None (Background Reference),0,NASA_USGS_SRTM_30m,NASA_POWER_PRECTOTCORR_Daily,ISRIC_SoilGrids_2.0_Unavailable,ESA_WorldCover_Tile_Unavailable,"{'selection_method': 'district_stratified_buffer_3km', 'min_distance_km': 37.75, 'temporal_anchor': 'empirical_monsoon_distribution'}",118.0,0.0,0.0,0.32,75.58,,,,,,,,,,,
BG-NER-0191,0,background,DISTRICT_STRATIFIED_BUFFERED_REFERENCE,STRATIFIED_BUFFER_SELECTION,2009-08-30,Manipur,24.20911,93.97905,None (Background Reference),0,NASA_USGS_SRTM_30m,NASA_POWER_PRECTOTCORR_Daily,ISRIC_SoilGrids_2.0_Unavailable,ESA_WorldCover_Tile_Unavailable,"{'selection_method': 'district_stratified_buffer_3km', 'min_distance_km': 9.97, 'temporal_anchor': 'empirical_monsoon_distribution'}",1201.0,20.44,26.57,4.38,5.33,,,,,,,,,,,
BG-NER-0192,0,background,DISTRICT_STRATIFIED_BUFFERED_REFERENCE,STRATIFIED_BUFFER_SELECTION,2015-07-22,Manipur,24.74188,94.06455,None (Background Reference),0,NASA_USGS_SRTM_30m,NASA_POWER_PRECTOTCORR_Daily,ISRIC_SoilGrids_2.0_Unavailable,ESA_WorldCover_Tile_Unavailable,"{'selection_method': 'district_stratified_buffer_3km', 'min_distance_km': 12.63, 'temporal_anchor': 'empirical_monsoon_distribution'}",800.0,5.71,0.0,10.84,38.36,,,,,,,,,,,
BG-NER-0193,0,background,DISTRICT_STRATIFIED_BUFFERED_REFERENCE,STRATIFIED_BUFFER_SELECTION,2015-08-11,Manipur,24.83874,93.20748,None (Background Reference),0,NASA_USGS_SRTM_30m,NASA_POWER_PRECTOTCORR_Daily,ISRIC_SoilGrids_2.0_Unavailable,ESA_WorldCover_Tile_Unavailable,"{'selection_method': 'district_stratified_buffer_3km', 'min_distance_km': 9.75, 'temporal_anchor': 'empirical_monsoon_distribution'}",78.0,14.76,304.7,5.63,34.46,,,,,,,,,,,
BG-NER-0194,0,background,DISTRICT_STRATIFIED_BUFFERED_REFERENCE,STRATIFIED_BUFFER_SELECTION,2015-07-22,Manipur,25.53294,94.66784,None (Background Reference),0,NASA_USGS_SRTM_30m,NASA_POWER_PRECTOTCORR_Daily,ISRIC_SoilGrids_2.0_Unavailable,ESA_WorldCover_Tile_Unavailable,"{'selection_method': 'district_stratified_buffer_3km', 'min_distance_km': 13.58, 'temporal_anchor': 'empirical_monsoon_distribution'}",1115.0,26.68,5.71,16.94,48.02,,,,,,,,,,,
BG-NER-0195,0,background,DISTRICT_STRATIFIED_BUFFERED_REFERENCE,STRATIFIED_BUFFER_SELECTION,2011-07-22,Manipur,24.91467,93.63452,None (Background Reference),0,NASA_USGS_SRTM_30m,NASA_POWER_PRECTOTCORR_Daily,ISRIC_SoilGrids_2.0_Unavailable,ESA_WorldCover_Tile_Unavailable,"{'selection_method': 'district_stratified_buffer_3km', 'min_distance_km': 10.3, 'temporal_anchor': 'empirical_monsoon_distribution'}",1021.0,31.99,223.92,6.93,43.74,,,,,,,,,,,
BG-NER-0196,0,background,DISTRICT_STRATIFIED_BUFFERED_REFERENCE,STRATIFIED_BUFFER_SELECTION,2010-06-07,Manipur,25.59477,94.76064,None (Background Reference),0,NASA_USGS_SRTM_30m,NASA_POWER_PRECTOTCORR_Daily,ISRIC_SoilGrids_2.0_Unavailable,ESA_WorldCover_Tile_Unavailable,"{'selection_method': 'district_stratified_buffer_3km', 'min_distance_km': 19.68, 'temporal_anchor': 'empirical_monsoon_distribution'}",1863.0,20.31,305.84,12.58,53.31,,,,,,,,,,,
BG-NER-0197,0,background,DISTRICT_STRATIFIED_BUFFERED_REFERENCE,STRATIFIED_BUFFER_SELECTION,2011-05-31,Manipur,24.33761,94.68424,None (Background Reference),0,NASA_USGS_SRTM_30m,NASA_POWER_PRECTOTCORR_Daily,ISRIC_SoilGrids_2.0_Unavailable,ESA_WorldCover_Tile_Unavailable,"{'selection_method': 'district_stratified_buffer_3km', 'min_distance_km': 34.62, 'temporal_anchor': 'empirical_monsoon_distribution'}",376.0,15.85,93.37,10.23,41.6,,,,,,,,,,,
BG-NER-0198,0,background,DISTRICT_STRATIFIED_BUFFERED_REFERENCE,STRATIFIED_BUFFER_SELECTION,2015-07-22,Manipur,25.45649,93.30147,None (Background Reference),0,NASA_USGS_SRTM_30m,NASA_POWER_PRECTOTCORR_Daily,ISRIC_SoilGrids_2.0_Unavailable,ESA_WorldCover_Tile_Unavailable,"{'selection_method': 'district_stratified_buffer_3km', 'min_distance_km': 8.65, 'temporal_anchor': 'empirical_monsoon_distribution'}",347.0,4.86,258.69,11.47,38.87,,,,,,,,,,,
BG-NER-0199,0,background,DISTRICT_STRATIFIED_BUFFERED_REFERENCE,STRATIFIED_BUFFER_SELECTION,2011-07-25,Manipur,25.65487,94.35633,None (Background Reference),0,NASA_USGS_SRTM_30m,NASA_POWER_PRECTOTCORR_Daily,ISRIC_SoilGrids_2.0_Unavailable,ESA_WorldCover_Tile_Unavailable,"{'selection_method': 'district_stratified_buffer_3km', 'min_distance_km': 11.46, 'temporal_anchor': 'empirical_monsoon_distribution'}",1956.0,31.7,183.09,7.66,14.08,,,,,,,,,,,
BG-NER-0200,0,background,DISTRICT_STRATIFIED_BUFFERED_REFERENCE,STRATIFIED_BUFFER_SELECTION,2015-08-01,Manipur,24.82623,93.20076,None (Background Reference),0,NASA_USGS_SRTM_30m,NASA_POWER_PRECTOTCORR_Daily,ISRIC_SoilGrids_2.0_Unavailable,ESA_WorldCover_Tile_Unavailable,"{'selection_method': 'district_stratified_buffer_3km', 'min_distance_km': 8.69, 'temporal_anchor': 'empirical_monsoon_distribution'}",88.0,3.81,180.0,13.93,93.0,,,,,,,,,,,
BG-NER-0201,0,background,DISTRICT_STRATIFIED_BUFFERED_REFERENCE,STRATIFIED_BUFFER_SELECTION,2015-08-01,Manipur,25.17672,94.07133,None (Background Reference),0,NASA_USGS_SRTM_30m,NASA_POWER_PRECTOTCORR_Daily,ISRIC_SoilGrids_2.0_Unavailable,ESA_WorldCover_Tile_Unavailable,"{'selection_method': 'district_stratified_buffer_3km', 'min_distance_km': 11.58, 'temporal_anchor': 'empirical_monsoon_distribution'}",1093.0,29.92,100.01,4.9,104.34,,,,,,,,,,,
BG-NER-0202,0,background,DISTRICT_STRATIFIED_BUFFERED_REFERENCE,STRATIFIED_BUFFER_SELECTION,2012-06-10,Manipur,25.40974,94.38551,None (Background Reference),0,NASA_USGS_SRTM_30m,NASA_POWER_PRECTOTCORR_Daily,ISRIC_SoilGrids_2.0_Unavailable,ESA_WorldCover_Tile_Unavailable,"{'selection_method': 'district_stratified_buffer_3km', 'min_distance_km': 14.75, 'temporal_anchor': 'empirical_monsoon_distribution'}",963.0,19.31,25.35,6.48,7.95,,,,,,,,,,,
BG-NER-0203,0,background,DISTRICT_STRATIFIED_BUFFERED_REFERENCE,STRATIFIED_BUFFER_SELECTION,2015-07-22,Manipur,23.97426,94.37185,None (Background Reference),0,NASA_USGS_SRTM_30m,NASA_POWER_PRECTOTCORR_Daily,ISRIC_SoilGrids_2.0_Unavailable,ESA_WorldCover_Tile_Unavailable,"{'selection_method': 'district_stratified_buffer_3km', 'min_distance_km': 24.68, 'temporal_anchor': 'empirical_monsoon_distribution'}",389.0,12.6,206.57,7.17,24.88,,,,,,,,,,,
BG-NER-0204,0,background,DISTRICT_STRATIFIED_BUFFERED_REFERENCE,STRATIFIED_BUFFER_SELECTION,2007-09-08,Manipur,24.15868,93.62492,None (Background Reference),0,NASA_USGS_SRTM_30m,NASA_POWER_PRECTOTCORR_Daily,ISRIC_SoilGrids_2.0_Unavailable,ESA_WorldCover_Tile_Unavailable,"{'selection_method': 'district_stratified_buffer_3km', 'min_distance_km': 40.08, 'temporal_anchor': 'empirical_monsoon_distribution'}",914.0,13.42,155.22,11.74,40.22,,,,,,,,,,,
BG-NER-0205,0,background,DISTRICT_STRATIFIED_BUFFERED_REFERENCE,STRATIFIED_BUFFER_SELECTION,2013-09-24,Manipur,24.76747,94.54592,None (Background Reference),0,NASA_USGS_SRTM_30m,NASA_POWER_PRECTOTCORR_Daily,ISRIC_SoilGrids_2.0_Unavailable,ESA_WorldCover_Tile_Unavailable,"{'selection_method': 'district_stratified_buffer_3km', 'min_distance_km': 16.69, 'temporal_anchor': 'empirical_monsoon_distribution'}",458.0,11.8,208.61,0.3,0.56,,,,,,,,,,,
BG-NER-0206,0,background,DISTRICT_STRATIFIED_BUFFERED_REFERENCE,STRATIFIED_BUFFER_SELECTION,2015-08-01,Manipur,23.99399,93.79588,None (Background Reference),0,NASA_USGS_SRTM_30m,NASA_POWER_PRECTOTCORR_Daily,ISRIC_SoilGrids_2.0_Unavailable,ESA_WorldCover_Tile_Unavailable,"{'selection_method': 'district_stratified_buffer_3km', 'min_distance_km': 18.89, 'temporal_anchor': 'empirical_monsoon_distribution'}",1217.0,27.03,231.63,5.31,82.66,,,,,,,,,,,
BG-NER-0207,0,background,DISTRICT_STRATIFIED_BUFFERED_REFERENCE,STRATIFIED_BUFFER_SELECTION,2016-07-07,Manipur,25.42481,94.07507,None (Background Reference),0,NASA_USGS_SRTM_30m,NASA_POWER_PRECTOTCORR_Daily,ISRIC_SoilGrids_2.0_Unavailable,ESA_WorldCover_Tile_Unavailable,"{'selection_method': 'district_stratified_buffer_3km', 'min_distance_km': 3.1, 'temporal_anchor': 'empirical_monsoon_distribution'}",1693.0,11.65,345.96,13.18,34.27,,,,,,,,,,,
BG-NER-0208,0,background,DISTRICT_STRATIFIED_BUFFERED_REFERENCE,STRATIFIED_BUFFER_SELECTION,2015-07-24,Manipur,25.49875,93.64035,None (Background Reference),0,NASA_USGS_SRTM_30m,NASA_POWER_PRECTOTCORR_Daily,ISRIC_SoilGrids_2.0_Unavailable,ESA_WorldCover_Tile_Unavailable,"{'selection_method': 'district_stratified_buffer_3km', 'min_distance_km': 22.98, 'temporal_anchor': 'empirical_monsoon_distribution'}",1925.0,15.42,295.02,14.67,40.24,,,,,,,,,,,
BG-NER-0209,0,background,DISTRICT_STRATIFIED_BUFFERED_REFERENCE,STRATIFIED_BUFFER_SELECTION,2015-08-11,Manipur,24.24648,94.34794,None (Background Reference),0,NASA_USGS_SRTM_30m,NASA_POWER_PRECTOTCORR_Daily,ISRIC_SoilGrids_2.0_Unavailable,ESA_WorldCover_Tile_Unavailable,"{'selection_method': 'district_stratified_buffer_3km', 'min_distance_km': 11.82, 'temporal_anchor': 'empirical_monsoon_distribution'}",170.0,3.44,146.31,0.36,15.15,,,,,,,,,,,
BG-NER-0210,0,background,DISTRICT_STRATIFIED_BUFFERED_REFERENCE,STRATIFIED_BUFFER_SELECTION,2015-08-01,Manipur,24.72027,94.75786,None (Background Reference),0,NASA_USGS_SRTM_30m,NASA_POWER_PRECTOTCORR_Daily,ISRIC_SoilGrids_2.0_Unavailable,ESA_WorldCover_Tile_Unavailable,"{'selection_method': 'district_stratified_buffer_3km', 'min_distance_km': 35.5, 'temporal_anchor': 'empirical_monsoon_distribution'}",164.0,10.56,116.57,0.32,75.58,,,,,,,,,,,
BG-NER-0211,0,background,DISTRICT_STRATIFIED_BUFFERED_REFERENCE,STRATIFIED_BUFFER_SELECTION,2007-09-11,Manipur,25.08183,94.20933,None (Background Reference),0,NASA_USGS_SRTM_30m,NASA_POWER_PRECTOTCORR_Daily,ISRIC_SoilGrids_2.0_Unavailable,ESA_WorldCover_Tile_Unavailable,"{'selection_method': 'district_stratified_buffer_3km', 'min_distance_km': 13.08, 'temporal_anchor': 'empirical_monsoon_distribution'}",985.0,13.92,317.73,4.55,12.38,,,,,,,,,,,
BG-NER-0212,0,background,DISTRICT_STRATIFIED_BUFFERED_REFERENCE,STRATIFIED_BUFFER_SELECTION,2011-07-22,Manipur,25.16096,94.71859,None (Background Reference),0,NASA_USGS_SRTM_30m,NASA_POWER_PRECTOTCORR_Daily,ISRIC_SoilGrids_2.0_Unavailable,ESA_WorldCover_Tile_Unavailable,"{'selection_method': 'district_stratified_buffer_3km', 'min_distance_km': 27.47, 'temporal_anchor': 'empirical_monsoon_distribution'}",1837.0,33.29,203.96,8.44,34.04,,,,,,,,,,,
BG-NER-0213,0,background,DISTRICT_STRATIFIED_BUFFERED_REFERENCE,STRATIFIED_BUFFER_SELECTION,2015-08-01,Manipur,25.00328,94.05735,None (Background Reference),0,NASA_USGS_SRTM_30m,NASA_POWER_PRECTOTCORR_Daily,ISRIC_SoilGrids_2.0_Unavailable,ESA_WorldCover_Tile_Unavailable,"{'selection_method': 'district_stratified_buffer_3km', 'min_distance_km': 5.63, 'temporal_anchor': 'empirical_monsoon_distribution'}",904.0,21.61,284.62,11.75,108.36,,,,,,,,,,,
BG-NER-0214,0,background,DISTRICT_STRATIFIED_BUFFERED_REFERENCE,STRATIFIED_BUFFER_SELECTION,2011-06-28,Manipur,24.23851,93.9567,None (Background Reference),0,NASA_USGS_SRTM_30m,NASA_POWER_PRECTOTCORR_Daily,ISRIC_SoilGrids_2.0_Unavailable,ESA_WorldCover_Tile_Unavailable,"{'selection_method': 'district_stratified_buffer_3km', 'min_distance_km': 11.42, 'temporal_anchor': 'empirical_monsoon_distribution'}",1234.0,31.5,22.38,10.37,53.03,,,,,,,,,,,
BG-NER-0215,0,background,DISTRICT_STRATIFIED_BUFFERED_REFERENCE,STRATIFIED_BUFFER_SELECTION,2007-09-08,Manipur,23.91221,93.30292,None (Background Reference),0,NASA_USGS_SRTM_30m,NASA_POWER_PRECTOTCORR_Daily,ISRIC_SoilGrids_2.0_Unavailable,ESA_WorldCover_Tile_Unavailable,"{'selection_method': 'district_stratified_buffer_3km', 'min_distance_km': 26.65, 'temporal_anchor': 'empirical_monsoon_distribution'}",1534.0,12.64,221.99,29.45,76.16,,,,,,,,,,,
BG-NER-0216,0,background,DISTRICT_STRATIFIED_BUFFERED_REFERENCE,STRATIFIED_BUFFER_SELECTION,2011-07-06,Manipur,25.09012,93.05102,None (Background Reference),0,NASA_USGS_SRTM_30m,NASA_POWER_PRECTOTCORR_Daily,ISRIC_SoilGrids_2.0_Unavailable,ESA_WorldCover_Tile_Unavailable,"{'selection_method': 'district_stratified_buffer_3km', 'min_distance_km': 7.61, 'temporal_anchor': 'empirical_monsoon_distribution'}",1442.0,25.07,184.09,3.51,29.47,,,,,,,,,,,
BG-NER-0217,0,background,DISTRICT_STRATIFIED_BUFFERED_REFERENCE,STRATIFIED_BUFFER_SELECTION,2012-06-25,Arunachal Pradesh,26.91001,94.58912,None (Background Reference),0,NASA_USGS_SRTM_30m,NASA_POWER_PRECTOTCORR_Daily,ISRIC_SoilGrids_2.0_Unavailable,ESA_WorldCover_Tile_Unavailable,"{'selection_method': 'district_stratified_buffer_3km', 'min_distance_km': 24.48, 'temporal_anchor': 'empirical_monsoon_distribution'}",92.0,0.0,0.0,27.26,73.88,,,,,,,,,,,
BG-NER-0218,0,background,DISTRICT_STRATIFIED_BUFFERED_REFERENCE,STRATIFIED_BUFFER_SELECTION,2016-05-01,Arunachal Pradesh,27.71904,92.14351,None (Background Reference),0,NASA_USGS_SRTM_30m,NASA_POWER_PRECTOTCORR_Daily,ISRIC_SoilGrids_2.0_Unavailable,ESA_WorldCover_Tile_Unavailable,"{'selection_method': 'district_stratified_buffer_3km', 'min_distance_km': 23.01, 'temporal_anchor': 'empirical_monsoon_distribution'}",4195.0,56.32,192.18,4.08,10.12,,,,,,,,,,,
BG-NER-0219,0,background,DISTRICT_STRATIFIED_BUFFERED_REFERENCE,STRATIFIED_BUFFER_SELECTION,2011-07-19,Arunachal Pradesh,28.23872,92.79468,None (Background Reference),0,NASA_USGS_SRTM_30m,NASA_POWER_PRECTOTCORR_Daily,ISRIC_SoilGrids_2.0_Unavailable,ESA_WorldCover_Tile_Unavailable,"{'selection_method': 'district_stratified_buffer_3km', 'min_distance_km': 46.83, 'temporal_anchor': 'empirical_monsoon_distribution'}",4898.0,46.85,28.97,25.49,54.37,,,,,,,,,,,
BG-NER-0220,0,background,DISTRICT_STRATIFIED_BUFFERED_REFERENCE,STRATIFIED_BUFFER_SELECTION,2012-09-19,Arunachal Pradesh,27.4538,94.46415,None (Background Reference),0,NASA_USGS_SRTM_30m,NASA_POWER_PRECTOTCORR_Daily,ISRIC_SoilGrids_2.0_Unavailable,ESA_WorldCover_Tile_Unavailable,"{'selection_method': 'district_stratified_buffer_3km', 'min_distance_km': 42.18, 'temporal_anchor': 'empirical_monsoon_distribution'}",102.0,2.13,116.57,37.17,87.27,,,,,,,,,,,
BG-NER-0221,0,background,DISTRICT_STRATIFIED_BUFFERED_REFERENCE,STRATIFIED_BUFFER_SELECTION,2016-07-19,Arunachal Pradesh,28.46299,92.54715,None (Background Reference),0,NASA_USGS_SRTM_30m,NASA_POWER_PRECTOTCORR_Daily,ISRIC_SoilGrids_2.0_Unavailable,ESA_WorldCover_Tile_Unavailable,"{'selection_method': 'district_stratified_buffer_3km', 'min_distance_km': 81.2, 'temporal_anchor': 'empirical_monsoon_distribution'}",4512.0,14.07,356.19,1.98,4.6,,,,,,,,,,,
BG-NER-0222,0,background,DISTRICT_STRATIFIED_BUFFERED_REFERENCE,STRATIFIED_BUFFER_SELECTION,2014-10-01,Arunachal Pradesh,26.87614,95.37367,None (Background Reference),0,NASA_USGS_SRTM_30m,NASA_POWER_PRECTOTCORR_Daily,ISRIC_SoilGrids_2.0_Unavailable,ESA_WorldCover_Tile_Unavailable,"{'selection_method': 'district_stratified_buffer_3km', 'min_distance_km': 18.45, 'temporal_anchor': 'empirical_monsoon_distribution'}",487.0,25.24,135.0,0.01,0.01,,,,,,,,,,,
BG-NER-0223,0,background,DISTRICT_STRATIFIED_BUFFERED_REFERENCE,STRATIFIED_BUFFER_SELECTION,2011-07-19,Arunachal Pradesh,27.32667,96.13483,None (Background Reference),0,NASA_USGS_SRTM_30m,NASA_POWER_PRECTOTCORR_Daily,ISRIC_SoilGrids_2.0_Unavailable,ESA_WorldCover_Tile_Unavailable,"{'selection_method': 'district_stratified_buffer_3km', 'min_distance_km': 37.1, 'temporal_anchor': 'empirical_monsoon_distribution'}",395.0,19.75,291.8,1.85,67.6,,,,,,,,,,,
BG-NER-0224,0,background,DISTRICT_STRATIFIED_BUFFERED_REFERENCE,STRATIFIED_BUFFER_SELECTION,2010-04-21,Arunachal Pradesh,27.60996,95.28618,None (Background Reference),0,NASA_USGS_SRTM_30m,NASA_POWER_PRECTOTCORR_Daily,ISRIC_SoilGrids_2.0_Unavailable,ESA_WorldCover_Tile_Unavailable,"{'selection_method': 'district_stratified_buffer_3km', 'min_distance_km': 26.9, 'temporal_anchor': 'empirical_monsoon_distribution'}",122.0,1.91,90.0,53.71,142.63,,,,,,,,,,,
BG-NER-0225,0,background,DISTRICT_STRATIFIED_BUFFERED_REFERENCE,STRATIFIED_BUFFER_SELECTION,2016-06-12,Arunachal Pradesh,27.56346,93.53299,None (Background Reference),0,NASA_USGS_SRTM_30m,NASA_POWER_PRECTOTCORR_Daily,ISRIC_SoilGrids_2.0_Unavailable,ESA_WorldCover_Tile_Unavailable,"{'selection_method': 'district_stratified_buffer_3km', 'min_distance_km': 34.48, 'temporal_anchor': 'empirical_monsoon_distribution'}",2136.0,38.33,34.7,23.76,42.42,,,,,,,,,,,
BG-NER-0226,0,background,DISTRICT_STRATIFIED_BUFFERED_REFERENCE,STRATIFIED_BUFFER_SELECTION,2010-11-22,Arunachal Pradesh,27.5673,96.03268,None (Background Reference),0,NASA_USGS_SRTM_30m,NASA_POWER_PRECTOTCORR_Daily,ISRIC_SoilGrids_2.0_Unavailable,ESA_WorldCover_Tile_Unavailable,"{'selection_method': 'district_stratified_buffer_3km', 'min_distance_km': 39.3, 'temporal_anchor': 'empirical_monsoon_distribution'}",177.0,1.35,135.0,0.0,31.97,,,,,,,,,,,
BG-NER-0227,0,background,DISTRICT_STRATIFIED_BUFFERED_REFERENCE,STRATIFIED_BUFFER_SELECTION,2012-04-08,Arunachal Pradesh,27.05335,94.49228,None (Background Reference),0,NASA_USGS_SRTM_30m,NASA_POWER_PRECTOTCORR_Daily,ISRIC_SoilGrids_2.0_Unavailable,ESA_WorldCover_Tile_Unavailable,"{'selection_method': 'district_stratified_buffer_3km', 'min_distance_km': 42.21, 'temporal_anchor': 'empirical_monsoon_distribution'}",88.0,6.72,188.13,5.38,25.55,,,,,,,,,,,
BG-NER-0228,0,background,DISTRICT_STRATIFIED_BUFFERED_REFERENCE,STRATIFIED_BUFFER_SELECTION,2012-06-25,Arunachal Pradesh,28.32355,91.96628,None (Background Reference),0,NASA_USGS_SRTM_30m,NASA_POWER_PRECTOTCORR_Daily,ISRIC_SoilGrids_2.0_Unavailable,ESA_WorldCover_Tile_Unavailable,"{'selection_method': 'district_stratified_buffer_3km', 'min_distance_km': 83.2, 'temporal_anchor': 'empirical_monsoon_distribution'}",4747.0,0.0,0.0,5.06,14.35,,,,,,,,,,,
BG-NER-0229,0,background,DISTRICT_STRATIFIED_BUFFERED_REFERENCE,STRATIFIED_BUFFER_SELECTION,2010-11-22,Arunachal Pradesh,28.13087,94.91745,None (Background Reference),0,NASA_USGS_SRTM_30m,NASA_POWER_PRECTOTCORR_Daily,ISRIC_SoilGrids_2.0_Unavailable,ESA_WorldCover_Tile_Unavailable,"{'selection_method': 'district_stratified_buffer_3km', 'min_distance_km': 12.35, 'temporal_anchor': 'empirical_monsoon_distribution'}",1465.0,31.7,93.09,0.0,34.71,,,,,,,,,,,
BG-NER-0230,0,background,DISTRICT_STRATIFIED_BUFFERED_REFERENCE,STRATIFIED_BUFFER_SELECTION,2015-07-15,Arunachal Pradesh,27.75683,93.76886,None (Background Reference),0,NASA_USGS_SRTM_30m,NASA_POWER_PRECTOTCORR_Daily,ISRIC_SoilGrids_2.0_Unavailable,ESA_WorldCover_Tile_Unavailable,"{'selection_method': 'district_stratified_buffer_3km', 'min_distance_km': 16.1, 'temporal_anchor': 'empirical_monsoon_distribution'}",727.0,15.18,100.62,30.78,65.69,,,,,,,,,,,
BG-NER-0231,0,background,DISTRICT_STRATIFIED_BUFFERED_REFERENCE,STRATIFIED_BUFFER_SELECTION,2016-04-22,Arunachal Pradesh,28.11302,92.92092,None (Background Reference),0,NASA_USGS_SRTM_30m,NASA_POWER_PRECTOTCORR_Daily,ISRIC_SoilGrids_2.0_Unavailable,ESA_WorldCover_Tile_Unavailable,"{'selection_method': 'district_stratified_buffer_3km', 'min_distance_km': 28.54, 'temporal_anchor': 'empirical_monsoon_distribution'}",5145.0,37.53,77.47,7.94,48.55,,,,,,,,,,,
BG-NER-0232,0,background,DISTRICT_STRATIFIED_BUFFERED_REFERENCE,STRATIFIED_BUFFER_SELECTION,2010-04-21,Arunachal Pradesh,28.02493,95.56187,None (Background Reference),0,NASA_USGS_SRTM_30m,NASA_POWER_PRECTOTCORR_Daily,ISRIC_SoilGrids_2.0_Unavailable,ESA_WorldCover_Tile_Unavailable,"{'selection_method': 'district_stratified_buffer_3km', 'min_distance_km': 34.33, 'temporal_anchor': 'empirical_monsoon_distribution'}",158.0,1.35,225.0,65.48,147.4,,,,,,,,,,,
BG-NER-0233,0,background,DISTRICT_STRATIFIED_BUFFERED_REFERENCE,STRATIFIED_BUFFER_SELECTION,2008-06-14,Arunachal Pradesh,28.17449,93.73844,None (Background Reference),0,NASA_USGS_SRTM_30m,NASA_POWER_PRECTOTCORR_Daily,ISRIC_SoilGrids_2.0_Unavailable,ESA_WorldCover_Tile_Unavailable,"{'selection_method': 'district_stratified_buffer_3km', 'min_distance_km': 48.88, 'temporal_anchor': 'empirical_monsoon_distribution'}",1512.0,18.96,50.91,43.16,80.78,,,,,,,,,,,
BG-NER-0234,0,background,DISTRICT_STRATIFIED_BUFFERED_REFERENCE,STRATIFIED_BUFFER_SELECTION,2016-08-05,Arunachal Pradesh,27.95592,92.94275,None (Background Reference),0,NASA_USGS_SRTM_30m,NASA_POWER_PRECTOTCORR_Daily,ISRIC_SoilGrids_2.0_Unavailable,ESA_WorldCover_Tile_Unavailable,"{'selection_method': 'district_stratified_buffer_3km', 'min_distance_km': 13.37, 'temporal_anchor': 'empirical_monsoon_distribution'}",3073.0,25.2,202.93,4.2,12.67,,,,,,,,,,,
BG-NER-0235,0,background,DISTRICT_STRATIFIED_BUFFERED_REFERENCE,STRATIFIED_BUFFER_SELECTION,2010-04-02,Arunachal Pradesh,28.05452,96.32095,None (Background Reference),0,NASA_USGS_SRTM_30m,NASA_POWER_PRECTOTCORR_Daily,ISRIC_SoilGrids_2.0_Unavailable,ESA_WorldCover_Tile_Unavailable,"{'selection_method': 'district_stratified_buffer_3km', 'min_distance_km': 20.13, 'temporal_anchor': 'empirical_monsoon_distribution'}",1284.0,26.68,275.71,28.21,61.95,,,,,,,,,,,
BG-NER-0236,0,background,DISTRICT_STRATIFIED_BUFFERED_REFERENCE,STRATIFIED_BUFFER_SELECTION,2012-09-19,Arunachal Pradesh,27.11955,94.41929,None (Background Reference),0,NASA_USGS_SRTM_30m,NASA_POWER_PRECTOTCORR_Daily,ISRIC_SoilGrids_2.0_Unavailable,ESA_WorldCover_Tile_Unavailable,"{'selection_method': 'district_stratified_buffer_3km', 'min_distance_km': 32.5, 'temporal_anchor': 'empirical_monsoon_distribution'}",92.0,1.35,45.0,22.93,68.0,,,,,,,,,,,
BG-NER-0237,0,background,DISTRICT_STRATIFIED_BUFFERED_REFERENCE,STRATIFIED_BUFFER_SELECTION,2010-04-21,Arunachal Pradesh,28.26784,94.54146,None (Background Reference),0,NASA_USGS_SRTM_30m,NASA_POWER_PRECTOTCORR_Daily,ISRIC_SoilGrids_2.0_Unavailable,ESA_WorldCover_Tile_Unavailable,"{'selection_method': 'district_stratified_buffer_3km', 'min_distance_km': 23.8, 'temporal_anchor': 'empirical_monsoon_distribution'}",1132.0,25.89,74.05,19.99,69.26,,,,,,,,,,,
BG-NER-0238,0,background,DISTRICT_STRATIFIED_BUFFERED_REFERENCE,STRATIFIED_BUFFER_SELECTION,2010-10-03,Arunachal Pradesh,28.35297,95.0536,None (Background Reference),0,NASA_USGS_SRTM_30m,NASA_POWER_PRECTOTCORR_Daily,ISRIC_SoilGrids_2.0_Unavailable,ESA_WorldCover_Tile_Unavailable,"{'selection_method': 'district_stratified_buffer_3km', 'min_distance_km': 15.93, 'temporal_anchor': 'empirical_monsoon_distribution'}",249.0,30.3,266.73,2.11,14.61,,,,,,,,,,,
BG-NER-0239,0,background,DISTRICT_STRATIFIED_BUFFERED_REFERENCE,STRATIFIED_BUFFER_SELECTION,2013-09-02,Arunachal Pradesh,27.9431,92.39027,None (Background Reference),0,NASA_USGS_SRTM_30m,NASA_POWER_PRECTOTCORR_Daily,ISRIC_SoilGrids_2.0_Unavailable,ESA_WorldCover_Tile_Unavailable,"{'selection_method': 'district_stratified_buffer_3km', 'min_distance_km': 48.52, 'temporal_anchor': 'empirical_monsoon_distribution'}",4980.0,29.02,212.74,9.96,15.17,,,,,,,,,,,
BG-NER-0240,0,background,DISTRICT_STRATIFIED_BUFFERED_REFERENCE,STRATIFIED_BUFFER_SELECTION,2013-02-18,Arunachal Pradesh,28.13928,93.50228,None (Background Reference),0,NASA_USGS_SRTM_30m,NASA_POWER_PRECTOTCORR_Daily,ISRIC_SoilGrids_2.0_Unavailable,ESA_WorldCover_Tile_Unavailable,"{'selection_method': 'district_stratified_buffer_3km', 'min_distance_km': 30.56, 'temporal_anchor': 'empirical_monsoon_distribution'}",1586.0,51.34,196.26,1.16,6.69,,,,,,,,,,,
BG-NER-0241,0,background,DISTRICT_STRATIFIED_BUFFERED_REFERENCE,STRATIFIED_BUFFER_SELECTION,2015-08-18,Arunachal Pradesh,27.03331,91.81562,None (Background Reference),0,NASA_USGS_SRTM_30m,NASA_POWER_PRECTOTCORR_Daily,ISRIC_SoilGrids_2.0_Unavailable,ESA_WorldCover_Tile_Unavailable,"{'selection_method': 'district_stratified_buffer_3km', 'min_distance_km': 60.4, 'temporal_anchor': 'empirical_monsoon_distribution'}",2900.0,39.45,263.02,24.51,50.01,,,,,,,,,,,
BG-NER-0242,0,background,DISTRICT_STRATIFIED_BUFFERED_REFERENCE,STRATIFIED_BUFFER_SELECTION,2012-04-08,Arunachal Pradesh,27.69651,96.12068,None (Background Reference),0,NASA_USGS_SRTM_30m,NASA_POWER_PRECTOTCORR_Daily,ISRIC_SoilGrids_2.0_Unavailable,ESA_WorldCover_Tile_Unavailable,"{'selection_method': 'district_stratified_buffer_3km', 'min_distance_km': 22.94, 'temporal_anchor': 'empirical_monsoon_distribution'}",271.0,3.02,161.57,3.58,13.15,,,,,,,,,,,
BG-NER-0243,0,background,DISTRICT_STRATIFIED_BUFFERED_REFERENCE,STRATIFIED_BUFFER_SELECTION,2011-07-16,Arunachal Pradesh,27.34389,95.44768,None (Background Reference),0,NASA_USGS_SRTM_30m,NASA_POWER_PRECTOTCORR_Daily,ISRIC_SoilGrids_2.0_Unavailable,ESA_WorldCover_Tile_Unavailable,"{'selection_method': 'district_stratified_buffer_3km', 'min_distance_km': 38.73, 'temporal_anchor': 'empirical_monsoon_distribution'}",128.0,3.44,146.31,4.1,71.36,,,,,,,,,,,
BG-NER-0244,0,background,DISTRICT_STRATIFIED_BUFFERED_REFERENCE,STRATIFIED_BUFFER_SELECTION,2011-03-22,Arunachal Pradesh,28.1632,96.13767,None (Background Reference),0,NASA_USGS_SRTM_30m,NASA_POWER_PRECTOTCORR_Daily,ISRIC_SoilGrids_2.0_Unavailable,ESA_WorldCover_Tile_Unavailable,"{'selection_method': 'district_stratified_buffer_3km', 'min_distance_km': 29.13, 'temporal_anchor': 'empirical_monsoon_distribution'}",1104.0,30.97,88.41,7.48,55.41,,,,,,,,,,,
BG-NER-0245,0,background,DISTRICT_STRATIFIED_BUFFERED_REFERENCE,STRATIFIED_BUFFER_SELECTION,2015-08-18,Arunachal Pradesh,27.55487,93.77388,None (Background Reference),0,NASA_USGS_SRTM_30m,NASA_POWER_PRECTOTCORR_Daily,ISRIC_SoilGrids_2.0_Unavailable,ESA_WorldCover_Tile_Unavailable,"{'selection_method': 'district_stratified_buffer_3km', 'min_distance_km': 13.76, 'temporal_anchor': 'empirical_monsoon_distribution'}",1588.0,18.26,315.0,18.25,44.97,,,,,,,,,,,
BG-NER-0246,0,background,DISTRICT_STRATIFIED_BUFFERED_REFERENCE,STRATIFIED_BUFFER_SELECTION,2016-07-28,Arunachal Pradesh,27.03286,96.10314,None (Background Reference),0,NASA_USGS_SRTM_30m,NASA_POWER_PRECTOTCORR_Daily,ISRIC_SoilGrids_2.0_Unavailable,ESA_WorldCover_Tile_Unavailable,"{'selection_method': 'district_stratified_buffer_3km', 'min_distance_km': 33.77, 'temporal_anchor': 'empirical_monsoon_distribution'}",1180.0,29.42,108.97,11.91,24.89,,,,,,,,,,,
BG-NER-0247,0,background,DISTRICT_STRATIFIED_BUFFERED_REFERENCE,STRATIFIED_BUFFER_SELECTION,2014-10-01,Arunachal Pradesh,28.34325,96.28773,None (Background Reference),0,NASA_USGS_SRTM_30m,NASA_POWER_PRECTOTCORR_Daily,ISRIC_SoilGrids_2.0_Unavailable,ESA_WorldCover_Tile_Unavailable,"{'selection_method': 'district_stratified_buffer_3km', 'min_distance_km': 37.41, 'temporal_anchor': 'empirical_monsoon_distribution'}",4286.0,21.87,274.76,0.0,0.14,,,,,,,,,,,
BG-NER-0248,0,background,DISTRICT_STRATIFIED_BUFFERED_REFERENCE,STRATIFIED_BUFFER_SELECTION,2010-09-09,Arunachal Pradesh,27.5989,94.90884,None (Background Reference),0,NASA_USGS_SRTM_30m,NASA_POWER_PRECTOTCORR_Daily,ISRIC_SoilGrids_2.0_Unavailable,ESA_WorldCover_Tile_Unavailable,"{'selection_method': 'district_stratified_buffer_3km', 'min_distance_km': 41.52, 'temporal_anchor': 'empirical_monsoon_distribution'}",109.0,2.13,333.43,54.15,111.35,,,,,,,,,,,
BG-NER-0249,0,background,DISTRICT_STRATIFIED_BUFFERED_REFERENCE,STRATIFIED_BUFFER_SELECTION,2012-06-25,Arunachal Pradesh,27.61269,93.00873,None (Background Reference),0,NASA_USGS_SRTM_30m,NASA_POWER_PRECTOTCORR_Daily,ISRIC_SoilGrids_2.0_Unavailable,ESA_WorldCover_Tile_Unavailable,"{'selection_method': 'district_stratified_buffer_3km', 'min_distance_km': 13.79, 'temporal_anchor': 'empirical_monsoon_distribution'}",1260.0,25.38,71.57,26.01,70.46,,,,,,,,,,,
BG-NER-0250,0,background,DISTRICT_STRATIFIED_BUFFERED_REFERENCE,STRATIFIED_BUFFER_SELECTION,2016-07-19,Arunachal Pradesh,26.64745,92.75764,None (Background Reference),0,NASA_USGS_SRTM_30m,NASA_POWER_PRECTOTCORR_Daily,ISRIC_SoilGrids_2.0_Unavailable,ESA_WorldCover_Tile_Unavailable,"{'selection_method': 'district_stratified_buffer_3km', 'min_distance_km': 25.48, 'temporal_anchor': 'empirical_monsoon_distribution'}",69.0,6.72,81.87,6.19,28.01,,,,,,,,,,,
BG-NER-0251,0,background,DISTRICT_STRATIFIED_BUFFERED_REFERENCE,STRATIFIED_BUFFER_SELECTION,2011-08-15,Arunachal Pradesh,28.36443,96.26154,None (Background Reference),0,NASA_USGS_SRTM_30m,NASA_POWER_PRECTOTCORR_Daily,ISRIC_SoilGrids_2.0_Unavailable,ESA_WorldCover_Tile_Unavailable,"{'selection_method': 'district_stratified_buffer_3km', 'min_distance_km': 38.25, 'temporal_anchor': 'empirical_monsoon_distribution'}",3550.0,51.4,295.2,13.54,67.61,,,,,,,,,,,
BG-NER-0252,0,background,DISTRICT_STRATIFIED_BUFFERED_REFERENCE,STRATIFIED_BUFFER_SELECTION,2011-08-05,Arunachal Pradesh,28.49959,95.56322,None (Background Reference),0,NASA_USGS_SRTM_30m,NASA_POWER_PRECTOTCORR_Daily,ISRIC_SoilGrids_2.0_Unavailable,ESA_WorldCover_Tile_Unavailable,"{'selection_method': 'district_stratified_buffer_3km', 'min_distance_km': 25.66, 'temporal_anchor': 'empirical_monsoon_distribution'}",2612.0,31.12,263.66,9.87,56.57,,,,,,,,,,,
BG-NER-0253,0,background,DISTRICT_STRATIFIED_BUFFERED_REFERENCE,STRATIFIED_BUFFER_SELECTION,2016-08-05,Arunachal Pradesh,28.07603,94.35923,None (Background Reference),0,NASA_USGS_SRTM_30m,NASA_POWER_PRECTOTCORR_Daily,ISRIC_SoilGrids_2.0_Unavailable,ESA_WorldCover_Tile_Unavailable,"{'selection_method': 'district_stratified_buffer_3km', 'min_distance_km': 24.53, 'temporal_anchor': 'empirical_monsoon_distribution'}",973.0,16.92,99.46,6.59,8.52,,,,,,,,,,,
BG-NER-0254,0,background,DISTRICT_STRATIFIED_BUFFERED_REFERENCE,STRATIFIED_BUFFER_SELECTION,2015-08-16,Arunachal Pradesh,26.61756,93.3279,None (Background Reference),0,NASA_USGS_SRTM_30m,NASA_POWER_PRECTOTCORR_Daily,ISRIC_SoilGrids_2.0_Unavailable,ESA_WorldCover_Tile_Unavailable,"{'selection_method': 'district_stratified_buffer_3km', 'min_distance_km': 32.44, 'temporal_anchor': 'empirical_monsoon_distribution'}",77.0,6.38,116.57,3.7,9.69,,,,,,,,,,,
BG-NER-0255,0,background,DISTRICT_STRATIFIED_BUFFERED_REFERENCE,STRATIFIED_BUFFER_SELECTION,2016-07-19,Arunachal Pradesh,27.31209,91.90744,None (Background Reference),0,NASA_USGS_SRTM_30m,NASA_POWER_PRECTOTCORR_Daily,ISRIC_SoilGrids_2.0_Unavailable,ESA_WorldCover_Tile_Unavailable,"{'selection_method': 'district_stratified_buffer_3km', 'min_distance_km': 29.52, 'temporal_anchor': 'empirical_monsoon_distribution'}",4178.0,15.5,32.74,5.29,19.01,,,,,,,,,,,
BG-NER-0256,0,background,DISTRICT_STRATIFIED_BUFFERED_REFERENCE,STRATIFIED_BUFFER_SELECTION,2014-05-08,Arunachal Pradesh,27.1004,93.97177,None (Background Reference),0,NASA_USGS_SRTM_30m,NASA_POWER_PRECTOTCORR_Daily,ISRIC_SoilGrids_2.0_Unavailable,ESA_WorldCover_Tile_Unavailable,"{'selection_method': 'district_stratified_buffer_3km', 'min_distance_km': 7.5, 'temporal_anchor': 'empirical_monsoon_distribution'}",90.0,5.13,68.2,46.39,91.12,,,,,,,,,,,
BG-NER-0257,0,background,DISTRICT_STRATIFIED_BUFFERED_REFERENCE,STRATIFIED_BUFFER_SELECTION,2012-06-13,Meghalaya,25.87412,91.64886,None (Background Reference),0,NASA_USGS_SRTM_30m,NASA_POWER_PRECTOTCORR_Daily,ISRIC_SoilGrids_2.0_Unavailable,ESA_WorldCover_Tile_Unavailable,"{'selection_method': 'district_stratified_buffer_3km', 'min_distance_km': 23.53, 'temporal_anchor': 'empirical_monsoon_distribution'}",363.0,18.54,153.43,15.3,46.42,,,,,,,,,,,
BG-NER-0258,0,background,DISTRICT_STRATIFIED_BUFFERED_REFERENCE,STRATIFIED_BUFFER_SELECTION,2015-08-19,Meghalaya,25.8966,92.3744,None (Background Reference),0,NASA_USGS_SRTM_30m,NASA_POWER_PRECTOTCORR_Daily,ISRIC_SoilGrids_2.0_Unavailable,ESA_WorldCover_Tile_Unavailable,"{'selection_method': 'district_stratified_buffer_3km', 'min_distance_km': 48.81, 'temporal_anchor': 'empirical_monsoon_distribution'}",573.0,12.54,192.99,22.77,65.12,,,,,,,,,,,
BG-NER-0259,0,background,DISTRICT_STRATIFIED_BUFFERED_REFERENCE,STRATIFIED_BUFFER_SELECTION,2007-08-26,Meghalaya,25.53984,91.70007,None (Background Reference),0,NASA_USGS_SRTM_30m,NASA_POWER_PRECTOTCORR_Daily,ISRIC_SoilGrids_2.0_Unavailable,ESA_WorldCover_Tile_Unavailable,"{'selection_method': 'district_stratified_buffer_3km', 'min_distance_km': 15.23, 'temporal_anchor': 'empirical_monsoon_distribution'}",1754.0,2.7,315.0,40.07,55.66,,,,,,,,,,,
BG-NER-0260,0,background,DISTRICT_STRATIFIED_BUFFERED_REFERENCE,STRATIFIED_BUFFER_SELECTION,2010-04-21,Meghalaya,25.17981,91.70494,None (Background Reference),0,NASA_USGS_SRTM_30m,NASA_POWER_PRECTOTCORR_Daily,ISRIC_SoilGrids_2.0_Unavailable,ESA_WorldCover_Tile_Unavailable,"{'selection_method': 'district_stratified_buffer_3km', 'min_distance_km': 28.38, 'temporal_anchor': 'empirical_monsoon_distribution'}",95.0,28.18,275.36,26.69,87.7,,,,,,,,,,,
BG-NER-0261,0,background,DISTRICT_STRATIFIED_BUFFERED_REFERENCE,STRATIFIED_BUFFER_SELECTION,2016-07-19,Meghalaya,25.84994,92.3521,None (Background Reference),0,NASA_USGS_SRTM_30m,NASA_POWER_PRECTOTCORR_Daily,ISRIC_SoilGrids_2.0_Unavailable,ESA_WorldCover_Tile_Unavailable,"{'selection_method': 'district_stratified_buffer_3km', 'min_distance_km': 43.37, 'temporal_anchor': 'empirical_monsoon_distribution'}",682.0,19.37,5.44,14.83,58.27,,,,,,,,,,,
BG-NER-0262,0,background,DISTRICT_STRATIFIED_BUFFERED_REFERENCE,STRATIFIED_BUFFER_SELECTION,2011-08-16,Meghalaya,25.63681,92.02824,None (Background Reference),0,NASA_USGS_SRTM_30m,NASA_POWER_PRECTOTCORR_Daily,ISRIC_SoilGrids_2.0_Unavailable,ESA_WorldCover_Tile_Unavailable,"{'selection_method': 'district_stratified_buffer_3km', 'min_distance_km': 10.78, 'temporal_anchor': 'empirical_monsoon_distribution'}",971.0,17.66,47.12,57.03,96.76,,,,,,,,,,,
BG-NER-0263,0,background,DISTRICT_STRATIFIED_BUFFERED_REFERENCE,STRATIFIED_BUFFER_SELECTION,2007-07-27,Meghalaya,25.80934,91.07342,None (Background Reference),0,NASA_USGS_SRTM_30m,NASA_POWER_PRECTOTCORR_Daily,ISRIC_SoilGrids_2.0_Unavailable,ESA_WorldCover_Tile_Unavailable,"{'selection_method': 'district_stratified_buffer_3km', 'min_distance_km': 15.1, 'temporal_anchor': 'empirical_monsoon_distribution'}",414.0,26.93,221.01,29.63,77.95,,,,,,,,,,,
BG-NER-0264,0,background,DISTRICT_STRATIFIED_BUFFERED_REFERENCE,STRATIFIED_BUFFER_SELECTION,2010-06-09,Meghalaya,26.04972,91.30955,None (Background Reference),0,NASA_USGS_SRTM_30m,NASA_POWER_PRECTOTCORR_Daily,ISRIC_SoilGrids_2.0_Unavailable,ESA_WorldCover_Tile_Unavailable,"{'selection_method': 'district_stratified_buffer_3km', 'min_distance_km': 11.46, 'temporal_anchor': 'empirical_monsoon_distribution'}",47.0,1.91,180.0,21.72,69.05,,,,,,,,,,,
BG-NER-0265,0,background,DISTRICT_STRATIFIED_BUFFERED_REFERENCE,STRATIFIED_BUFFER_SELECTION,2007-07-27,Meghalaya,25.39851,90.70149,None (Background Reference),0,NASA_USGS_SRTM_30m,NASA_POWER_PRECTOTCORR_Daily,ISRIC_SoilGrids_2.0_Unavailable,ESA_WorldCover_Tile_Unavailable,"{'selection_method': 'district_stratified_buffer_3km', 'min_distance_km': 24.78, 'temporal_anchor': 'empirical_monsoon_distribution'}",533.0,7.65,7.13,36.68,115.48,,,,,,,,,,,
BG-NER-0266,0,background,DISTRICT_STRATIFIED_BUFFERED_REFERENCE,STRATIFIED_BUFFER_SELECTION,2007-08-26,Meghalaya,25.67788,91.44972,None (Background Reference),0,NASA_USGS_SRTM_30m,NASA_POWER_PRECTOTCORR_Daily,ISRIC_SoilGrids_2.0_Unavailable,ESA_WorldCover_Tile_Unavailable,"{'selection_method': 'district_stratified_buffer_3km', 'min_distance_km': 25.16, 'temporal_anchor': 'empirical_monsoon_distribution'}",1019.0,15.61,342.65,38.77,56.82,,,,,,,,,,,
BG-NER-0267,0,background,DISTRICT_STRATIFIED_BUFFERED_REFERENCE,STRATIFIED_BUFFER_SELECTION,2007-07-27,Meghalaya,26.08076,90.04399,None (Background Reference),0,NASA_USGS_SRTM_30m,NASA_POWER_PRECTOTCORR_Daily,ISRIC_SoilGrids_2.0_Unavailable,ESA_WorldCover_Tile_Unavailable,"{'selection_method': 'district_stratified_buffer_3km', 'min_distance_km': 42.12, 'temporal_anchor': 'empirical_monsoon_distribution'}",32.0,3.02,108.43,34.52,98.55,,,,,,,,,,,
BG-NER-0268,0,background,DISTRICT_STRATIFIED_BUFFERED_REFERENCE,STRATIFIED_BUFFER_SELECTION,2010-04-21,Meghalaya,25.13179,91.4152,None (Background Reference),0,NASA_USGS_SRTM_30m,NASA_POWER_PRECTOTCORR_Daily,ISRIC_SoilGrids_2.0_Unavailable,ESA_WorldCover_Tile_Unavailable,"{'selection_method': 'district_stratified_buffer_3km', 'min_distance_km': 42.6, 'temporal_anchor': 'empirical_monsoon_distribution'}",17.0,2.13,206.57,23.15,78.06,,,,,,,,,,,
BG-NER-0269,0,background,DISTRICT_STRATIFIED_BUFFERED_REFERENCE,STRATIFIED_BUFFER_SELECTION,2007-09-11,Meghalaya,25.88547,91.85801,None (Background Reference),0,NASA_USGS_SRTM_30m,NASA_POWER_PRECTOTCORR_Daily,ISRIC_SoilGrids_2.0_Unavailable,ESA_WorldCover_Tile_Unavailable,"{'selection_method': 'district_stratified_buffer_3km', 'min_distance_km': 9.42, 'temporal_anchor': 'empirical_monsoon_distribution'}",604.0,38.71,266.42,0.96,25.05,,,,,,,,,,,
BG-NER-0270,0,background,DISTRICT_STRATIFIED_BUFFERED_REFERENCE,STRATIFIED_BUFFER_SELECTION,2015-06-16,Meghalaya,25.19749,92.41935,None (Background Reference),0,NASA_USGS_SRTM_30m,NASA_POWER_PRECTOTCORR_Daily,ISRIC_SoilGrids_2.0_Unavailable,ESA_WorldCover_Tile_Unavailable,"{'selection_method': 'district_stratified_buffer_3km', 'min_distance_km': 7.33, 'temporal_anchor': 'empirical_monsoon_distribution'}",512.0,14.59,140.19,16.14,39.61,,,,,,,,,,,
BG-NER-0271,0,background,DISTRICT_STRATIFIED_BUFFERED_REFERENCE,STRATIFIED_BUFFER_SELECTION,2015-08-19,Meghalaya,25.74983,92.63691,None (Background Reference),0,NASA_USGS_SRTM_30m,NASA_POWER_PRECTOTCORR_Daily,ISRIC_SoilGrids_2.0_Unavailable,ESA_WorldCover_Tile_Unavailable,"{'selection_method': 'district_stratified_buffer_3km', 'min_distance_km': 43.5, 'temporal_anchor': 'empirical_monsoon_distribution'}",562.0,11.98,315.0,35.06,81.02,,,,,,,,,,,
BG-NER-0272,0,background,DISTRICT_STRATIFIED_BUFFERED_REFERENCE,STRATIFIED_BUFFER_SELECTION,2014-09-24,Meghalaya,25.85464,92.25443,None (Background Reference),0,NASA_USGS_SRTM_30m,NASA_POWER_PRECTOTCORR_Daily,ISRIC_SoilGrids_2.0_Unavailable,ESA_WorldCover_Tile_Unavailable,"{'selection_method': 'district_stratified_buffer_3km', 'min_distance_km': 38.34, 'temporal_anchor': 'empirical_monsoon_distribution'}",779.0,11.0,239.04,3.02,125.85,,,,,,,,,,,
BG-NER-0273,0,background,DISTRICT_STRATIFIED_BUFFERED_REFERENCE,STRATIFIED_BUFFER_SELECTION,2015-09-06,Meghalaya,26.06103,92.0141,None (Background Reference),0,NASA_USGS_SRTM_30m,NASA_POWER_PRECTOTCORR_Daily,ISRIC_SoilGrids_2.0_Unavailable,ESA_WorldCover_Tile_Unavailable,"{'selection_method': 'district_stratified_buffer_3km', 'min_distance_km': 14.12, 'temporal_anchor': 'empirical_monsoon_distribution'}",261.0,13.42,65.22,0.87,29.57,,,,,,,,,,,
BG-NER-0274,0,background,DISTRICT_STRATIFIED_BUFFERED_REFERENCE,STRATIFIED_BUFFER_SELECTION,2015-09-23,Meghalaya,25.62696,91.46393,None (Background Reference),0,NASA_USGS_SRTM_30m,NASA_POWER_PRECTOTCORR_Daily,ISRIC_SoilGrids_2.0_Unavailable,ESA_WorldCover_Tile_Unavailable,"{'selection_method': 'district_stratified_buffer_3km', 'min_distance_km': 22.8, 'temporal_anchor': 'empirical_monsoon_distribution'}",1254.0,27.51,50.19,48.44,117.79,,,,,,,,,,,
BG-NER-0275,0,background,DISTRICT_STRATIFIED_BUFFERED_REFERENCE,STRATIFIED_BUFFER_SELECTION,2015-09-05,Meghalaya,25.73995,91.7491,None (Background Reference),0,NASA_USGS_SRTM_30m,NASA_POWER_PRECTOTCORR_Daily,ISRIC_SoilGrids_2.0_Unavailable,ESA_WorldCover_Tile_Unavailable,"{'selection_method': 'district_stratified_buffer_3km', 'min_distance_km': 21.59, 'temporal_anchor': 'empirical_monsoon_distribution'}",737.0,7.83,255.96,6.89,72.47,,,,,,,,,,,
BG-NER-0276,0,background,DISTRICT_STRATIFIED_BUFFERED_REFERENCE,STRATIFIED_BUFFER_SELECTION,2010-06-09,Meghalaya,25.24926,91.16693,None (Background Reference),0,NASA_USGS_SRTM_30m,NASA_POWER_PRECTOTCORR_Daily,ISRIC_SoilGrids_2.0_Unavailable,ESA_WorldCover_Tile_Unavailable,"{'selection_method': 'district_stratified_buffer_3km', 'min_distance_km': 28.86, 'temporal_anchor': 'empirical_monsoon_distribution'}",493.0,44.29,123.15,16.74,60.3,,,,,,,,,,,
BG-NER-0277,0,background,DISTRICT_STRATIFIED_BUFFERED_REFERENCE,STRATIFIED_BUFFER_SELECTION,2007-07-26,Meghalaya,26.09067,90.74435,None (Background Reference),0,NASA_USGS_SRTM_30m,NASA_POWER_PRECTOTCORR_Daily,ISRIC_SoilGrids_2.0_Unavailable,ESA_WorldCover_Tile_Unavailable,"{'selection_method': 'district_stratified_buffer_3km', 'min_distance_km': 35.02, 'temporal_anchor': 'empirical_monsoon_distribution'}",46.0,2.7,135.0,30.27,69.55,,,,,,,,,,,
BG-NER-0278,0,background,DISTRICT_STRATIFIED_BUFFERED_REFERENCE,STRATIFIED_BUFFER_SELECTION,2007-09-11,Meghalaya,25.47136,92.02662,None (Background Reference),0,NASA_USGS_SRTM_30m,NASA_POWER_PRECTOTCORR_Daily,ISRIC_SoilGrids_2.0_Unavailable,ESA_WorldCover_Tile_Unavailable,"{'selection_method': 'district_stratified_buffer_3km', 'min_distance_km': 10.02, 'temporal_anchor': 'empirical_monsoon_distribution'}",1520.0,15.61,107.35,5.68,53.99,,,,,,,,,,,
BG-NER-0279,0,background,DISTRICT_STRATIFIED_BUFFERED_REFERENCE,STRATIFIED_BUFFER_SELECTION,2010-05-11,Meghalaya,25.18874,91.74701,None (Background Reference),0,NASA_USGS_SRTM_30m,NASA_POWER_PRECTOTCORR_Daily,ISRIC_SoilGrids_2.0_Unavailable,ESA_WorldCover_Tile_Unavailable,"{'selection_method': 'district_stratified_buffer_3km', 'min_distance_km': 25.12, 'temporal_anchor': 'empirical_monsoon_distribution'}",176.0,19.31,272.73,16.4,43.46,,,,,,,,,,,
BG-NER-0280,0,background,DISTRICT_STRATIFIED_BUFFERED_REFERENCE,STRATIFIED_BUFFER_SELECTION,2015-08-19,Meghalaya,25.92908,90.33198,None (Background Reference),0,NASA_USGS_SRTM_30m,NASA_POWER_PRECTOTCORR_Daily,ISRIC_SoilGrids_2.0_Unavailable,ESA_WorldCover_Tile_Unavailable,"{'selection_method': 'district_stratified_buffer_3km', 'min_distance_km': 22.19, 'temporal_anchor': 'empirical_monsoon_distribution'}",98.0,3.93,345.96,33.11,72.01,,,,,,,,,,,
BG-NER-0281,0,background,DISTRICT_STRATIFIED_BUFFERED_REFERENCE,STRATIFIED_BUFFER_SELECTION,2014-09-21,Meghalaya,25.62174,92.41742,None (Background Reference),0,NASA_USGS_SRTM_30m,NASA_POWER_PRECTOTCORR_Daily,ISRIC_SoilGrids_2.0_Unavailable,ESA_WorldCover_Tile_Unavailable,"{'selection_method': 'district_stratified_buffer_3km', 'min_distance_km': 27.13, 'temporal_anchor': 'empirical_monsoon_distribution'}",820.0,8.1,69.44,51.71,105.96,,,,,,,,,,,
BG-NER-0282,0,background,DISTRICT_STRATIFIED_BUFFERED_REFERENCE,STRATIFIED_BUFFER_SELECTION,2015-06-16,Meghalaya,25.33099,90.20636,None (Background Reference),0,NASA_USGS_SRTM_30m,NASA_POWER_PRECTOTCORR_Daily,ISRIC_SoilGrids_2.0_Unavailable,ESA_WorldCover_Tile_Unavailable,"{'selection_method': 'district_stratified_buffer_3km', 'min_distance_km': 19.77, 'temporal_anchor': 'empirical_monsoon_distribution'}",113.0,11.0,120.96,27.16,62.64,,,,,,,,,,,
BG-NER-0283,0,background,DISTRICT_STRATIFIED_BUFFERED_REFERENCE,STRATIFIED_BUFFER_SELECTION,2014-09-23,Meghalaya,25.18488,92.1959,None (Background Reference),0,NASA_USGS_SRTM_30m,NASA_POWER_PRECTOTCORR_Daily,ISRIC_SoilGrids_2.0_Unavailable,ESA_WorldCover_Tile_Unavailable,"{'selection_method': 'district_stratified_buffer_3km', 'min_distance_km': 19.02, 'temporal_anchor': 'empirical_monsoon_distribution'}",536.0,11.5,325.01,70.05,155.42,,,,,,,,,,,
BG-NER-0284,0,background,DISTRICT_STRATIFIED_BUFFERED_REFERENCE,STRATIFIED_BUFFER_SELECTION,2014-10-05,Meghalaya,25.98064,92.11229,None (Background Reference),0,NASA_USGS_SRTM_30m,NASA_POWER_PRECTOTCORR_Daily,ISRIC_SoilGrids_2.0_Unavailable,ESA_WorldCover_Tile_Unavailable,"{'selection_method': 'district_stratified_buffer_3km', 'min_distance_km': 25.38, 'temporal_anchor': 'empirical_monsoon_distribution'}",370.0,10.68,225.0,0.0,0.0,,,,,,,,,,,
BG-NER-0285,0,background,DISTRICT_STRATIFIED_BUFFERED_REFERENCE,STRATIFIED_BUFFER_SELECTION,2015-06-13,Meghalaya,25.99403,92.59729,None (Background Reference),0,NASA_USGS_SRTM_30m,NASA_POWER_PRECTOTCORR_Daily,ISRIC_SoilGrids_2.0_Unavailable,ESA_WorldCover_Tile_Unavailable,"{'selection_method': 'district_stratified_buffer_3km', 'min_distance_km': 65.48, 'temporal_anchor': 'empirical_monsoon_distribution'}",86.0,3.44,33.69,10.59,51.62,,,,,,,,,,,
BG-NER-0286,0,background,DISTRICT_STRATIFIED_BUFFERED_REFERENCE,STRATIFIED_BUFFER_SELECTION,2010-09-13,Mizoram,23.54387,93.34878,None (Background Reference),0,NASA_USGS_SRTM_30m,NASA_POWER_PRECTOTCORR_Daily,ISRIC_SoilGrids_2.0_Unavailable,ESA_WorldCover_Tile_Unavailable,"{'selection_method': 'district_stratified_buffer_3km', 'min_distance_km': 3.04, 'temporal_anchor': 'empirical_monsoon_distribution'}",1488.0,29.63,275.04,5.92,10.64,,,,,,,,,,,
BG-NER-0287,0,background,DISTRICT_STRATIFIED_BUFFERED_REFERENCE,STRATIFIED_BUFFER_SELECTION,2009-10-05,Mizoram,23.23692,92.56482,None (Background Reference),0,NASA_USGS_SRTM_30m,NASA_POWER_PRECTOTCORR_Daily,ISRIC_SoilGrids_2.0_Unavailable,ESA_WorldCover_Tile_Unavailable,"{'selection_method': 'district_stratified_buffer_3km', 'min_distance_km': 26.41, 'temporal_anchor': 'empirical_monsoon_distribution'}",739.0,22.37,158.63,16.97,61.92,,,,,,,,,,,
BG-NER-0288,0,background,DISTRICT_STRATIFIED_BUFFERED_REFERENCE,STRATIFIED_BUFFER_SELECTION,2015-08-28,Mizoram,22.03176,92.94168,None (Background Reference),0,NASA_USGS_SRTM_30m,NASA_POWER_PRECTOTCORR_Daily,ISRIC_SoilGrids_2.0_Unavailable,ESA_WorldCover_Tile_Unavailable,"{'selection_method': 'district_stratified_buffer_3km', 'min_distance_km': 49.8, 'temporal_anchor': 'empirical_monsoon_distribution'}",385.0,31.14,245.56,22.42,34.89,,,,,,,,,,,
BG-NER-0289,0,background,DISTRICT_STRATIFIED_BUFFERED_REFERENCE,STRATIFIED_BUFFER_SELECTION,2015-08-26,Mizoram,23.47425,92.83508,None (Background Reference),0,NASA_USGS_SRTM_30m,NASA_POWER_PRECTOTCORR_Daily,ISRIC_SoilGrids_2.0_Unavailable,ESA_WorldCover_Tile_Unavailable,"{'selection_method': 'district_stratified_buffer_3km', 'min_distance_km': 3.68, 'temporal_anchor': 'empirical_monsoon_distribution'}",818.0,28.49,190.62,2.27,5.33,,,,,,,,,,,
BG-NER-0290,0,background,DISTRICT_STRATIFIED_BUFFERED_REFERENCE,STRATIFIED_BUFFER_SELECTION,2010-09-13,Mizoram,23.36467,93.11244,None (Background Reference),0,NASA_USGS_SRTM_30m,NASA_POWER_PRECTOTCORR_Daily,ISRIC_SoilGrids_2.0_Unavailable,ESA_WorldCover_Tile_Unavailable,"{'selection_method': 'district_stratified_buffer_3km', 'min_distance_km': 4.48, 'temporal_anchor': 'empirical_monsoon_distribution'}",1521.0,6.38,296.57,5.92,10.64,,,,,,,,,,,
BG-NER-0291,0,background,DISTRICT_STRATIFIED_BUFFERED_REFERENCE,STRATIFIED_BUFFER_SELECTION,2015-09-14,Mizoram,23.35916,93.14303,None (Background Reference),0,NASA_USGS_SRTM_30m,NASA_POWER_PRECTOTCORR_Daily,ISRIC_SoilGrids_2.0_Unavailable,ESA_WorldCover_Tile_Unavailable,"{'selection_method': 'district_stratified_buffer_3km', 'min_distance_km': 7.17, 'temporal_anchor': 'empirical_monsoon_distribution'}",1209.0,21.68,213.02,12.28,31.44,,,,,,,,,,,
BG-NER-0292,0,background,DISTRICT_STRATIFIED_BUFFERED_REFERENCE,STRATIFIED_BUFFER_SELECTION,2015-08-27,Mizoram,23.56249,93.07867,None (Background Reference),0,NASA_USGS_SRTM_30m,NASA_POWER_PRECTOTCORR_Daily,ISRIC_SoilGrids_2.0_Unavailable,ESA_WorldCover_Tile_Unavailable,"{'selection_method': 'district_stratified_buffer_3km', 'min_distance_km': 15.52, 'temporal_anchor': 'empirical_monsoon_distribution'}",830.0,12.64,221.99,5.0,8.31,,,,,,,,,,,
BG-NER-0293,0,background,DISTRICT_STRATIFIED_BUFFERED_REFERENCE,STRATIFIED_BUFFER_SELECTION,2010-08-06,Mizoram,24.10814,92.90849,None (Background Reference),0,NASA_USGS_SRTM_30m,NASA_POWER_PRECTOTCORR_Daily,ISRIC_SoilGrids_2.0_Unavailable,ESA_WorldCover_Tile_Unavailable,"{'selection_method': 'district_stratified_buffer_3km', 'min_distance_km': 22.09, 'temporal_anchor': 'empirical_monsoon_distribution'}",508.0,8.74,229.4,0.52,11.39,,,,,,,,,,,
BG-NER-0294,0,background,DISTRICT_STRATIFIED_BUFFERED_REFERENCE,STRATIFIED_BUFFER_SELECTION,2010-09-13,Mizoram,23.96309,93.20731,None (Background Reference),0,NASA_USGS_SRTM_30m,NASA_POWER_PRECTOTCORR_Daily,ISRIC_SoilGrids_2.0_Unavailable,ESA_WorldCover_Tile_Unavailable,"{'selection_method': 'district_stratified_buffer_3km', 'min_distance_km': 20.6, 'temporal_anchor': 'empirical_monsoon_distribution'}",1072.0,21.68,326.98,7.48,12.94,,,,,,,,,,,
BG-NER-0295,0,background,DISTRICT_STRATIFIED_BUFFERED_REFERENCE,STRATIFIED_BUFFER_SELECTION,2015-08-26,Mizoram,24.44767,92.32331,None (Background Reference),0,NASA_USGS_SRTM_30m,NASA_POWER_PRECTOTCORR_Daily,ISRIC_SoilGrids_2.0_Unavailable,ESA_WorldCover_Tile_Unavailable,"{'selection_method': 'district_stratified_buffer_3km', 'min_distance_km': 17.4, 'temporal_anchor': 'empirical_monsoon_distribution'}",38.0,0.95,180.0,3.84,11.41,,,,,,,,,,,
BG-NER-0296,0,background,DISTRICT_STRATIFIED_BUFFERED_REFERENCE,STRATIFIED_BUFFER_SELECTION,2015-09-14,Mizoram,22.05923,92.84591,None (Background Reference),0,NASA_USGS_SRTM_30m,NASA_POWER_PRECTOTCORR_Daily,ISRIC_SoilGrids_2.0_Unavailable,ESA_WorldCover_Tile_Unavailable,"{'selection_method': 'district_stratified_buffer_3km', 'min_distance_km': 48.31, 'temporal_anchor': 'empirical_monsoon_distribution'}",210.0,40.94,87.8,0.83,30.65,,,,,,,,,,,
BG-NER-0297,0,background,DISTRICT_STRATIFIED_BUFFERED_REFERENCE,STRATIFIED_BUFFER_SELECTION,2010-09-13,Mizoram,23.14138,92.54175,None (Background Reference),0,NASA_USGS_SRTM_30m,NASA_POWER_PRECTOTCORR_Daily,ISRIC_SoilGrids_2.0_Unavailable,ESA_WorldCover_Tile_Unavailable,"{'selection_method': 'district_stratified_buffer_3km', 'min_distance_km': 34.75, 'temporal_anchor': 'empirical_monsoon_distribution'}",312.0,11.35,318.37,8.74,18.95,,,,,,,,,,,
BG-NER-0298,0,background,DISTRICT_STRATIFIED_BUFFERED_REFERENCE,STRATIFIED_BUFFER_SELECTION,2015-08-27,Mizoram,23.83137,92.72469,None (Background Reference),0,NASA_USGS_SRTM_30m,NASA_POWER_PRECTOTCORR_Daily,ISRIC_SoilGrids_2.0_Unavailable,ESA_WorldCover_Tile_Unavailable,"{'selection_method': 'district_stratified_buffer_3km', 'min_distance_km': 8.76, 'temporal_anchor': 'empirical_monsoon_distribution'}",792.0,34.42,288.43,5.48,9.52,,,,,,,,,,,
BG-NER-0299,0,background,DISTRICT_STRATIFIED_BUFFERED_REFERENCE,STRATIFIED_BUFFER_SELECTION,2012-11-11,Mizoram,23.96665,92.5715,None (Background Reference),0,NASA_USGS_SRTM_30m,NASA_POWER_PRECTOTCORR_Daily,ISRIC_SoilGrids_2.0_Unavailable,ESA_WorldCover_Tile_Unavailable,"{'selection_method': 'district_stratified_buffer_3km', 'min_distance_km': 13.24, 'temporal_anchor': 'empirical_monsoon_distribution'}",511.0,35.02,357.27,0.0,0.09,,,,,,,,,,,
BG-NER-0300,0,background,DISTRICT_STRATIFIED_BUFFERED_REFERENCE,STRATIFIED_BUFFER_SELECTION,2010-09-13,Mizoram,23.91861,93.0647,None (Background Reference),0,NASA_USGS_SRTM_30m,NASA_POWER_PRECTOTCORR_Daily,ISRIC_SoilGrids_2.0_Unavailable,ESA_WorldCover_Tile_Unavailable,"{'selection_method': 'district_stratified_buffer_3km', 'min_distance_km': 8.33, 'temporal_anchor': 'empirical_monsoon_distribution'}",263.0,41.09,45.0,7.48,12.94,,,,,,,,,,,
BG-NER-0301,0,background,DISTRICT_STRATIFIED_BUFFERED_REFERENCE,STRATIFIED_BUFFER_SELECTION,2007-09-29,Mizoram,23.94052,92.72827,None (Background Reference),0,NASA_USGS_SRTM_30m,NASA_POWER_PRECTOTCORR_Daily,ISRIC_SoilGrids_2.0_Unavailable,ESA_WorldCover_Tile_Unavailable,"{'selection_method': 'district_stratified_buffer_3km', 'min_distance_km': 12.63, 'temporal_anchor': 'empirical_monsoon_distribution'}",714.0,35.02,177.27,4.42,4.61,,,,,,,,,,,
BG-NER-0302,0,background,DISTRICT_STRATIFIED_BUFFERED_REFERENCE,STRATIFIED_BUFFER_SELECTION,2010-09-13,Mizoram,23.02975,93.11475,None (Background Reference),0,NASA_USGS_SRTM_30m,NASA_POWER_PRECTOTCORR_Daily,ISRIC_SoilGrids_2.0_Unavailable,ESA_WorldCover_Tile_Unavailable,"{'selection_method': 'district_stratified_buffer_3km', 'min_distance_km': 35.17, 'temporal_anchor': 'empirical_monsoon_distribution'}",660.0,27.91,245.85,5.03,10.88,,,,,,,,,,,
BG-NER-0303,0,background,DISTRICT_STRATIFIED_BUFFERED_REFERENCE,STRATIFIED_BUFFER_SELECTION,2010-09-13,Mizoram,24.10046,93.29246,None (Background Reference),0,NASA_USGS_SRTM_30m,NASA_POWER_PRECTOTCORR_Daily,ISRIC_SoilGrids_2.0_Unavailable,ESA_WorldCover_Tile_Unavailable,"{'selection_method': 'district_stratified_buffer_3km', 'min_distance_km': 28.56, 'temporal_anchor': 'empirical_monsoon_distribution'}",1223.0,26.32,237.38,7.48,12.94,,,,,,,,,,,
BG-NER-0304,0,background,DISTRICT_STRATIFIED_BUFFERED_REFERENCE,STRATIFIED_BUFFER_SELECTION,2015-08-27,Mizoram,22.71442,93.22186,None (Background Reference),0,NASA_USGS_SRTM_30m,NASA_POWER_PRECTOTCORR_Daily,ISRIC_SoilGrids_2.0_Unavailable,ESA_WorldCover_Tile_Unavailable,"{'selection_method': 'district_stratified_buffer_3km', 'min_distance_km': 37.01, 'temporal_anchor': 'empirical_monsoon_distribution'}",1933.0,23.81,100.89,6.43,9.96,,,,,,,,,,,
BG-NER-0305,0,background,DISTRICT_STRATIFIED_BUFFERED_REFERENCE,STRATIFIED_BUFFER_SELECTION,2010-09-16,Mizoram,24.49611,92.60757,None (Background Reference),0,NASA_USGS_SRTM_30m,NASA_POWER_PRECTOTCORR_Daily,ISRIC_SoilGrids_2.0_Unavailable,ESA_WorldCover_Tile_Unavailable,"{'selection_method': 'district_stratified_buffer_3km', 'min_distance_km': 10.4, 'temporal_anchor': 'empirical_monsoon_distribution'}",31.0,2.7,135.0,10.26,34.08,,,,,,,,,,,
BG-NER-0306,0,background,DISTRICT_STRATIFIED_BUFFERED_REFERENCE,STRATIFIED_BUFFER_SELECTION,2007-07-30,Mizoram,22.27045,93.15545,None (Background Reference),0,NASA_USGS_SRTM_30m,NASA_POWER_PRECTOTCORR_Daily,ISRIC_SoilGrids_2.0_Unavailable,ESA_WorldCover_Tile_Unavailable,"{'selection_method': 'district_stratified_buffer_3km', 'min_distance_km': 30.22, 'temporal_anchor': 'empirical_monsoon_distribution'}",901.0,29.71,353.29,0.31,3.17,,,,,,,,,,,
BG-NER-0307,0,background,DISTRICT_STRATIFIED_BUFFERED_REFERENCE,STRATIFIED_BUFFER_SELECTION,2012-11-11,Mizoram,23.99007,92.58573,None (Background Reference),0,NASA_USGS_SRTM_30m,NASA_POWER_PRECTOTCORR_Daily,ISRIC_SoilGrids_2.0_Unavailable,ESA_WorldCover_Tile_Unavailable,"{'selection_method': 'district_stratified_buffer_3km', 'min_distance_km': 10.53, 'temporal_anchor': 'empirical_monsoon_distribution'}",361.0,16.43,137.29,0.0,0.09,,,,,,,,,,,
BG-NER-0308,0,background,DISTRICT_STRATIFIED_BUFFERED_REFERENCE,STRATIFIED_BUFFER_SELECTION,2015-08-28,Mizoram,22.5148,93.10142,None (Background Reference),0,NASA_USGS_SRTM_30m,NASA_POWER_PRECTOTCORR_Daily,ISRIC_SoilGrids_2.0_Unavailable,ESA_WorldCover_Tile_Unavailable,"{'selection_method': 'district_stratified_buffer_3km', 'min_distance_km': 14.37, 'temporal_anchor': 'empirical_monsoon_distribution'}",696.0,16.43,227.29,16.48,25.43,,,,,,,,,,,
BG-NER-0309,0,background,DISTRICT_STRATIFIED_BUFFERED_REFERENCE,STRATIFIED_BUFFER_SELECTION,2010-09-16,Mizoram,22.37967,93.13296,None (Background Reference),0,NASA_USGS_SRTM_30m,NASA_POWER_PRECTOTCORR_Daily,ISRIC_SoilGrids_2.0_Unavailable,ESA_WorldCover_Tile_Unavailable,"{'selection_method': 'district_stratified_buffer_3km', 'min_distance_km': 20.32, 'temporal_anchor': 'empirical_monsoon_distribution'}",969.0,22.49,139.9,1.7,14.01,,,,,,,,,,,
BG-NER-0310,0,background,DISTRICT_STRATIFIED_BUFFERED_REFERENCE,STRATIFIED_BUFFER_SELECTION,2010-09-13,Mizoram,23.43443,92.68387,None (Background Reference),0,NASA_USGS_SRTM_30m,NASA_POWER_PRECTOTCORR_Daily,ISRIC_SoilGrids_2.0_Unavailable,ESA_WorldCover_Tile_Unavailable,"{'selection_method': 'district_stratified_buffer_3km', 'min_distance_km': 13.1, 'temporal_anchor': 'empirical_monsoon_distribution'}",538.0,38.98,302.38,9.93,17.18,,,,,,,,,,,
BG-NER-0311,0,background,DISTRICT_STRATIFIED_BUFFERED_REFERENCE,STRATIFIED_BUFFER_SELECTION,2016-07-28,Mizoram,23.61366,93.27547,None (Background Reference),0,NASA_USGS_SRTM_30m,NASA_POWER_PRECTOTCORR_Daily,ISRIC_SoilGrids_2.0_Unavailable,ESA_WorldCover_Tile_Unavailable,"{'selection_method': 'district_stratified_buffer_3km', 'min_distance_km': 13.32, 'temporal_anchor': 'empirical_monsoon_distribution'}",1228.0,28.59,246.57,7.01,19.12,,,,,,,,,,,
BG-NER-0312,0,background,DISTRICT_STRATIFIED_BUFFERED_REFERENCE,STRATIFIED_BUFFER_SELECTION,2010-09-16,Mizoram,24.37278,92.79706,None (Background Reference),0,NASA_USGS_SRTM_30m,NASA_POWER_PRECTOTCORR_Daily,ISRIC_SoilGrids_2.0_Unavailable,ESA_WorldCover_Tile_Unavailable,"{'selection_method': 'district_stratified_buffer_3km', 'min_distance_km': 17.9, 'temporal_anchor': 'empirical_monsoon_distribution'}",53.0,1.35,315.0,10.26,34.08,,,,,,,,,,,
BG-NER-0313,0,background,DISTRICT_STRATIFIED_BUFFERED_REFERENCE,STRATIFIED_BUFFER_SELECTION,2010-06-03,Tripura,23.59983,91.36588,None (Background Reference),0,NASA_USGS_SRTM_30m,NASA_POWER_PRECTOTCORR_Daily,ISRIC_SoilGrids_2.0_Unavailable,ESA_WorldCover_Tile_Unavailable,"{'selection_method': 'district_stratified_buffer_3km', 'min_distance_km': 52.08, 'temporal_anchor': 'empirical_monsoon_distribution'}",33.0,6.09,128.66,35.69,73.43,,,,,,,,,,,
BG-NER-0314,0,background,DISTRICT_STRATIFIED_BUFFERED_REFERENCE,STRATIFIED_BUFFER_SELECTION,2014-08-14,Tripura,23.09163,92.20519,None (Background Reference),0,NASA_USGS_SRTM_30m,NASA_POWER_PRECTOTCORR_Daily,ISRIC_SoilGrids_2.0_Unavailable,ESA_WorldCover_Tile_Unavailable,"{'selection_method': 'district_stratified_buffer_3km', 'min_distance_km': 50.65, 'temporal_anchor': 'empirical_monsoon_distribution'}",48.0,4.04,45.0,59.89,142.28,,,,,,,,,,,
BG-NER-0315,0,background,DISTRICT_STRATIFIED_BUFFERED_REFERENCE,STRATIFIED_BUFFER_SELECTION,2010-06-03,Tripura,23.01097,91.94279,None (Background Reference),0,NASA_USGS_SRTM_30m,NASA_POWER_PRECTOTCORR_Daily,ISRIC_SoilGrids_2.0_Unavailable,ESA_WorldCover_Tile_Unavailable,"{'selection_method': 'district_stratified_buffer_3km', 'min_distance_km': 23.07, 'temporal_anchor': 'empirical_monsoon_distribution'}",127.0,6.85,213.69,41.78,77.6,,,,,,,,,,,
