sample_id,label,latitude,longitude,elevation_m,slope_deg,aspect_deg,rainfall_24h_mm,rainfall_72h_mm,rainfall_surround_max_mm,soil_clay_pct,soil_sand_pct,soil_silt_pct,soil_bulk_density,soil_ph,soil_organic_carbon,lc_tree_cover,lc_builtup,saturation_pct,cohesion_kpa,split_target,state,district,corridor,event_date,geology,trigger,sample_type,data_pedigree
LS-POS-0001,1,27.2122,88.6754,1931.0,42.37,278.9,27.86,82.36,39.81,18.2,58.6,23.2,1.48,5.1,18.5,1.0,0.0,57.7,8.8,TRAIN,Sikkim,North Sikkim,Sikkim & NH-10 Corridor,2020-08-11,Disang Shale,High Intensity Rain,POSITIVE_LANDSLIDE,REAL_OBSERVATION
LS-POS-0002,1,27.3708,88.554,686.0,51.28,211.7,6.46,32.17,15.55,24.0,48.0,28.0,1.39,5.2,22.0,1.0,0.0,47.3,20.8,TRAIN,Sikkim,West Sikkim,Sikkim & NH-10 Corridor,2022-09-15,Granite Gneiss,Prolonged Downpour,POSITIVE_LANDSLIDE,REAL_OBSERVATION
LS-POS-0003,1,27.3782,88.2035,690.4,40.59,212.0,9.96,29.51,14.26,18.2,58.6,23.2,1.48,5.1,18.5,1.0,0.0,42.1,21.9,TRAIN,Sikkim,North Sikkim,Sikkim & NH-10 Corridor,2021-08-14,Quartzite Schist,High Intensity Rain,POSITIVE_LANDSLIDE,REAL_OBSERVATION
LS-POS-0004,1,27.2177,88.6916,1466.8,48.64,299.4,18.28,42.41,23.76,26.5,46.0,27.5,1.36,5.3,23.5,1.0,0.0,48.9,10.1,TRAIN,Sikkim,Kalimpong,Sikkim & NH-10 Corridor,2018-09-02,Schist & Phyllite,High Intensity Rain,POSITIVE_LANDSLIDE,REAL_OBSERVATION
LS-POS-0005,1,27.3443,88.3927,677.9,33.54,54.3,3.46,28.83,13.93,24.0,48.0,28.0,1.39,5.2,22.0,1.0,0.0,42.1,8.8,TRAIN,Sikkim,West Sikkim,Sikkim & NH-10 Corridor,2019-09-15,Disang Shale,High Intensity Rain,POSITIVE_LANDSLIDE,REAL_OBSERVATION
LS-POS-0006,1,27.5865,88.3294,1809.4,35.48,254.3,18.71,69.79,33.73,18.2,58.6,23.2,1.48,5.1,18.5,1.0,0.0,52.6,21.7,TRAIN,Sikkim,North Sikkim,Sikkim & NH-10 Corridor,2022-06-18,Quartzite Schist,Prolonged Downpour,POSITIVE_LANDSLIDE,REAL_OBSERVATION
LS-POS-0007,1,27.6076,88.6474,1696.3,50.12,149.9,6.46,32.17,15.55,24.0,48.0,28.0,1.39,5.2,22.0,1.0,0.0,46.0,10.3,TRAIN,Sikkim,West Sikkim,Sikkim & NH-10 Corridor,2022-09-15,Schist & Phyllite,Prolonged Downpour,POSITIVE_LANDSLIDE,REAL_OBSERVATION
LS-POS-0008,1,27.1399,88.6144,1274.3,34.74,89.6,12.23,46.12,22.29,24.0,48.0,28.0,1.39,5.2,22.0,1.0,0.0,47.8,7.9,TRAIN,Sikkim,West Sikkim,Sikkim & NH-10 Corridor,2021-08-14,Schist & Phyllite,Monsoon Cloudburst,POSITIVE_LANDSLIDE,REAL_OBSERVATION
LS-POS-0009,1,26.9609,88.4117,1341.0,35.04,258.3,2.07,7.14,3.45,34.1,32.4,33.5,1.28,5.8,29.1,1.0,0.0,39.9,7.3,TRAIN,Sikkim,South Sikkim,Sikkim & NH-10 Corridor,2018-08-18,Disang Shale,Monsoon Cloudburst,POSITIVE_LANDSLIDE,REAL_OBSERVATION
LS-POS-0010,1,27.3742,88.6632,1789.4,49.96,145.1,31.45,54.67,40.88,28.5,44.2,27.3,1.34,5.4,24.2,1.0,0.0,52.0,20.5,TRAIN,Sikkim,East Sikkim,Sikkim & NH-10 Corridor,2021-09-02,Quartzite Schist,Prolonged Downpour,POSITIVE_LANDSLIDE,REAL_OBSERVATION
LS-POS-0011,1,27.4182,88.533,1684.8,34.59,237.6,8.72,28.77,13.91,34.1,32.4,33.5,1.28,5.8,29.1,1.0,0.0,45.8,8.4,TRAIN,Sikkim,South Sikkim,Sikkim & NH-10 Corridor,2021-08-14,Schist & Phyllite,High Intensity Rain,POSITIVE_LANDSLIDE,REAL_OBSERVATION
LS-POS-0012,1,27.4825,88.4806,1999.2,39.85,163.6,69.91,98.8,90.88,28.5,44.2,27.3,1.34,5.4,24.2,1.0,0.0,62.5,10.6,TRAIN,Sikkim,East Sikkim,Sikkim & NH-10 Corridor,2020-07-10,Disang Shale,High Intensity Rain,POSITIVE_LANDSLIDE,REAL_OBSERVATION
LS-POS-0013,1,27.0912,88.6479,1481.9,41.52,155.8,13.67,68.68,33.2,24.0,48.0,28.0,1.39,5.2,22.0,1.0,0.0,54.8,18.8,TRAIN,Sikkim,West Sikkim,Sikkim & NH-10 Corridor,2019-08-08,Granite Gneiss,Monsoon Cloudburst,POSITIVE_LANDSLIDE,REAL_OBSERVATION
LS-POS-0014,1,27.4789,88.3144,784.7,34.95,280.3,5.77,28.07,13.57,24.0,48.0,28.0,1.39,5.2,22.0,1.0,0.0,44.0,18.2,TRAIN,Sikkim,West Sikkim,Sikkim & NH-10 Corridor,2022-09-15,Granite Gneiss,Prolonged Downpour,POSITIVE_LANDSLIDE,REAL_OBSERVATION
LS-POS-0015,1,27.5126,88.2933,2212.0,40.94,118.5,6.71,25.1,12.13,18.2,58.6,23.2,1.48,5.1,18.5,0.0,0.0,41.4,9.7,TRAIN,Sikkim,North Sikkim,Sikkim & NH-10 Corridor,2018-06-14,Disang Shale,Monsoon Cloudburst,POSITIVE_LANDSLIDE,REAL_OBSERVATION
LS-POS-0016,1,27.4034,88.2003,1267.0,35.31,77.4,6.71,25.1,12.13,34.1,32.4,33.5,1.28,5.8,29.1,1.0,0.0,45.0,10.9,TRAIN,Sikkim,South Sikkim,Sikkim & NH-10 Corridor,2018-06-14,Schist & Phyllite,Prolonged Downpour,POSITIVE_LANDSLIDE,REAL_OBSERVATION
LS-POS-0017,1,27.1863,88.6715,1215.6,40.45,113.6,6.75,57.25,27.67,28.5,44.2,27.3,1.34,5.4,24.2,1.0,0.0,49.6,19.5,TRAIN,Sikkim,East Sikkim,Sikkim & NH-10 Corridor,2022-05-18,Quartzite Schist,Monsoon Cloudburst,POSITIVE_LANDSLIDE,REAL_OBSERVATION
LS-POS-0018,1,27.1228,88.5482,1896.5,31.55,156.0,3.95,18.3,8.85,28.5,44.2,27.3,1.34,5.4,24.2,1.0,0.0,41.8,7.8,TRAIN,Sikkim,East Sikkim,Sikkim & NH-10 Corridor,2018-07-22,Disang Shale,Monsoon Cloudburst,POSITIVE_LANDSLIDE,REAL_OBSERVATION
LS-POS-0019,1,26.9731,88.3725,1760.1,44.34,110.4,67.38,159.53,87.59,26.5,46.0,27.5,1.36,5.3,23.5,1.0,0.0,70.9,19.9,TRAIN,Sikkim,Kalimpong,Sikkim & NH-10 Corridor,2019-07-12,Quartzite Schist,Prolonged Downpour,POSITIVE_LANDSLIDE,REAL_OBSERVATION
LS-POS-0020,1,27.4205,88.5808,1065.9,45.48,265.4,14.35,44.08,21.31,26.5,46.0,27.5,1.36,5.3,23.5,1.0,0.0,46.1,20.7,TRAIN,Sikkim,Kalimpong,Sikkim & NH-10 Corridor,2020-08-11,Quartzite Schist,Prolonged Downpour,POSITIVE_LANDSLIDE,REAL_OBSERVATION
LS-POS-0021,1,27.5088,88.2754,1539.3,44.7,237.0,11.66,19.18,15.16,34.1,32.4,33.5,1.28,5.8,29.1,0.0,0.0,41.8,21.3,TRAIN,Sikkim,South Sikkim,Sikkim & NH-10 Corridor,2022-07-19,Quartzite Schist,High Intensity Rain,POSITIVE_LANDSLIDE,REAL_OBSERVATION
LS-POS-0022,1,27.5167,88.3743,818.3,50.57,294.7,18.71,69.79,33.73,18.2,58.6,23.2,1.48,5.1,18.5,1.0,0.0,54.6,19.2,TRAIN,Sikkim,North Sikkim,Sikkim & NH-10 Corridor,2022-06-18,Quartzite Schist,Monsoon Cloudburst,POSITIVE_LANDSLIDE,REAL_OBSERVATION
LS-POS-0023,1,27.5641,88.329,1805.0,47.61,70.1,6.71,25.1,12.13,28.5,44.2,27.3,1.34,5.4,24.2,1.0,0.0,45.5,21.2,TRAIN,Sikkim,East Sikkim,Sikkim & NH-10 Corridor,2018-06-14,Quartzite Schist,Monsoon Cloudburst,POSITIVE_LANDSLIDE,REAL_OBSERVATION
LS-POS-0024,1,27.5781,88.6502,1757.9,36.14,218.3,6.16,27.11,13.1,34.1,32.4,33.5,1.28,5.8,29.1,1.0,0.0,43.3,8.2,TRAIN,Sikkim,South Sikkim,Sikkim & NH-10 Corridor,2018-06-14,Disang Shale,High Intensity Rain,POSITIVE_LANDSLIDE,REAL_OBSERVATION
LS-POS-0025,1,27.0089,88.2808,2222.5,42.55,307.9,2.07,7.14,3.45,34.1,32.4,33.5,1.28,5.8,29.1,1.0,0.0,40.7,18.6,TRAIN,Sikkim,South Sikkim,Sikkim & NH-10 Corridor,2018-08-18,Quartzite Schist,Prolonged Downpour,POSITIVE_LANDSLIDE,REAL_OBSERVATION
LS-POS-0026,1,27.1487,88.3527,1499.8,38.76,178.4,11.92,35.72,17.26,26.5,46.0,27.5,1.36,5.3,23.5,1.0,0.0,44.1,7.0,TRAIN,Sikkim,Kalimpong,Sikkim & NH-10 Corridor,2018-06-14,Schist & Phyllite,Monsoon Cloudburst,POSITIVE_LANDSLIDE,REAL_OBSERVATION
LS-POS-0027,1,27.0752,88.3832,1952.3,45.3,204.3,9.62,55.73,26.94,28.5,44.2,27.3,1.34,5.4,24.2,1.0,0.0,52.0,20.7,TRAIN,Sikkim,East Sikkim,Sikkim & NH-10 Corridor,2021-07-28,Quartzite Schist,High Intensity Rain,POSITIVE_LANDSLIDE,REAL_OBSERVATION
LS-POS-0028,1,27.6352,88.4434,2235.7,38.43,178.0,8.72,28.77,13.91,26.5,46.0,27.5,1.36,5.3,23.5,0.0,0.0,45.5,21.1,TRAIN,Sikkim,Kalimpong,Sikkim & NH-10 Corridor,2021-08-14,Granite Gneiss,Monsoon Cloudburst,POSITIVE_LANDSLIDE,REAL_OBSERVATION
LS-POS-0029,1,27.0867,88.5612,1141.4,28.58,292.0,14.8,48.08,23.24,28.5,44.2,27.3,1.34,5.4,24.2,1.0,0.0,48.4,20.3,TRAIN,Sikkim,East Sikkim,Sikkim & NH-10 Corridor,2021-07-28,Quartzite Schist,Monsoon Cloudburst,POSITIVE_LANDSLIDE,REAL_OBSERVATION
LS-POS-0030,1,27.2091,88.2077,2274.6,38.28,65.3,11.92,35.72,17.26,26.5,46.0,27.5,1.36,5.3,23.5,1.0,0.0,43.7,7.5,TRAIN,Sikkim,Kalimpong,Sikkim & NH-10 Corridor,2018-06-14,Disang Shale,High Intensity Rain,POSITIVE_LANDSLIDE,REAL_OBSERVATION
LS-POS-0031,1,27.164,88.2955,1119.8,39.65,198.9,2.07,7.14,3.45,18.2,58.6,23.2,1.48,5.1,18.5,0.0,0.0,40.6,8.9,TRAIN,Sikkim,North Sikkim,Sikkim & NH-10 Corridor,2018-08-18,Schist & Phyllite,Prolonged Downpour,POSITIVE_LANDSLIDE,REAL_OBSERVATION
LS-POS-0032,1,27.018,88.5075,2382.6,31.36,274.1,6.75,57.25,27.67,34.1,32.4,33.5,1.28,5.8,29.1,1.0,0.0,51.0,21.1,TRAIN,Sikkim,South Sikkim,Sikkim & NH-10 Corridor,2022-05-18,Granite Gneiss,Prolonged Downpour,POSITIVE_LANDSLIDE,REAL_OBSERVATION
LS-POS-0033,1,27.0456,88.5545,1617.4,35.12,67.0,14.03,35.72,18.24,18.2,58.6,23.2,1.48,5.1,18.5,1.0,0.0,46.7,9.2,TRAIN,Sikkim,North Sikkim,Sikkim & NH-10 Corridor,2021-06-25,Disang Shale,Prolonged Downpour,POSITIVE_LANDSLIDE,REAL_OBSERVATION
LS-POS-0034,1,26.9536,88.5139,990.0,29.7,70.4,3.95,18.3,8.85,24.0,48.0,28.0,1.39,5.2,22.0,1.0,0.0,42.4,8.2,TRAIN,Sikkim,West Sikkim,Sikkim & NH-10 Corridor,2018-07-22,Disang Shale,High Intensity Rain,POSITIVE_LANDSLIDE,REAL_OBSERVATION
LS-POS-0035,1,27.3548,88.218,1464.8,41.02,55.1,3.18,25.41,12.28,26.5,46.0,27.5,1.36,5.3,23.5,1.0,0.0,40.8,19.7,TRAIN,Sikkim,Kalimpong,Sikkim & NH-10 Corridor,2022-05-18,Granite Gneiss,Prolonged Downpour,POSITIVE_LANDSLIDE,REAL_OBSERVATION
LS-POS-0036,1,27.5258,88.3801,872.4,40.53,272.3,13.03,31.38,16.94,26.5,46.0,27.5,1.36,5.3,23.5,0.0,0.0,43.2,19.6,TRAIN,Sikkim,Kalimpong,Sikkim & NH-10 Corridor,2018-09-02,Quartzite Schist,Monsoon Cloudburst,POSITIVE_LANDSLIDE,REAL_OBSERVATION
LS-POS-0037,1,27.0861,88.4057,1874.1,31.32,259.7,16.2,26.18,21.06,26.5,46.0,27.5,1.36,5.3,23.5,1.0,0.0,45.9,18.9,TRAIN,Sikkim,Kalimpong,Sikkim & NH-10 Corridor,2022-07-19,Granite Gneiss,Prolonged Downpour,POSITIVE_LANDSLIDE,REAL_OBSERVATION
LS-POS-0038,1,27.1396,88.4195,787.3,28.61,230.9,37.6,82.29,48.88,26.5,46.0,27.5,1.36,5.3,23.5,1.0,0.0,53.4,19.1,TRAIN,Sikkim,Kalimpong,Sikkim & NH-10 Corridor,2020-06-25,Granite Gneiss,High Intensity Rain,POSITIVE_LANDSLIDE,REAL_OBSERVATION
LS-POS-0039,1,26.9907,88.6576,1424.1,33.75,302.8,13.16,43.86,21.2,28.5,44.2,27.3,1.34,5.4,24.2,1.0,0.0,46.4,20.6,TRAIN,Sikkim,East Sikkim,Sikkim & NH-10 Corridor,2018-06-14,Quartzite Schist,Monsoon Cloudburst,POSITIVE_LANDSLIDE,REAL_OBSERVATION
LS-POS-0040,1,27.4665,88.4772,1720.5,38.07,69.8,16.24,46.47,22.46,24.0,48.0,28.0,1.39,5.2,22.0,1.0,0.0,48.5,21.1,TRAIN,Sikkim,West Sikkim,Sikkim & NH-10 Corridor,2021-07-28,Granite Gneiss,High Intensity Rain,POSITIVE_LANDSLIDE,REAL_OBSERVATION
LS-POS-0041,1,27.0159,88.3557,2364.1,32.21,91.8,13.41,38.3,18.51,18.2,58.6,23.2,1.48,5.1,18.5,1.0,0.0,47.4,19.6,TRAIN,Sikkim,North Sikkim,Sikkim & NH-10 Corridor,2018-09-02,Granite Gneiss,Monsoon Cloudburst,POSITIVE_LANDSLIDE,REAL_OBSERVATION
LS-POS-0042,1,27.2537,88.3993,1727.7,43.24,180.8,11.66,19.18,15.16,18.2,58.6,23.2,1.48,5.1,18.5,1.0,0.0,44.1,18.7,TRAIN,Sikkim,North Sikkim,Sikkim & NH-10 Corridor,2022-07-19,Quartzite Schist,High Intensity Rain,POSITIVE_LANDSLIDE,REAL_OBSERVATION
LS-POS-0043,1,27.5495,88.5293,935.1,29.69,149.8,25.65,52.33,33.34,18.2,58.6,23.2,1.48,5.1,18.5,1.0,0.0,46.6,7.4,TRAIN,Sikkim,North Sikkim,Sikkim & NH-10 Corridor,2020-09-22,Schist & Phyllite,High Intensity Rain,POSITIVE_LANDSLIDE,REAL_OBSERVATION
LS-POS-0044,1,27.4003,88.4291,1604.8,50.6,100.8,81.26,107.94,105.64,34.1,32.4,33.5,1.28,5.8,29.1,1.0,0.0,63.0,8.8,TRAIN,Sikkim,South Sikkim,Sikkim & NH-10 Corridor,2020-07-10,Schist & Phyllite,Monsoon Cloudburst,POSITIVE_LANDSLIDE,REAL_OBSERVATION
LS-POS-0045,1,27.1418,88.3073,1310.2,28.94,149.1,6.02,41.53,20.07,18.2,58.6,23.2,1.48,5.1,18.5,1.0,0.0,45.1,9.0,TRAIN,Sikkim,North Sikkim,Sikkim & NH-10 Corridor,2019-09-15,Disang Shale,High Intensity Rain,POSITIVE_LANDSLIDE,REAL_OBSERVATION
LS-POS-0046,1,27.4271,88.3703,1106.2,39.9,281.9,13.19,41.94,20.27,18.2,58.6,23.2,1.48,5.1,18.5,1.0,0.0,45.1,9.8,TRAIN,Sikkim,North Sikkim,Sikkim & NH-10 Corridor,2020-08-11,Schist & Phyllite,Prolonged Downpour,POSITIVE_LANDSLIDE,REAL_OBSERVATION
LS-POS-0047,1,27.4645,88.6017,1143.6,32.26,156.4,9.58,28.7,13.87,28.5,44.2,27.3,1.34,5.4,24.2,1.0,0.0,44.0,19.5,TRAIN,Sikkim,East Sikkim,Sikkim & NH-10 Corridor,2018-08-18,Quartzite Schist,High Intensity Rain,POSITIVE_LANDSLIDE,REAL_OBSERVATION
LS-POS-0048,1,27.2104,88.5882,1246.4,50.34,244.8,14.03,35.72,18.24,26.5,46.0,27.5,1.36,5.3,23.5,1.0,0.0,44.7,20.5,TRAIN,Sikkim,Kalimpong,Sikkim & NH-10 Corridor,2021-06-25,Quartzite Schist,Monsoon Cloudburst,POSITIVE_LANDSLIDE,REAL_OBSERVATION
LS-POS-0049,1,27.1168,88.3889,1585.1,39.92,150.1,16.2,26.18,21.06,28.5,44.2,27.3,1.34,5.4,24.2,1.0,0.0,43.0,18.4,TRAIN,Sikkim,East Sikkim,Sikkim & NH-10 Corridor,2022-07-19,Granite Gneiss,Monsoon Cloudburst,POSITIVE_LANDSLIDE,REAL_OBSERVATION
LS-POS-0050,1,26.9576,88.6527,809.8,35.66,166.1,47.27,96.08,61.45,24.0,48.0,28.0,1.39,5.2,22.0,1.0,0.0,56.8,10.8,TRAIN,Sikkim,West Sikkim,Sikkim & NH-10 Corridor,2021-09-02,Disang Shale,Prolonged Downpour,POSITIVE_LANDSLIDE,REAL_OBSERVATION
LS-POS-0051,1,27.1552,88.3643,1826.9,46.06,308.0,121.53,157.48,157.99,28.5,44.2,27.3,1.34,5.4,24.2,1.0,0.0,75.1,9.8,TRAIN,Sikkim,East Sikkim,Sikkim & NH-10 Corridor,2020-07-10,Disang Shale,Monsoon Cloudburst,POSITIVE_LANDSLIDE,REAL_OBSERVATION
LS-POS-0052,1,27.6472,88.2279,1939.8,41.1,250.6,37.3,80.02,48.49,34.1,32.4,33.5,1.28,5.8,29.1,0.0,0.0,54.2,21.9,TRAIN,Sikkim,South Sikkim,Sikkim & NH-10 Corridor,2020-06-25,Granite Gneiss,High Intensity Rain,POSITIVE_LANDSLIDE,REAL_OBSERVATION
LS-POS-0053,1,27.3828,88.2506,797.2,44.82,67.0,7.89,24.69,11.93,18.2,58.6,23.2,1.48,5.1,18.5,1.0,0.0,45.1,9.9,TRAIN,Sikkim,North Sikkim,Sikkim & NH-10 Corridor,2018-07-22,Schist & Phyllite,Prolonged Downpour,POSITIVE_LANDSLIDE,REAL_OBSERVATION
LS-POS-0054,1,27.0094,88.6933,1305.0,36.9,248.4,14.03,35.72,18.24,24.0,48.0,28.0,1.39,5.2,22.0,1.0,0.0,45.6,8.1,TRAIN,Sikkim,West Sikkim,Sikkim & NH-10 Corridor,2021-06-25,Schist & Phyllite,High Intensity Rain,POSITIVE_LANDSLIDE,REAL_OBSERVATION
LS-POS-0055,1,27.2134,88.2418,2010.0,41.4,162.3,12.18,52.64,25.44,34.1,32.4,33.5,1.28,5.8,29.1,1.0,0.0,47.2,21.6,TRAIN,Sikkim,South Sikkim,Sikkim & NH-10 Corridor,2019-08-08,Granite Gneiss,Prolonged Downpour,POSITIVE_LANDSLIDE,REAL_OBSERVATION
LS-POS-0056,1,27.1276,88.4026,1650.1,45.78,228.9,11.92,35.72,17.26,26.5,46.0,27.5,1.36,5.3,23.5,1.0,0.0,45.6,7.8,TRAIN,Sikkim,Kalimpong,Sikkim & NH-10 Corridor,2018-06-14,Disang Shale,Monsoon Cloudburst,POSITIVE_LANDSLIDE,REAL_OBSERVATION
LS-POS-0057,1,27.1163,88.4001,1486.0,29.99,309.0,59.34,111.13,77.14,28.5,44.2,27.3,1.34,5.4,24.2,1.0,0.0,61.2,20.3,TRAIN,Sikkim,East Sikkim,Sikkim & NH-10 Corridor,2020-09-22,Granite Gneiss,Monsoon Cloudburst,POSITIVE_LANDSLIDE,REAL_OBSERVATION
LS-POS-0058,1,27.3392,88.3613,726.0,50.19,65.4,10.8,30.06,14.53,24.0,48.0,28.0,1.39,5.2,22.0,1.0,0.0,42.7,10.4,TRAIN,Sikkim,West Sikkim,Sikkim & NH-10 Corridor,2022-08-05,Schist & Phyllite,High Intensity Rain,POSITIVE_LANDSLIDE,REAL_OBSERVATION
LS-POS-0059,1,27.0664,88.3084,1165.4,51.9,120.9,20.66,66.13,31.96,34.1,32.4,33.5,1.28,5.8,29.1,1.0,0.0,54.1,20.9,TRAIN,Sikkim,South Sikkim,Sikkim & NH-10 Corridor,2020-08-11,Quartzite Schist,High Intensity Rain,POSITIVE_LANDSLIDE,REAL_OBSERVATION
LS-POS-0060,1,27.6153,88.6451,1447.4,42.88,116.8,17.92,63.74,30.81,18.2,58.6,23.2,1.48,5.1,18.5,1.0,0.0,51.6,20.5,TRAIN,Sikkim,North Sikkim,Sikkim & NH-10 Corridor,2022-06-18,Quartzite Schist,Prolonged Downpour,POSITIVE_LANDSLIDE,REAL_OBSERVATION
NON-LS-BG-0061,0,27.2022,88.33,1263.3,26.76,246.5,9.54,30.14,14.57,28.5,44.2,27.3,1.34,5.4,24.2,1.0,0.0,45.1,9.6,TRAIN,Sikkim,East Sikkim,Sikkim & NH-10 Corridor,2021-06-25,Schist & Phyllite,None (Stable Steep Terrain),STEEP_STABLE,REAL_OBSERVATION
NON-LS-BG-0062,0,27.0638,88.6555,1869.0,15.35,335.8,0.0,0.0,0.0,26.5,46.0,27.5,1.36,5.3,23.5,1.0,0.0,35.5,8.7,TRAIN,Sikkim,Kalimpong,Sikkim & NH-10 Corridor,2021-02-10,Disang Shale,None (Stable Terrain),BACKGROUND_STABLE,REAL_OBSERVATION
NON-LS-BG-0063,0,27.5562,88.2226,563.2,7.89,135.6,3.56,3.71,4.63,28.5,44.2,27.3,1.34,5.4,24.2,0.0,0.0,36.0,20.0,TRAIN,Sikkim,East Sikkim,Sikkim & NH-10 Corridor,2018-02-14,Granite Gneiss,None (Stable Terrain),BACKGROUND_STABLE,REAL_OBSERVATION
NON-LS-BG-0064,0,27.4747,88.3965,1879.8,10.4,4.9,6.71,25.1,12.13,28.5,44.2,27.3,1.34,5.4,24.2,1.0,0.0,42.5,18.6,TRAIN,Sikkim,East Sikkim,Sikkim & NH-10 Corridor,2018-06-14,Granite Gneiss,None (Stable Terrain),BACKGROUND_STABLE,REAL_OBSERVATION
NON-LS-BG-0065,0,27.0028,88.5459,1396.3,42.94,340.1,6.6,43.84,21.19,34.1,32.4,33.5,1.28,5.8,29.1,1.0,0.0,45.2,9.4,TRAIN,Sikkim,South Sikkim,Sikkim & NH-10 Corridor,2022-09-15,Schist & Phyllite,None (Stable Steep Terrain),STEEP_STABLE,REAL_OBSERVATION
NON-LS-BG-0066,0,27.5448,88.3237,1258.9,4.68,316.2,3.94,5.17,5.12,34.1,32.4,33.5,1.28,5.8,29.1,0.0,0.0,37.1,10.7,TRAIN,Sikkim,South Sikkim,Sikkim & NH-10 Corridor,2022-03-30,Schist & Phyllite,None (Stable Terrain),BACKGROUND_STABLE,REAL_OBSERVATION
NON-LS-BG-0067,0,27.4799,88.2234,960.6,3.29,187.3,4.26,13.06,6.31,18.2,58.6,23.2,1.48,5.1,18.5,0.0,0.0,41.4,19.4,TRAIN,Sikkim,North Sikkim,Sikkim & NH-10 Corridor,2018-08-18,Granite Gneiss,None (Stable Terrain),BACKGROUND_STABLE,REAL_OBSERVATION
NON-LS-BG-0068,0,27.5465,88.476,1439.9,35.08,151.4,8.72,28.77,13.91,28.5,44.2,27.3,1.34,5.4,24.2,1.0,0.0,44.8,7.1,TRAIN,Sikkim,East Sikkim,Sikkim & NH-10 Corridor,2021-08-14,Schist & Phyllite,None (Stable Steep Terrain),STEEP_STABLE,REAL_OBSERVATION
NON-LS-BG-0069,0,27.4993,88.5197,1840.3,14.74,229.2,5.04,21.43,10.36,24.0,48.0,28.0,1.39,5.2,22.0,1.0,0.0,45.5,19.9,TRAIN,Sikkim,West Sikkim,Sikkim & NH-10 Corridor,2018-07-22,Granite Gneiss,None (Stable Terrain),BACKGROUND_STABLE,REAL_OBSERVATION
NON-LS-BG-0070,0,27.3384,88.2455,1711.3,10.12,224.0,3.94,5.17,5.12,28.5,44.2,27.3,1.34,5.4,24.2,1.0,0.0,40.8,18.3,TRAIN,Sikkim,East Sikkim,Sikkim & NH-10 Corridor,2022-03-30,Quartzite Schist,None (Stable Terrain),BACKGROUND_STABLE,REAL_OBSERVATION
NON-LS-BG-0071,0,27.5537,88.6748,761.2,41.64,352.8,4.82,32.26,15.59,18.2,58.6,23.2,1.48,5.1,18.5,1.0,0.0,45.0,9.0,TRAIN,Sikkim,North Sikkim,Sikkim & NH-10 Corridor,2019-06-28,Schist & Phyllite,None (Stable Steep Terrain),STEEP_STABLE,REAL_OBSERVATION
NON-LS-BG-0072,0,27.2948,88.3644,1558.8,47.49,54.7,24.04,39.25,31.25,34.1,32.4,33.5,1.28,5.8,29.1,0.0,0.0,49.2,9.3,TRAIN,Sikkim,South Sikkim,Sikkim & NH-10 Corridor,2021-09-02,Disang Shale,None (Stable Steep Terrain),STEEP_STABLE,REAL_OBSERVATION
NON-LS-BG-0073,0,27.0472,88.5204,818.3,37.39,216.7,36.25,121.62,58.78,34.1,32.4,33.5,1.28,5.8,29.1,1.0,0.0,64.6,19.1,TRAIN,Sikkim,South Sikkim,Sikkim & NH-10 Corridor,2022-06-18,Quartzite Schist,None (Stable Steep Terrain),STEEP_STABLE,REAL_OBSERVATION
NON-LS-BG-0074,0,27.1067,88.6109,1085.9,36.53,128.2,55.49,112.8,72.14,26.5,46.0,27.5,1.36,5.3,23.5,1.0,0.0,61.8,20.1,TRAIN,Sikkim,Kalimpong,Sikkim & NH-10 Corridor,2020-06-25,Granite Gneiss,None (Stable Steep Terrain),STEEP_STABLE,REAL_OBSERVATION
NON-LS-BG-0075,0,27.576,88.2644,1061.4,26.66,184.2,9.96,29.51,14.26,18.2,58.6,23.2,1.48,5.1,18.5,0.0,0.0,44.1,7.1,TRAIN,Sikkim,North Sikkim,Sikkim & NH-10 Corridor,2021-08-14,Schist & Phyllite,None (Stable Steep Terrain),STEEP_STABLE,REAL_OBSERVATION
NON-LS-BG-0076,0,27.6404,88.4683,2035.4,6.07,269.1,5.04,21.43,10.36,24.0,48.0,28.0,1.39,5.2,22.0,1.0,0.0,44.7,10.6,TRAIN,Sikkim,West Sikkim,Sikkim & NH-10 Corridor,2018-07-22,Disang Shale,None (Stable Terrain),BACKGROUND_STABLE,REAL_OBSERVATION
NON-LS-BG-0077,0,26.9757,88.3262,1689.9,31.17,161.1,31.37,110.98,53.64,34.1,32.4,33.5,1.28,5.8,29.1,0.0,1.0,60.2,9.2,TRAIN,Sikkim,South Sikkim,Sikkim & NH-10 Corridor,2022-06-18,Disang Shale,None (Stable Steep Terrain),STEEP_STABLE,REAL_OBSERVATION
NON-LS-BG-0078,0,27.3228,88.3212,961.6,36.5,32.1,8.87,48.15,23.27,18.2,58.6,23.2,1.48,5.1,18.5,1.0,0.0,46.3,9.7,TRAIN,Sikkim,North Sikkim,Sikkim & NH-10 Corridor,2019-08-08,Disang Shale,None (Stable Steep Terrain),STEEP_STABLE,REAL_OBSERVATION
NON-LS-BG-0079,0,27.3247,88.3166,1082.4,9.16,31.3,2.43,8.48,4.1,18.2,58.6,23.2,1.48,5.1,18.5,1.0,0.0,38.6,9.6,TRAIN,Sikkim,North Sikkim,Sikkim & NH-10 Corridor,2018-04-10,Disang Shale,None (Stable Terrain),BACKGROUND_STABLE,REAL_OBSERVATION
NON-LS-BG-0080,0,27.326,88.4934,1742.5,40.62,323.9,35.34,71.04,45.94,34.1,32.4,33.5,1.28,5.8,29.1,1.0,0.0,55.0,21.1,TRAIN,Sikkim,South Sikkim,Sikkim & NH-10 Corridor,2019-07-12,Granite Gneiss,None (Stable Steep Terrain),STEEP_STABLE,REAL_OBSERVATION
NON-LS-BG-0081,0,27.3753,88.3222,1337.1,43.49,55.0,5.77,28.07,13.57,28.5,44.2,27.3,1.34,5.4,24.2,1.0,0.0,41.8,10.7,TRAIN,Sikkim,East Sikkim,Sikkim & NH-10 Corridor,2022-09-15,Schist & Phyllite,None (Stable Steep Terrain),STEEP_STABLE,REAL_OBSERVATION
NON-LS-BG-0082,0,27.1222,88.2803,826.0,33.76,250.9,6.02,41.53,20.07,28.5,44.2,27.3,1.34,5.4,24.2,1.0,0.0,45.5,7.1,TRAIN,Sikkim,East Sikkim,Sikkim & NH-10 Corridor,2019-09-15,Disang Shale,None (Stable Steep Terrain),STEEP_STABLE,REAL_OBSERVATION
NON-LS-BG-0083,0,27.6481,88.6483,1464.6,14.93,295.5,10.52,18.56,13.68,28.5,44.2,27.3,1.34,5.4,24.2,1.0,0.0,42.4,19.5,TRAIN,Sikkim,East Sikkim,Sikkim & NH-10 Corridor,2022-07-19,Granite Gneiss,None (Stable Terrain),BACKGROUND_STABLE,REAL_OBSERVATION
NON-LS-BG-0084,0,27.2836,88.6193,856.3,26.52,87.3,11.34,31.7,15.32,24.0,48.0,28.0,1.39,5.2,22.0,1.0,0.0,47.0,10.2,TRAIN,Sikkim,West Sikkim,Sikkim & NH-10 Corridor,2022-08-05,Disang Shale,None (Stable Steep Terrain),STEEP_STABLE,REAL_OBSERVATION
NON-LS-BG-0085,0,27.152,88.4906,773.2,31.63,163.5,36.25,121.62,58.78,34.1,32.4,33.5,1.28,5.8,29.1,1.0,0.0,63.7,10.8,TRAIN,Sikkim,South Sikkim,Sikkim & NH-10 Corridor,2022-06-18,Disang Shale,None (Stable Steep Terrain),STEEP_STABLE,REAL_OBSERVATION
NON-LS-BG-0086,0,27.334,88.4745,850.8,45.92,273.7,48.66,97.12,63.26,24.0,48.0,28.0,1.39,5.2,22.0,1.0,0.0,58.1,9.1,TRAIN,Sikkim,West Sikkim,Sikkim & NH-10 Corridor,2020-06-25,Schist & Phyllite,None (Stable Steep Terrain),STEEP_STABLE,REAL_OBSERVATION
NON-LS-BG-0087,0,27.3669,88.4358,1195.4,7.54,147.1,0.0,0.0,0.0,28.5,44.2,27.3,1.34,5.4,24.2,1.0,0.0,36.5,10.7,TRAIN,Sikkim,East Sikkim,Sikkim & NH-10 Corridor,2021-11-05,Schist & Phyllite,None (Stable Terrain),BACKGROUND_STABLE,REAL_OBSERVATION
NON-LS-BG-0088,0,27.6031,88.6955,856.2,7.93,303.1,0.0,0.0,0.0,28.5,44.2,27.3,1.34,5.4,24.2,1.0,0.0,36.0,18.2,TRAIN,Sikkim,East Sikkim,Sikkim & NH-10 Corridor,2021-11-05,Quartzite Schist,None (Stable Terrain),BACKGROUND_STABLE,REAL_OBSERVATION
NON-LS-BG-0089,0,27.0478,88.5976,850.7,5.13,228.2,0.44,27.08,13.09,26.5,46.0,27.5,1.36,5.3,23.5,1.0,0.0,43.6,11.0,TRAIN,Sikkim,Kalimpong,Sikkim & NH-10 Corridor,2021-04-20,Schist & Phyllite,None (Stable Terrain),BACKGROUND_STABLE,REAL_OBSERVATION
NON-LS-BG-0090,0,27.5855,88.3581,1484.8,29.91,207.9,9.96,29.51,14.26,34.1,32.4,33.5,1.28,5.8,29.1,1.0,0.0,46.9,10.0,TRAIN,Sikkim,South Sikkim,Sikkim & NH-10 Corridor,2021-08-14,Schist & Phyllite,None (Stable Steep Terrain),STEEP_STABLE,REAL_OBSERVATION
NON-LS-BG-0091,0,27.1988,88.3957,1392.2,35.4,119.8,67.38,159.53,87.59,34.1,32.4,33.5,1.28,5.8,29.1,1.0,0.0,75.4,10.6,TRAIN,Sikkim,South Sikkim,Sikkim & NH-10 Corridor,2019-07-12,Disang Shale,None (Stable Steep Terrain),STEEP_STABLE,REAL_OBSERVATION
NON-LS-BG-0092,0,27.4614,88.5469,793.4,14.42,283.9,0.19,24.97,12.07,28.5,44.2,27.3,1.34,5.4,24.2,1.0,0.0,43.6,19.3,TRAIN,Sikkim,East Sikkim,Sikkim & NH-10 Corridor,2021-04-20,Quartzite Schist,None (Stable Terrain),BACKGROUND_STABLE,REAL_OBSERVATION
NON-LS-BG-0093,0,27.0562,88.3559,927.5,12.67,315.6,0.47,0.94,0.61,24.0,48.0,28.0,1.39,5.2,22.0,1.0,0.0,39.8,20.6,TRAIN,Sikkim,West Sikkim,Sikkim & NH-10 Corridor,2019-03-25,Granite Gneiss,None (Stable Terrain),BACKGROUND_STABLE,REAL_OBSERVATION
NON-LS-BG-0094,0,27.1895,88.6106,701.4,46.42,54.0,7.94,56.17,27.15,24.0,48.0,28.0,1.39,5.2,22.0,1.0,0.0,49.6,18.4,TRAIN,Sikkim,West Sikkim,Sikkim & NH-10 Corridor,2019-09-15,Quartzite Schist,None (Stable Steep Terrain),STEEP_STABLE,REAL_OBSERVATION
NON-LS-BG-0095,0,27.454,88.5206,1658.1,25.57,345.3,14.35,44.08,21.31,34.1,32.4,33.5,1.28,5.8,29.1,1.0,0.0,49.2,8.0,TRAIN,Sikkim,South Sikkim,Sikkim & NH-10 Corridor,2020-08-11,Disang Shale,None (Stable Steep Terrain),STEEP_STABLE,REAL_OBSERVATION
NON-LS-BG-0096,0,27.1898,88.3137,1214.7,6.74,182.1,3.26,3.86,4.24,34.1,32.4,33.5,1.28,5.8,29.1,1.0,0.0,41.4,19.0,TRAIN,Sikkim,South Sikkim,Sikkim & NH-10 Corridor,2020-04-15,Quartzite Schist,None (Stable Terrain),BACKGROUND_STABLE,REAL_OBSERVATION
NON-LS-BG-0097,0,27.5605,88.6661,1446.8,12.06,207.5,4.04,4.04,5.25,26.5,46.0,27.5,1.36,5.3,23.5,1.0,0.0,36.6,21.3,TRAIN,Sikkim,Kalimpong,Sikkim & NH-10 Corridor,2018-02-14,Quartzite Schist,None (Stable Terrain),BACKGROUND_STABLE,REAL_OBSERVATION
NON-LS-BG-0098,0,27.3747,88.4121,1727.8,38.81,354.5,2.95,29.42,14.22,34.1,32.4,33.5,1.28,5.8,29.1,1.0,0.0,42.4,7.7,TRAIN,Sikkim,South Sikkim,Sikkim & NH-10 Corridor,2019-06-28,Disang Shale,None (Stable Steep Terrain),STEEP_STABLE,REAL_OBSERVATION
NON-LS-BG-0099,0,27.5372,88.2623,2030.2,14.31,19.7,0.36,0.49,0.47,34.1,32.4,33.5,1.28,5.8,29.1,0.0,0.0,38.7,21.5,TRAIN,Sikkim,South Sikkim,Sikkim & NH-10 Corridor,2022-10-25,Quartzite Schist,None (Stable Terrain),BACKGROUND_STABLE,REAL_OBSERVATION
NON-LS-BG-0100,0,27.1846,88.6014,527.6,7.34,124.7,0.0,0.0,0.0,24.0,48.0,28.0,1.39,5.2,22.0,1.0,0.0,36.2,8.2,TRAIN,Sikkim,West Sikkim,Sikkim & NH-10 Corridor,2019-12-05,Schist & Phyllite,None (Stable Terrain),BACKGROUND_STABLE,REAL_OBSERVATION
NON-LS-BG-0101,0,27.1929,88.5688,1261.6,46.85,59.6,13.67,68.68,33.2,24.0,48.0,28.0,1.39,5.2,22.0,1.0,0.0,54.8,10.9,TRAIN,Sikkim,West Sikkim,Sikkim & NH-10 Corridor,2019-08-08,Disang Shale,None (Stable Steep Terrain),STEEP_STABLE,REAL_OBSERVATION
NON-LS-BG-0102,0,27.4963,88.3388,881.0,5.76,53.5,0.0,0.0,0.0,28.5,44.2,27.3,1.34,5.4,24.2,1.0,0.0,38.0,7.6,TRAIN,Sikkim,East Sikkim,Sikkim & NH-10 Corridor,2020-11-12,Disang Shale,None (Stable Terrain),BACKGROUND_STABLE,REAL_OBSERVATION
NON-LS-BG-0103,0,27.2402,88.2427,2154.9,9.53,75.6,16.2,26.18,21.06,28.5,44.2,27.3,1.34,5.4,24.2,1.0,0.0,40.9,18.9,TRAIN,Sikkim,East Sikkim,Sikkim & NH-10 Corridor,2022-07-19,Quartzite Schist,None (Stable Terrain),BACKGROUND_STABLE,REAL_OBSERVATION
NON-LS-BG-0104,0,27.5786,88.3026,832.7,3.48,163.2,11.66,19.18,15.16,34.1,32.4,33.5,1.28,5.8,29.1,1.0,0.0,40.0,20.7,TRAIN,Sikkim,South Sikkim,Sikkim & NH-10 Corridor,2022-07-19,Granite Gneiss,None (Stable Terrain),BACKGROUND_STABLE,REAL_OBSERVATION
NON-LS-BG-0105,0,27.3171,88.4204,1177.3,30.3,271.2,8.87,48.15,23.27,24.0,48.0,28.0,1.39,5.2,22.0,1.0,0.0,46.3,9.0,TRAIN,Sikkim,West Sikkim,Sikkim & NH-10 Corridor,2019-08-08,Schist & Phyllite,None (Stable Steep Terrain),STEEP_STABLE,REAL_OBSERVATION
NON-LS-BG-0106,0,27.1406,88.6487,1383.6,13.41,146.9,0.0,0.8,0.39,24.0,48.0,28.0,1.39,5.2,22.0,1.0,0.0,39.4,20.3,TRAIN,Sikkim,West Sikkim,Sikkim & NH-10 Corridor,2022-01-15,Quartzite Schist,None (Stable Terrain),BACKGROUND_STABLE,REAL_OBSERVATION
NON-LS-BG-0107,0,27.3362,88.3269,841.6,9.57,235.0,11.66,19.18,15.16,28.5,44.2,27.3,1.34,5.4,24.2,1.0,0.0,40.4,10.2,TRAIN,Sikkim,East Sikkim,Sikkim & NH-10 Corridor,2022-07-19,Disang Shale,None (Stable Terrain),BACKGROUND_STABLE,REAL_OBSERVATION
NON-LS-BG-0108,0,27.1167,88.2497,918.8,37.62,50.8,5.74,33.61,16.24,34.1,32.4,33.5,1.28,5.8,29.1,1.0,0.0,46.7,21.0,TRAIN,Sikkim,South Sikkim,Sikkim & NH-10 Corridor,2019-06-28,Quartzite Schist,None (Stable Steep Terrain),STEEP_STABLE,REAL_OBSERVATION
NON-LS-BG-0109,0,27.2345,88.362,662.6,11.23,315.5,0.0,0.73,0.35,28.5,44.2,27.3,1.34,5.4,24.2,1.0,0.0,36.0,7.5,TRAIN,Sikkim,East Sikkim,Sikkim & NH-10 Corridor,2022-01-15,Disang Shale,None (Stable Terrain),BACKGROUND_STABLE,REAL_OBSERVATION
NON-LS-BG-0110,0,27.4,88.552,2013.4,11.12,212.5,0.0,0.14,0.07,34.1,32.4,33.5,1.28,5.8,29.1,1.0,0.0,40.6,19.6,TRAIN,Sikkim,South Sikkim,Sikkim & NH-10 Corridor,2018-11-20,Granite Gneiss,None (Stable Terrain),BACKGROUND_STABLE,REAL_OBSERVATION
NON-LS-BG-0111,0,27.1376,88.5121,1191.4,45.91,350.8,16.44,42.6,21.37,18.2,58.6,23.2,1.48,5.1,18.5,0.0,0.0,46.2,9.0,TRAIN,Sikkim,North Sikkim,Sikkim & NH-10 Corridor,2022-08-05,Schist & Phyllite,None (Stable Steep Terrain),STEEP_STABLE,REAL_OBSERVATION
NON-LS-BG-0112,0,27.4958,88.2571,1447.9,28.06,267.0,11.75,42.99,20.78,28.5,44.2,27.3,1.34,5.4,24.2,0.0,0.0,48.5,21.8,TRAIN,Sikkim,East Sikkim,Sikkim & NH-10 Corridor,2021-07-28,Granite Gneiss,None (Stable Steep Terrain),STEEP_STABLE,REAL_OBSERVATION
NON-LS-BG-0113,0,27.4392,88.4013,877.6,11.39,248.8,6.21,21.38,10.33,24.0,48.0,28.0,1.39,5.2,22.0,1.0,0.0,41.4,21.7,TRAIN,Sikkim,West Sikkim,Sikkim & NH-10 Corridor,2021-06-25,Granite Gneiss,None (Stable Terrain),BACKGROUND_STABLE,REAL_OBSERVATION
NON-LS-BG-0114,0,27.4282,88.6113,1388.6,37.04,234.5,4.82,32.26,15.59,28.5,44.2,27.3,1.34,5.4,24.2,1.0,0.0,42.2,20.2,TRAIN,Sikkim,East Sikkim,Sikkim & NH-10 Corridor,2019-06-28,Granite Gneiss,None (Stable Steep Terrain),STEEP_STABLE,REAL_OBSERVATION
NON-LS-BG-0115,0,27.5308,88.3032,538.0,4.78,90.3,0.77,1.32,1.0,28.5,44.2,27.3,1.34,5.4,24.2,0.0,0.0,39.1,7.4,TRAIN,Sikkim,East Sikkim,Sikkim & NH-10 Corridor,2020-04-15,Disang Shale,None (Stable Terrain),BACKGROUND_STABLE,REAL_OBSERVATION
NON-LS-BG-0116,0,27.3513,88.6191,1183.2,13.02,29.8,4.04,4.04,5.25,18.2,58.6,23.2,1.48,5.1,18.5,1.0,0.0,36.7,19.7,TRAIN,Sikkim,North Sikkim,Sikkim & NH-10 Corridor,2018-02-14,Quartzite Schist,None (Stable Terrain),BACKGROUND_STABLE,REAL_OBSERVATION
NON-LS-BG-0117,0,27.3722,88.3227,1158.4,6.75,203.9,0.77,1.32,1.0,24.0,48.0,28.0,1.39,5.2,22.0,1.0,0.0,41.1,9.4,TRAIN,Sikkim,West Sikkim,Sikkim & NH-10 Corridor,2020-04-15,Schist & Phyllite,None (Stable Terrain),BACKGROUND_STABLE,REAL_OBSERVATION
NON-LS-BG-0118,0,27.2832,88.5318,2056.4,42.26,58.3,11.34,31.7,15.32,28.5,44.2,27.3,1.34,5.4,24.2,0.0,0.0,47.6,21.2,TRAIN,Sikkim,East Sikkim,Sikkim & NH-10 Corridor,2022-08-05,Granite Gneiss,None (Stable Steep Terrain),STEEP_STABLE,REAL_OBSERVATION
NON-LS-BG-0119,0,27.5391,88.6232,2086.6,40.39,27.0,48.66,97.12,63.26,28.5,44.2,27.3,1.34,5.4,24.2,1.0,0.0,59.2,21.1,TRAIN,Sikkim,East Sikkim,Sikkim & NH-10 Corridor,2020-06-25,Granite Gneiss,None (Stable Steep Terrain),STEEP_STABLE,REAL_OBSERVATION
NON-LS-BG-0120,0,27.4597,88.4477,1649.0,35.76,250.1,25.65,52.33,33.34,34.1,32.4,33.5,1.28,5.8,29.1,1.0,0.0,46.6,7.4,TRAIN,Sikkim,South Sikkim,Sikkim & NH-10 Corridor,2020-09-22,Disang Shale,None (Stable Steep Terrain),STEEP_STABLE,REAL_OBSERVATION
LS-POS-0121,1,25.2589,92.0607,1211.0,34.01,231.5,116.96,215.25,152.05,35.0,30.0,35.0,1.24,5.0,34.0,1.0,0.0,87.4,17.2,TRAIN,Meghalaya,East Jaintia Hills,Meghalaya Southern Escarpment & NH-6,2020-07-10,Sandstone & Shale,Cherrapunji Torrential Deluge,POSITIVE_LANDSLIDE,REAL_OBSERVATION
LS-POS-0122,1,25.3585,91.5824,1808.2,48.68,231.9,59.09,265.17,128.17,35.0,30.0,35.0,1.24,5.0,34.0,1.0,0.0,94.4,16.1,TRAIN,Meghalaya,East Jaintia Hills,Meghalaya Southern Escarpment & NH-6,2019-06-28,Sandstone & Shale,Cherrapunji Torrential Deluge,POSITIVE_LANDSLIDE,REAL_OBSERVATION
LS-POS-0123,1,25.4897,91.7372,1339.4,36.87,56.9,65.42,164.41,85.05,35.0,30.0,35.0,1.24,5.0,34.0,1.0,0.0,74.8,17.5,TRAIN,Meghalaya,West Jaintia Hills,Meghalaya Southern Escarpment & NH-6,2021-08-14,Sandstone & Shale,Cherrapunji Torrential Deluge,POSITIVE_LANDSLIDE,REAL_OBSERVATION
LS-POS-0124,1,25.3853,92.4494,1405.8,42.41,125.3,16.02,22.16,20.83,35.0,30.0,35.0,1.24,5.0,34.0,0.0,1.0,43.5,15.7,TRAIN,Meghalaya,East Jaintia Hills,Meghalaya Southern Escarpment & NH-6,2019-08-08,Limestone Karst,Multi-Day Monsoonal Flush,POSITIVE_LANDSLIDE,REAL_OBSERVATION
LS-POS-0125,1,25.5198,92.4225,1794.3,42.43,219.0,75.28,134.17,97.86,35.0,30.0,35.0,1.24,5.0,34.0,1.0,0.0,66.7,8.7,TRAIN,Meghalaya,West Jaintia Hills,Meghalaya Southern Escarpment & NH-6,2020-07-10,Silty Clay Loam Bedrock,Multi-Day Monsoonal Flush,POSITIVE_LANDSLIDE,REAL_OBSERVATION
LS-POS-0126,1,25.4101,91.8465,1410.7,42.58,199.6,92.41,145.69,120.13,35.0,30.0,35.0,1.24,5.0,34.0,0.0,1.0,71.0,17.5,TRAIN,Meghalaya,East Jaintia Hills,Meghalaya Southern Escarpment & NH-6,2020-09-22,Sandstone & Shale,Multi-Day Monsoonal Flush,POSITIVE_LANDSLIDE,REAL_OBSERVATION
LS-POS-0127,1,25.4716,92.0115,1511.7,48.23,51.6,30.97,57.64,40.26,38.2,26.5,35.3,1.22,4.8,38.4,1.0,0.0,50.4,15.0,TRAIN,Meghalaya,East Khasi Hills,Meghalaya Southern Escarpment & NH-6,2018-07-22,Sandstone & Shale,Escarpment Undercutting,POSITIVE_LANDSLIDE,REAL_OBSERVATION
LS-POS-0128,1,25.498,91.5202,1724.7,43.64,59.2,28.24,60.89,36.71,35.0,30.0,35.0,1.24,5.0,34.0,1.0,0.0,49.8,10.0,TRAIN,Meghalaya,East Jaintia Hills,Meghalaya Southern Escarpment & NH-6,2022-08-05,Silty Clay Loam Bedrock,Multi-Day Monsoonal Flush,POSITIVE_LANDSLIDE,REAL_OBSERVATION
LS-POS-0129,1,25.1854,91.5357,1329.8,44.78,186.1,16.28,34.11,21.16,35.0,30.0,35.0,1.24,5.0,34.0,1.0,0.0,47.4,14.4,TRAIN,Meghalaya,East Jaintia Hills,Meghalaya Southern Escarpment & NH-6,2019-08-08,Sandstone & Shale,Escarpment Undercutting,POSITIVE_LANDSLIDE,REAL_OBSERVATION
LS-POS-0130,1,25.4429,91.5032,1317.3,38.53,49.8,6.75,17.09,8.78,35.0,30.0,35.0,1.24,5.0,34.0,1.0,0.0,39.2,16.4,TRAIN,Meghalaya,West Jaintia Hills,Meghalaya Southern Escarpment & NH-6,2021-09-02,Limestone Karst,Escarpment Undercutting,POSITIVE_LANDSLIDE,REAL_OBSERVATION
LS-POS-0131,1,25.5451,91.9064,1234.3,46.95,69.1,59.09,265.17,128.17,35.0,30.0,35.0,1.24,5.0,34.0,1.0,0.0,93.9,17.3,TRAIN,Meghalaya,East Jaintia Hills,Meghalaya Southern Escarpment & NH-6,2019-06-28,Limestone Karst,Cherrapunji Torrential Deluge,POSITIVE_LANDSLIDE,REAL_OBSERVATION
LS-POS-0132,1,25.317,92.3352,1794.7,42.28,62.5,13.29,39.88,19.28,38.2,26.5,35.3,1.22,4.8,38.4,1.0,0.0,45.7,14.6,TRAIN,Meghalaya,East Khasi Hills,Meghalaya Southern Escarpment & NH-6,2022-08-05,Limestone Karst,Cherrapunji Torrential Deluge,POSITIVE_LANDSLIDE,REAL_OBSERVATION
LS-POS-0133,1,25.3106,92.2959,1080.6,50.27,95.3,51.23,116.39,66.6,35.0,30.0,35.0,1.24,5.0,34.0,1.0,0.0,66.1,14.7,TRAIN,Meghalaya,West Jaintia Hills,Meghalaya Southern Escarpment & NH-6,2020-06-25,Limestone Karst,Multi-Day Monsoonal Flush,POSITIVE_LANDSLIDE,REAL_OBSERVATION
LS-POS-0134,1,25.4618,91.8326,907.8,53.32,92.0,52.16,230.66,111.49,38.2,26.5,35.3,1.22,4.8,38.4,1.0,0.0,87.4,14.6,TRAIN,Meghalaya,East Khasi Hills,Meghalaya Southern Escarpment & NH-6,2022-05-18,Sandstone & Shale,Multi-Day Monsoonal Flush,POSITIVE_LANDSLIDE,REAL_OBSERVATION
LS-POS-0135,1,25.3085,92.2203,1546.0,35.39,54.4,36.29,107.09,51.76,35.0,30.0,35.0,1.24,5.0,34.0,1.0,0.0,59.3,14.1,TRAIN,Meghalaya,East Jaintia Hills,Meghalaya Southern Escarpment & NH-6,2021-08-14,Limestone Karst,Cherrapunji Torrential Deluge,POSITIVE_LANDSLIDE,REAL_OBSERVATION
LS-POS-0136,1,25.508,92.3171,1307.4,40.61,277.8,18.12,35.47,23.56,35.0,30.0,35.0,1.24,5.0,34.0,1.0,0.0,43.1,14.7,TRAIN,Meghalaya,East Jaintia Hills,Meghalaya Southern Escarpment & NH-6,2018-07-22,Sandstone & Shale,Cherrapunji Torrential Deluge,POSITIVE_LANDSLIDE,REAL_OBSERVATION
LS-POS-0137,1,25.4738,92.1225,1400.9,33.91,178.9,6.52,16.73,8.48,35.0,30.0,35.0,1.24,5.0,34.0,1.0,0.0,39.0,16.4,TRAIN,Meghalaya,East Jaintia Hills,Meghalaya Southern Escarpment & NH-6,2021-09-02,Limestone Karst,Multi-Day Monsoonal Flush,POSITIVE_LANDSLIDE,REAL_OBSERVATION
LS-POS-0138,1,25.1824,91.7092,1533.3,33.67,267.7,33.53,114.16,55.18,38.2,26.5,35.3,1.22,4.8,38.4,1.0,0.0,64.2,15.6,TRAIN,Meghalaya,East Khasi Hills,Meghalaya Southern Escarpment & NH-6,2022-07-19,Limestone Karst,Cherrapunji Torrential Deluge,POSITIVE_LANDSLIDE,REAL_OBSERVATION
LS-POS-0139,1,25.2891,92.1441,1415.7,37.87,236.3,6.52,16.73,8.48,35.0,30.0,35.0,1.24,5.0,34.0,1.0,0.0,40.6,9.0,TRAIN,Meghalaya,West Jaintia Hills,Meghalaya Southern Escarpment & NH-6,2021-09-02,Silty Clay Loam Bedrock,Cherrapunji Torrential Deluge,POSITIVE_LANDSLIDE,REAL_OBSERVATION
LS-POS-0140,1,25.4848,92.1626,1530.1,45.61,280.4,28.41,94.62,45.73,35.0,30.0,35.0,1.24,5.0,34.0,1.0,0.0,61.1,10.4,TRAIN,Meghalaya,West Jaintia Hills,Meghalaya Southern Escarpment & NH-6,2021-06-25,Silty Clay Loam Bedrock,Cherrapunji Torrential Deluge,POSITIVE_LANDSLIDE,REAL_OBSERVATION
LS-POS-0141,1,25.1617,92.2845,978.9,39.37,195.2,14.25,76.42,36.94,35.0,30.0,35.0,1.24,5.0,34.0,0.0,1.0,52.1,7.7,TRAIN,Meghalaya,West Jaintia Hills,Meghalaya Southern Escarpment & NH-6,2018-09-02,Silty Clay Loam Bedrock,Multi-Day Monsoonal Flush,POSITIVE_LANDSLIDE,REAL_OBSERVATION
LS-POS-0142,1,25.4527,91.7458,1043.1,33.85,115.1,12.61,134.6,65.06,35.0,30.0,35.0,1.24,5.0,34.0,1.0,0.0,66.0,15.0,TRAIN,Meghalaya,East Jaintia Hills,Meghalaya Southern Escarpment & NH-6,2019-09-15,Sandstone & Shale,Cherrapunji Torrential Deluge,POSITIVE_LANDSLIDE,REAL_OBSERVATION
LS-POS-0143,1,25.4036,92.013,1629.8,34.35,137.3,30.97,57.64,40.26,35.0,30.0,35.0,1.24,5.0,34.0,1.0,0.0,51.1,8.7,TRAIN,Meghalaya,West Jaintia Hills,Meghalaya Southern Escarpment & NH-6,2018-07-22,Silty Clay Loam Bedrock,Escarpment Undercutting,POSITIVE_LANDSLIDE,REAL_OBSERVATION
LS-POS-0144,1,25.403,92.3854,952.5,52.62,202.2,28.63,156.13,75.46,35.0,30.0,35.0,1.24,5.0,34.0,1.0,0.0,69.6,8.5,TRAIN,Meghalaya,West Jaintia Hills,Meghalaya Southern Escarpment & NH-6,2022-05-18,Silty Clay Loam Bedrock,Cherrapunji Torrential Deluge,POSITIVE_LANDSLIDE,REAL_OBSERVATION
LS-POS-0145,1,25.2884,92.0899,895.7,51.17,249.7,26.77,59.78,34.8,35.0,30.0,35.0,1.24,5.0,34.0,0.0,1.0,51.3,14.4,TRAIN,Meghalaya,East Jaintia Hills,Meghalaya Southern Escarpment & NH-6,2022-08-05,Sandstone & Shale,Multi-Day Monsoonal Flush,POSITIVE_LANDSLIDE,REAL_OBSERVATION
LS-POS-0146,1,25.1598,91.521,1173.6,42.75,118.9,47.23,70.61,61.4,35.0,30.0,35.0,1.24,5.0,34.0,1.0,0.0,55.5,7.2,TRAIN,Meghalaya,East Jaintia Hills,Meghalaya Southern Escarpment & NH-6,2018-07-22,Silty Clay Loam Bedrock,Escarpment Undercutting,POSITIVE_LANDSLIDE,REAL_OBSERVATION
LS-POS-0147,1,25.5488,91.9049,1301.4,35.6,271.8,26.77,59.78,34.8,35.0,30.0,35.0,1.24,5.0,34.0,1.0,0.0,53.7,14.4,TRAIN,Meghalaya,East Jaintia Hills,Meghalaya Southern Escarpment & NH-6,2022-08-05,Sandstone & Shale,Cherrapunji Torrential Deluge,POSITIVE_LANDSLIDE,REAL_OBSERVATION
LS-POS-0148,1,25.4591,91.7186,981.3,51.1,276.5,6.52,16.73,8.48,35.0,30.0,35.0,1.24,5.0,34.0,1.0,0.0,43.8,17.6,TRAIN,Meghalaya,West Jaintia Hills,Meghalaya Southern Escarpment & NH-6,2021-09-02,Sandstone & Shale,Cherrapunji Torrential Deluge,POSITIVE_LANDSLIDE,REAL_OBSERVATION
LS-POS-0149,1,25.5358,92.2221,1292.3,38.86,53.4,0.44,35.71,17.26,35.0,30.0,35.0,1.24,5.0,34.0,1.0,0.0,48.8,17.2,TRAIN,Meghalaya,West Jaintia Hills,Meghalaya Southern Escarpment & NH-6,2018-08-18,Limestone Karst,Multi-Day Monsoonal Flush,POSITIVE_LANDSLIDE,REAL_OBSERVATION
LS-POS-0150,1,25.4107,91.8501,1714.4,42.41,86.5,32.18,96.32,46.55,35.0,30.0,35.0,1.24,5.0,34.0,1.0,0.0,60.9,16.6,TRAIN,Meghalaya,West Jaintia Hills,Meghalaya Southern Escarpment & NH-6,2022-09-15,Sandstone & Shale,Cherrapunji Torrential Deluge,POSITIVE_LANDSLIDE,REAL_OBSERVATION
LS-POS-0151,1,25.3315,92.0038,867.9,49.53,169.8,4.38,11.71,5.69,38.2,26.5,35.3,1.22,4.8,38.4,1.0,0.0,42.3,14.5,TRAIN,Meghalaya,East Khasi Hills,Meghalaya Southern Escarpment & NH-6,2021-07-28,Limestone Karst,Multi-Day Monsoonal Flush,POSITIVE_LANDSLIDE,REAL_OBSERVATION
LS-POS-0152,1,25.1505,92.0684,1457.3,37.45,117.6,36.17,144.33,69.76,38.2,26.5,35.3,1.22,4.8,38.4,0.0,1.0,70.0,16.1,TRAIN,Meghalaya,East Khasi Hills,Meghalaya Southern Escarpment & NH-6,2022-09-15,Limestone Karst,Cherrapunji Torrential Deluge,POSITIVE_LANDSLIDE,REAL_OBSERVATION
LS-POS-0153,1,25.469,91.7948,1305.2,32.26,207.0,65.42,164.41,85.05,35.0,30.0,35.0,1.24,5.0,34.0,1.0,0.0,76.3,15.9,TRAIN,Meghalaya,West Jaintia Hills,Meghalaya Southern Escarpment & NH-6,2021-08-14,Limestone Karst,Escarpment Undercutting,POSITIVE_LANDSLIDE,REAL_OBSERVATION
LS-POS-0154,1,25.2667,92.1602,1710.1,49.16,110.4,88.25,191.72,114.73,35.0,30.0,35.0,1.24,5.0,34.0,1.0,0.0,79.5,16.6,TRAIN,Meghalaya,East Jaintia Hills,Meghalaya Southern Escarpment & NH-6,2020-06-25,Limestone Karst,Multi-Day Monsoonal Flush,POSITIVE_LANDSLIDE,REAL_OBSERVATION
LS-POS-0155,1,25.5447,91.6354,1348.9,45.6,184.8,64.89,212.95,102.93,38.2,26.5,35.3,1.22,4.8,38.4,1.0,0.0,83.4,14.6,TRAIN,Meghalaya,East Khasi Hills,Meghalaya Southern Escarpment & NH-6,2018-06-14,Limestone Karst,Escarpment Undercutting,POSITIVE_LANDSLIDE,REAL_OBSERVATION
LS-POS-0156,1,25.1851,91.8331,883.2,33.73,99.2,15.63,33.13,20.32,35.0,30.0,35.0,1.24,5.0,34.0,1.0,0.0,45.2,8.7,TRAIN,Meghalaya,West Jaintia Hills,Meghalaya Southern Escarpment & NH-6,2019-08-08,Silty Clay Loam Bedrock,Escarpment Undercutting,POSITIVE_LANDSLIDE,REAL_OBSERVATION
LS-POS-0157,1,25.4273,92.2804,891.2,46.75,205.6,44.89,186.35,90.07,35.0,30.0,35.0,1.24,5.0,34.0,1.0,0.0,77.4,15.5,TRAIN,Meghalaya,East Jaintia Hills,Meghalaya Southern Escarpment & NH-6,2019-07-12,Sandstone & Shale,Multi-Day Monsoonal Flush,POSITIVE_LANDSLIDE,REAL_OBSERVATION
LS-POS-0158,1,25.3966,92.0823,1148.8,52.57,223.4,11.28,26.23,14.66,35.0,30.0,35.0,1.24,5.0,34.0,1.0,0.0,43.0,15.3,TRAIN,Meghalaya,West Jaintia Hills,Meghalaya Southern Escarpment & NH-6,2019-08-08,Limestone Karst,Escarpment Undercutting,POSITIVE_LANDSLIDE,REAL_OBSERVATION
LS-POS-0159,1,25.3712,92.0676,1633.8,42.58,240.7,29.26,67.85,38.04,35.0,30.0,35.0,1.24,5.0,34.0,0.0,1.0,52.2,16.7,TRAIN,Meghalaya,East Jaintia Hills,Meghalaya Southern Escarpment & NH-6,2020-08-11,Sandstone & Shale,Escarpment Undercutting,POSITIVE_LANDSLIDE,REAL_OBSERVATION
LS-POS-0160,1,25.3873,92.1178,1329.3,45.55,94.2,28.41,94.62,45.73,35.0,30.0,35.0,1.24,5.0,34.0,1.0,0.0,57.6,10.8,TRAIN,Meghalaya,East Jaintia Hills,Meghalaya Southern Escarpment & NH-6,2021-06-25,Silty Clay Loam Bedrock,Escarpment Undercutting,POSITIVE_LANDSLIDE,REAL_OBSERVATION
NON-LS-BG-0161,0,25.3493,92.0276,1388.4,4.74,145.2,0.0,0.0,0.0,38.2,26.5,35.3,1.22,4.8,38.4,0.0,1.0,40.5,8.9,TRAIN,Meghalaya,East Khasi Hills,Meghalaya Southern Escarpment & NH-6,2021-02-10,Silty Clay Loam Bedrock,None (Stable Terrain),BACKGROUND_STABLE,REAL_OBSERVATION
NON-LS-BG-0162,0,25.2382,91.8975,880.5,12.09,267.4,0.0,0.0,0.0,38.2,26.5,35.3,1.22,4.8,38.4,0.0,1.0,37.0,16.1,TRAIN,Meghalaya,East Khasi Hills,Meghalaya Southern Escarpment & NH-6,2021-02-10,Limestone Karst,None (Stable Terrain),BACKGROUND_STABLE,REAL_OBSERVATION
NON-LS-BG-0163,0,25.3202,91.8286,1045.5,29.71,157.9,88.25,191.72,114.73,35.0,30.0,35.0,1.24,5.0,34.0,1.0,0.0,82.3,16.6,TRAIN,Meghalaya,West Jaintia Hills,Meghalaya Southern Escarpment & NH-6,2020-06-25,Sandstone & Shale,None (Stable Steep Terrain),STEEP_STABLE,REAL_OBSERVATION
NON-LS-BG-0164,0,25.4401,91.9623,1540.3,36.29,102.2,24.7,72.07,34.83,35.0,30.0,35.0,1.24,5.0,34.0,0.0,1.0,55.7,9.1,TRAIN,Meghalaya,West Jaintia Hills,Meghalaya Southern Escarpment & NH-6,2022-07-19,Silty Clay Loam Bedrock,None (Stable Steep Terrain),STEEP_STABLE,REAL_OBSERVATION
NON-LS-BG-0165,0,25.2937,91.8647,1138.8,12.03,327.3,0.0,0.0,0.0,38.2,26.5,35.3,1.22,4.8,38.4,0.0,1.0,38.8,8.2,TRAIN,Meghalaya,East Khasi Hills,Meghalaya Southern Escarpment & NH-6,2019-01-18,Silty Clay Loam Bedrock,None (Stable Terrain),BACKGROUND_STABLE,REAL_OBSERVATION
NON-LS-BG-0166,0,25.2219,91.7257,1636.8,33.56,213.5,89.22,197.47,115.99,38.2,26.5,35.3,1.22,4.8,38.4,1.0,0.0,82.8,14.8,TRAIN,Meghalaya,East Khasi Hills,Meghalaya Southern Escarpment & NH-6,2021-08-14,Limestone Karst,None (Stable Steep Terrain),STEEP_STABLE,REAL_OBSERVATION
NON-LS-BG-0167,0,25.1881,92.1195,987.5,35.98,278.5,80.83,247.52,119.63,35.0,30.0,35.0,1.24,5.0,34.0,1.0,0.0,93.7,17.4,TRAIN,Meghalaya,East Jaintia Hills,Meghalaya Southern Escarpment & NH-6,2018-06-14,Sandstone & Shale,None (Stable Steep Terrain),STEEP_STABLE,REAL_OBSERVATION
NON-LS-BG-0168,0,25.2023,92.4213,1127.0,33.42,161.6,49.06,100.0,63.78,35.0,30.0,35.0,1.24,5.0,34.0,1.0,0.0,57.8,16.5,TRAIN,Meghalaya,East Jaintia Hills,Meghalaya Southern Escarpment & NH-6,2020-07-10,Limestone Karst,None (Stable Steep Terrain),STEEP_STABLE,REAL_OBSERVATION
NON-LS-BG-0169,0,25.4178,91.6385,1122.7,9.05,136.6,26.77,59.78,34.8,38.2,26.5,35.3,1.22,4.8,38.4,0.0,1.0,48.8,16.9,TRAIN,Meghalaya,East Khasi Hills,Meghalaya Southern Escarpment & NH-6,2022-08-05,Sandstone & Shale,None (Stable Terrain),BACKGROUND_STABLE,REAL_OBSERVATION
NON-LS-BG-0170,0,25.3922,91.8389,1205.5,11.38,97.1,26.77,59.78,34.8,35.0,30.0,35.0,1.24,5.0,34.0,1.0,0.0,48.7,10.7,TRAIN,Meghalaya,East Jaintia Hills,Meghalaya Southern Escarpment & NH-6,2022-08-05,Silty Clay Loam Bedrock,None (Stable Terrain),BACKGROUND_STABLE,REAL_OBSERVATION
NON-LS-BG-0171,0,25.1728,92.0046,1602.6,44.27,31.9,36.17,144.33,69.76,35.0,30.0,35.0,1.24,5.0,34.0,1.0,0.0,67.6,10.8,TRAIN,Meghalaya,East Jaintia Hills,Meghalaya Southern Escarpment & NH-6,2022-09-15,Silty Clay Loam Bedrock,None (Stable Steep Terrain),STEEP_STABLE,REAL_OBSERVATION
NON-LS-BG-0172,0,25.1913,92.0554,1357.9,42.68,116.3,49.16,72.37,63.91,35.0,30.0,35.0,1.24,5.0,34.0,1.0,0.0,55.7,9.4,TRAIN,Meghalaya,West Jaintia Hills,Meghalaya Southern Escarpment & NH-6,2018-07-22,Silty Clay Loam Bedrock,None (Stable Steep Terrain),STEEP_STABLE,REAL_OBSERVATION
NON-LS-BG-0173,0,25.5392,92.0511,930.4,32.22,51.7,28.41,94.62,45.73,35.0,30.0,35.0,1.24,5.0,34.0,0.0,1.0,60.5,17.2,TRAIN,Meghalaya,East Jaintia Hills,Meghalaya Southern Escarpment & NH-6,2021-06-25,Limestone Karst,None (Stable Steep Terrain),STEEP_STABLE,REAL_OBSERVATION
NON-LS-BG-0174,0,25.5259,92.1963,839.9,38.17,346.8,35.04,166.51,80.48,35.0,30.0,35.0,1.24,5.0,34.0,1.0,0.0,77.3,15.0,TRAIN,Meghalaya,East Jaintia Hills,Meghalaya Southern Escarpment & NH-6,2019-06-28,Sandstone & Shale,None (Stable Steep Terrain),STEEP_STABLE,REAL_OBSERVATION
NON-LS-BG-0175,0,25.2521,92.1286,1644.0,31.35,311.3,12.61,134.6,65.06,35.0,30.0,35.0,1.24,5.0,34.0,1.0,0.0,68.1,14.4,TRAIN,Meghalaya,West Jaintia Hills,Meghalaya Southern Escarpment & NH-6,2019-09-15,Limestone Karst,None (Stable Steep Terrain),STEEP_STABLE,REAL_OBSERVATION
NON-LS-BG-0176,0,25.4574,91.6075,1463.6,13.02,141.8,5.95,11.39,7.74,38.2,26.5,35.3,1.22,4.8,38.4,1.0,0.0,41.2,7.7,TRAIN,Meghalaya,East Khasi Hills,Meghalaya Southern Escarpment & NH-6,2022-03-30,Silty Clay Loam Bedrock,None (Stable Terrain),BACKGROUND_STABLE,REAL_OBSERVATION
NON-LS-BG-0177,0,25.4105,91.6013,1328.0,13.99,357.6,0.0,0.0,0.0,35.0,30.0,35.0,1.24,5.0,34.0,0.0,1.0,38.4,9.3,TRAIN,Meghalaya,West Jaintia Hills,Meghalaya Southern Escarpment & NH-6,2020-11-12,Silty Clay Loam Bedrock,None (Stable Terrain),BACKGROUND_STABLE,REAL_OBSERVATION
NON-LS-BG-0178,0,25.451,91.586,964.4,3.31,240.3,0.0,0.0,0.0,35.0,30.0,35.0,1.24,5.0,34.0,1.0,0.0,37.8,16.1,TRAIN,Meghalaya,West Jaintia Hills,Meghalaya Southern Escarpment & NH-6,2019-01-18,Sandstone & Shale,None (Stable Terrain),BACKGROUND_STABLE,REAL_OBSERVATION
NON-LS-BG-0179,0,25.4731,92.2242,1465.8,7.23,2.1,16.02,22.16,20.83,35.0,30.0,35.0,1.24,5.0,34.0,1.0,0.0,44.5,17.2,TRAIN,Meghalaya,East Jaintia Hills,Meghalaya Southern Escarpment & NH-6,2019-08-08,Sandstone & Shale,None (Stable Terrain),BACKGROUND_STABLE,REAL_OBSERVATION
NON-LS-BG-0180,0,25.2798,91.8481,1070.2,35.42,160.0,52.16,230.66,111.49,38.2,26.5,35.3,1.22,4.8,38.4,0.0,1.0,88.7,16.4,TRAIN,Meghalaya,East Khasi Hills,Meghalaya Southern Escarpment & NH-6,2022-05-18,Sandstone & Shale,None (Stable Steep Terrain),STEEP_STABLE,REAL_OBSERVATION
NON-LS-BG-0181,0,25.2174,92.1104,1428.0,8.01,172.5,12.77,36.81,17.79,38.2,26.5,35.3,1.22,4.8,38.4,0.0,1.0,48.7,14.5,TRAIN,Meghalaya,East Khasi Hills,Meghalaya Southern Escarpment & NH-6,2018-04-10,Limestone Karst,None (Stable Terrain),BACKGROUND_STABLE,REAL_OBSERVATION
NON-LS-BG-0182,0,25.1603,91.8242,1054.5,33.12,142.0,89.22,197.47,115.99,38.2,26.5,35.3,1.22,4.8,38.4,1.0,0.0,79.1,7.4,TRAIN,Meghalaya,East Khasi Hills,Meghalaya Southern Escarpment & NH-6,2021-08-14,Silty Clay Loam Bedrock,None (Stable Steep Terrain),STEEP_STABLE,REAL_OBSERVATION
NON-LS-BG-0183,0,25.3698,92.2095,1384.8,8.25,233.1,6.9,15.53,8.97,38.2,26.5,35.3,1.22,4.8,38.4,1.0,0.0,42.3,8.7,TRAIN,Meghalaya,East Khasi Hills,Meghalaya Southern Escarpment & NH-6,2021-09-02,Silty Clay Loam Bedrock,None (Stable Terrain),BACKGROUND_STABLE,REAL_OBSERVATION
NON-LS-BG-0184,0,25.5092,91.7313,1593.1,2.72,59.9,30.97,57.64,40.26,38.2,26.5,35.3,1.22,4.8,38.4,1.0,0.0,52.3,16.7,TRAIN,Meghalaya,East Khasi Hills,Meghalaya Southern Escarpment & NH-6,2018-07-22,Sandstone & Shale,None (Stable Terrain),BACKGROUND_STABLE,REAL_OBSERVATION
NON-LS-BG-0185,0,25.1859,92.1818,1073.9,13.72,245.2,15.63,33.13,20.32,35.0,30.0,35.0,1.24,5.0,34.0,0.0,1.0,44.3,17.6,TRAIN,Meghalaya,West Jaintia Hills,Meghalaya Southern Escarpment & NH-6,2019-08-08,Sandstone & Shale,None (Stable Terrain),BACKGROUND_STABLE,REAL_OBSERVATION
NON-LS-BG-0186,0,25.2226,91.9989,1378.4,40.12,152.8,30.33,98.78,47.74,35.0,30.0,35.0,1.24,5.0,34.0,1.0,0.0,61.3,15.1,TRAIN,Meghalaya,West Jaintia Hills,Meghalaya Southern Escarpment & NH-6,2018-09-02,Sandstone & Shale,None (Stable Steep Terrain),STEEP_STABLE,REAL_OBSERVATION
NON-LS-BG-0187,0,25.1848,92.275,1047.9,33.52,318.3,17.79,66.01,31.9,35.0,30.0,35.0,1.24,5.0,34.0,1.0,0.0,51.7,8.3,TRAIN,Meghalaya,East Jaintia Hills,Meghalaya Southern Escarpment & NH-6,2022-09-15,Silty Clay Loam Bedrock,None (Stable Steep Terrain),STEEP_STABLE,REAL_OBSERVATION
NON-LS-BG-0188,0,25.2412,91.7014,1281.8,6.93,85.3,0.01,0.01,0.01,38.2,26.5,35.3,1.22,4.8,38.4,1.0,0.0,35.9,14.6,TRAIN,Meghalaya,East Khasi Hills,Meghalaya Southern Escarpment & NH-6,2018-02-14,Limestone Karst,None (Stable Terrain),BACKGROUND_STABLE,REAL_OBSERVATION
NON-LS-BG-0189,0,25.479,91.9026,1337.5,35.56,60.5,59.09,265.17,128.17,35.0,30.0,35.0,1.24,5.0,34.0,1.0,0.0,96.0,15.8,TRAIN,Meghalaya,West Jaintia Hills,Meghalaya Southern Escarpment & NH-6,2019-06-28,Sandstone & Shale,None (Stable Steep Terrain),STEEP_STABLE,REAL_OBSERVATION
NON-LS-BG-0190,0,25.4447,92.3197,893.5,3.15,196.8,16.02,22.16,20.83,38.2,26.5,35.3,1.22,4.8,38.4,1.0,0.0,42.2,9.9,TRAIN,Meghalaya,East Khasi Hills,Meghalaya Southern Escarpment & NH-6,2019-08-08,Silty Clay Loam Bedrock,None (Stable Terrain),BACKGROUND_STABLE,REAL_OBSERVATION
NON-LS-BG-0191,0,25.2428,91.8714,1265.6,41.54,145.6,148.32,350.89,192.82,35.0,30.0,35.0,1.24,5.0,34.0,1.0,0.0,96.0,10.7,TRAIN,Meghalaya,West Jaintia Hills,Meghalaya Southern Escarpment & NH-6,2022-06-18,Silty Clay Loam Bedrock,None (Stable Steep Terrain),STEEP_STABLE,REAL_OBSERVATION
NON-LS-BG-0192,0,25.3213,92.1817,1362.0,13.9,208.2,0.0,0.0,0.0,35.0,30.0,35.0,1.24,5.0,34.0,1.0,0.0,39.7,8.9,TRAIN,Meghalaya,West Jaintia Hills,Meghalaya Southern Escarpment & NH-6,2019-12-05,Silty Clay Loam Bedrock,None (Stable Terrain),BACKGROUND_STABLE,REAL_OBSERVATION
NON-LS-BG-0193,0,25.2597,91.5754,764.4,34.5,127.8,61.01,282.65,136.61,35.0,30.0,35.0,1.24,5.0,34.0,1.0,0.0,95.3,17.9,TRAIN,Meghalaya,East Jaintia Hills,Meghalaya Southern Escarpment & NH-6,2019-07-12,Sandstone & Shale,None (Stable Steep Terrain),STEEP_STABLE,REAL_OBSERVATION
NON-LS-BG-0194,0,25.1778,91.9931,746.6,45.85,234.3,12.69,144.53,69.86,35.0,30.0,35.0,1.24,5.0,34.0,1.0,0.0,71.1,17.8,TRAIN,Meghalaya,East Jaintia Hills,Meghalaya Southern Escarpment & NH-6,2019-09-15,Sandstone & Shale,None (Stable Steep Terrain),STEEP_STABLE,REAL_OBSERVATION
NON-LS-BG-0195,0,25.3632,91.8081,1008.0,10.03,263.0,0.72,34.55,16.7,35.0,30.0,35.0,1.24,5.0,34.0,1.0,0.0,43.3,17.4,TRAIN,Meghalaya,East Jaintia Hills,Meghalaya Southern Escarpment & NH-6,2018-08-18,Limestone Karst,None (Stable Terrain),BACKGROUND_STABLE,REAL_OBSERVATION
NON-LS-BG-0196,0,25.3361,91.5571,1233.9,13.49,61.4,0.0,0.0,0.0,38.2,26.5,35.3,1.22,4.8,38.4,1.0,0.0,38.8,14.5,TRAIN,Meghalaya,East Khasi Hills,Meghalaya Southern Escarpment & NH-6,2020-11-12,Sandstone & Shale,None (Stable Terrain),BACKGROUND_STABLE,REAL_OBSERVATION
NON-LS-BG-0197,0,25.3138,91.9016,1489.5,29.15,54.9,24.7,72.07,34.83,35.0,30.0,35.0,1.24,5.0,34.0,1.0,0.0,54.4,16.7,TRAIN,Meghalaya,East Jaintia Hills,Meghalaya Southern Escarpment & NH-6,2022-07-19,Limestone Karst,None (Stable Steep Terrain),STEEP_STABLE,REAL_OBSERVATION
NON-LS-BG-0198,0,25.547,92.3807,1211.9,42.05,271.9,7.46,77.7,37.55,38.2,26.5,35.3,1.22,4.8,38.4,1.0,0.0,52.2,15.8,TRAIN,Meghalaya,East Khasi Hills,Meghalaya Southern Escarpment & NH-6,2019-09-15,Limestone Karst,None (Stable Steep Terrain),STEEP_STABLE,REAL_OBSERVATION
NON-LS-BG-0199,0,25.2011,92.2848,1450.3,10.5,129.6,13.12,64.04,30.95,35.0,30.0,35.0,1.24,5.0,34.0,1.0,0.0,54.1,15.2,TRAIN,Meghalaya,West Jaintia Hills,Meghalaya Southern Escarpment & NH-6,2021-06-25,Sandstone & Shale,None (Stable Terrain),BACKGROUND_STABLE,REAL_OBSERVATION
NON-LS-BG-0200,0,25.1851,92.3901,1225.5,5.67,185.6,8.31,36.5,17.64,35.0,30.0,35.0,1.24,5.0,34.0,1.0,0.0,45.8,8.8,TRAIN,Meghalaya,West Jaintia Hills,Meghalaya Southern Escarpment & NH-6,2018-04-10,Silty Clay Loam Bedrock,None (Stable Terrain),BACKGROUND_STABLE,REAL_OBSERVATION
LS-POS-0201,1,25.3258,93.0488,1144.3,44.73,265.7,22.56,77.73,37.57,36.0,28.0,36.0,1.3,5.2,25.0,1.0,0.0,53.9,10.7,TRAIN,Assam,Cachar,Assam Barail Range & Dima Hasao,2019-07-12,Tertiary Clay Shale,Railway Cut Slope Failure,POSITIVE_LANDSLIDE,REAL_OBSERVATION
LS-POS-0202,1,25.1642,93.2012,1053.7,43.73,153.8,13.48,35.92,17.52,36.0,28.0,36.0,1.3,5.2,25.0,1.0,0.0,47.6,7.4,TRAIN,Assam,Cachar,Assam Barail Range & Dima Hasao,2021-08-14,Tertiary Clay Shale,Toe Erosion by Jatinga River,POSITIVE_LANDSLIDE,REAL_OBSERVATION
LS-POS-0203,1,25.1021,93.128,672.7,47.46,294.1,46.45,171.4,82.84,36.0,28.0,36.0,1.3,5.2,25.0,1.0,0.0,78.7,17.5,TRAIN,Assam,Cachar,Assam Barail Range & Dima Hasao,2018-06-14,Barail Sandstone,Railway Cut Slope Failure,POSITIVE_LANDSLIDE,REAL_OBSERVATION
LS-POS-0204,1,25.1961,93.0925,978.3,29.85,144.2,1.86,25.24,12.2,41.5,22.1,36.4,1.26,5.3,26.8,1.0,0.0,42.3,10.3,TRAIN,Assam,Dima Hasao,Assam Barail Range & Dima Hasao,2021-06-25,Tertiary Clay Shale,Railway Cut Slope Failure,POSITIVE_LANDSLIDE,REAL_OBSERVATION
LS-POS-0205,1,25.0705,92.8603,518.7,47.19,163.7,7.56,21.89,10.58,36.0,28.0,36.0,1.3,5.2,25.0,1.0,0.0,40.4,15.0,TRAIN,Assam,Cachar,Assam Barail Range & Dima Hasao,2022-08-05,Disang Siltstone,Pre-Monsoon Cloudburst,POSITIVE_LANDSLIDE,REAL_OBSERVATION
LS-POS-0206,1,25.0817,93.1063,577.7,39.63,197.4,4.69,24.81,11.99,36.0,28.0,36.0,1.3,5.2,25.0,1.0,0.0,44.5,9.6,TRAIN,Assam,Cachar,Assam Barail Range & Dima Hasao,2022-07-19,Tertiary Clay Shale,Pre-Monsoon Cloudburst,POSITIVE_LANDSLIDE,REAL_OBSERVATION
LS-POS-0207,1,25.1075,92.9347,773.8,42.59,91.1,4.69,24.81,11.99,41.5,22.1,36.4,1.26,5.3,26.8,1.0,0.0,41.0,10.6,TRAIN,Assam,Dima Hasao,Assam Barail Range & Dima Hasao,2022-07-19,Tertiary Clay Shale,Railway Cut Slope Failure,POSITIVE_LANDSLIDE,REAL_OBSERVATION
LS-POS-0208,1,25.0724,93.1631,613.7,29.91,107.8,25.16,106.92,51.68,36.0,28.0,36.0,1.3,5.2,25.0,1.0,0.0,58.7,12.0,TRAIN,Assam,Cachar,Assam Barail Range & Dima Hasao,2022-05-18,Disang Siltstone,Pre-Monsoon Cloudburst,POSITIVE_LANDSLIDE,REAL_OBSERVATION
LS-POS-0209,1,25.1162,92.9195,898.7,44.66,144.3,1.24,30.64,14.81,36.0,28.0,36.0,1.3,5.2,25.0,1.0,0.0,42.6,10.1,TRAIN,Assam,Cachar,Assam Barail Range & Dima Hasao,2018-08-18,Tertiary Clay Shale,Railway Cut Slope Failure,POSITIVE_LANDSLIDE,REAL_OBSERVATION
LS-POS-0210,1,25.1742,93.181,955.5,42.92,50.2,4.31,18.16,8.78,36.0,28.0,36.0,1.3,5.2,25.0,1.0,0.0,40.2,10.6,TRAIN,Assam,Cachar,Assam Barail Range & Dima Hasao,2022-09-15,Tertiary Clay Shale,Toe Erosion by Jatinga River,POSITIVE_LANDSLIDE,REAL_OBSERVATION
LS-POS-0211,1,25.1279,93.1541,520.1,37.78,214.9,77.92,162.18,101.3,41.5,22.1,36.4,1.26,5.3,26.8,1.0,0.0,74.6,11.1,TRAIN,Assam,Dima Hasao,Assam Barail Range & Dima Hasao,2022-06-18,Disang Siltstone,Railway Cut Slope Failure,POSITIVE_LANDSLIDE,REAL_OBSERVATION
LS-POS-0212,1,25.1097,92.8758,451.1,34.17,116.8,7.56,21.89,10.58,41.5,22.1,36.4,1.26,5.3,26.8,1.0,0.0,39.8,7.2,TRAIN,Assam,Dima Hasao,Assam Barail Range & Dima Hasao,2022-08-05,Tertiary Clay Shale,Pre-Monsoon Cloudburst,POSITIVE_LANDSLIDE,REAL_OBSERVATION
LS-POS-0213,1,25.0948,92.9009,1051.2,31.36,277.1,7.56,21.89,10.58,36.0,28.0,36.0,1.3,5.2,25.0,1.0,0.0,43.4,10.2,TRAIN,Assam,Cachar,Assam Barail Range & Dima Hasao,2022-08-05,Tertiary Clay Shale,Railway Cut Slope Failure,POSITIVE_LANDSLIDE,REAL_OBSERVATION
LS-POS-0214,1,25.1677,93.2325,517.2,28.25,163.2,8.73,16.47,11.35,36.0,28.0,36.0,1.3,5.2,25.0,0.0,1.0,40.0,14.4,TRAIN,Assam,Cachar,Assam Barail Range & Dima Hasao,2018-07-22,Disang Siltstone,Railway Cut Slope Failure,POSITIVE_LANDSLIDE,REAL_OBSERVATION
LS-POS-0215,1,25.1264,93.1863,448.1,45.84,286.7,2.81,29.33,14.18,41.5,22.1,36.4,1.26,5.3,26.8,1.0,0.0,41.8,10.2,TRAIN,Assam,Dima Hasao,Assam Barail Range & Dima Hasao,2019-09-15,Tertiary Clay Shale,Pre-Monsoon Cloudburst,POSITIVE_LANDSLIDE,REAL_OBSERVATION
LS-POS-0216,1,25.241,93.0956,468.7,37.4,57.9,16.08,78.35,37.87,41.5,22.1,36.4,1.26,5.3,26.8,1.0,0.0,57.8,14.1,TRAIN,Assam,Dima Hasao,Assam Barail Range & Dima Hasao,2019-06-28,Disang Siltstone,Railway Cut Slope Failure,POSITIVE_LANDSLIDE,REAL_OBSERVATION
LS-POS-0217,1,25.0614,93.1485,901.1,43.65,149.7,4.31,18.16,8.78,41.5,22.1,36.4,1.26,5.3,26.8,0.0,1.0,43.2,14.4,TRAIN,Assam,Dima Hasao,Assam Barail Range & Dima Hasao,2022-09-15,Disang Siltstone,Railway Cut Slope Failure,POSITIVE_LANDSLIDE,REAL_OBSERVATION
LS-POS-0218,1,25.1886,93.2466,1128.6,46.73,193.4,16.08,78.35,37.87,41.5,22.1,36.4,1.26,5.3,26.8,1.0,0.0,52.4,7.8,TRAIN,Assam,Dima Hasao,Assam Barail Range & Dima Hasao,2019-06-28,Tertiary Clay Shale,Pre-Monsoon Cloudburst,POSITIVE_LANDSLIDE,REAL_OBSERVATION
LS-POS-0219,1,25.2992,92.8775,729.7,27.82,213.7,3.35,23.08,11.16,36.0,28.0,36.0,1.3,5.2,25.0,1.0,0.0,40.8,13.0,TRAIN,Assam,Cachar,Assam Barail Range & Dima Hasao,2019-09-15,Disang Siltstone,Pre-Monsoon Cloudburst,POSITIVE_LANDSLIDE,REAL_OBSERVATION
LS-POS-0220,1,25.1646,92.9323,508.6,39.53,132.0,77.92,162.18,101.3,36.0,28.0,36.0,1.3,5.2,25.0,1.0,0.0,75.2,13.5,TRAIN,Assam,Cachar,Assam Barail Range & Dima Hasao,2022-06-18,Disang Siltstone,Railway Cut Slope Failure,POSITIVE_LANDSLIDE,REAL_OBSERVATION
LS-POS-0221,1,25.0876,93.0397,503.2,36.69,136.3,25.41,41.23,33.03,36.0,28.0,36.0,1.3,5.2,25.0,1.0,0.0,49.2,7.6,TRAIN,Assam,Cachar,Assam Barail Range & Dima Hasao,2020-07-10,Tertiary Clay Shale,Toe Erosion by Jatinga River,POSITIVE_LANDSLIDE,REAL_OBSERVATION
LS-POS-0222,1,25.3284,92.9398,691.7,35.51,110.0,6.71,17.63,8.72,36.0,28.0,36.0,1.3,5.2,25.0,1.0,0.0,43.3,14.8,TRAIN,Assam,Cachar,Assam Barail Range & Dima Hasao,2022-08-05,Barail Sandstone,Railway Cut Slope Failure,POSITIVE_LANDSLIDE,REAL_OBSERVATION
LS-POS-0223,1,25.0865,92.929,1067.5,40.21,273.6,15.8,19.52,20.54,41.5,22.1,36.4,1.26,5.3,26.8,1.0,0.0,40.9,16.8,TRAIN,Assam,Dima Hasao,Assam Barail Range & Dima Hasao,2019-08-08,Barail Sandstone,Toe Erosion by Jatinga River,POSITIVE_LANDSLIDE,REAL_OBSERVATION
LS-POS-0224,1,25.3257,92.9509,971.2,36.13,59.5,26.47,48.2,34.41,36.0,28.0,36.0,1.3,5.2,25.0,1.0,0.0,51.5,16.4,TRAIN,Assam,Cachar,Assam Barail Range & Dima Hasao,2020-09-22,Barail Sandstone,Toe Erosion by Jatinga River,POSITIVE_LANDSLIDE,REAL_OBSERVATION
LS-POS-0225,1,25.146,93.1513,616.6,37.87,241.0,4.31,18.16,8.78,41.5,22.1,36.4,1.26,5.3,26.8,0.0,1.0,39.3,16.5,TRAIN,Assam,Dima Hasao,Assam Barail Range & Dima Hasao,2022-09-15,Barail Sandstone,Toe Erosion by Jatinga River,POSITIVE_LANDSLIDE,REAL_OBSERVATION
LS-POS-0226,1,25.2953,92.9354,789.3,44.5,182.3,31.05,143.64,69.43,41.5,22.1,36.4,1.26,5.3,26.8,0.0,1.0,66.9,17.5,TRAIN,Assam,Dima Hasao,Assam Barail Range & Dima Hasao,2018-06-14,Barail Sandstone,Pre-Monsoon Cloudburst,POSITIVE_LANDSLIDE,REAL_OBSERVATION
LS-POS-0227,1,25.1393,93.076,922.9,45.21,169.6,2.81,29.33,14.18,41.5,22.1,36.4,1.26,5.3,26.8,0.0,1.0,45.8,11.7,TRAIN,Assam,Dima Hasao,Assam Barail Range & Dima Hasao,2019-09-15,Disang Siltstone,Railway Cut Slope Failure,POSITIVE_LANDSLIDE,REAL_OBSERVATION
LS-POS-0228,1,25.0528,92.9487,950.3,47.82,129.0,22.88,41.49,29.74,36.0,28.0,36.0,1.3,5.2,25.0,1.0,0.0,44.7,7.7,TRAIN,Assam,Cachar,Assam Barail Range & Dima Hasao,2020-08-11,Tertiary Clay Shale,Toe Erosion by Jatinga River,POSITIVE_LANDSLIDE,REAL_OBSERVATION
LS-POS-0229,1,25.2727,93.176,868.9,41.13,46.4,4.83,26.9,13.0,36.0,28.0,36.0,1.3,5.2,25.0,1.0,0.0,46.8,12.8,TRAIN,Assam,Cachar,Assam Barail Range & Dima Hasao,2018-09-02,Disang Siltstone,Railway Cut Slope Failure,POSITIVE_LANDSLIDE,REAL_OBSERVATION
LS-POS-0230,1,25.2783,92.8641,964.4,30.45,249.2,12.31,25.28,16.0,36.0,28.0,36.0,1.3,5.2,25.0,1.0,0.0,45.3,13.5,TRAIN,Assam,Cachar,Assam Barail Range & Dima Hasao,2020-08-11,Disang Siltstone,Railway Cut Slope Failure,POSITIVE_LANDSLIDE,REAL_OBSERVATION
LS-POS-0231,1,25.3026,93.0381,786.5,28.74,82.2,0.97,40.23,19.44,41.5,22.1,36.4,1.26,5.3,26.8,1.0,0.0,47.3,11.6,TRAIN,Assam,Dima Hasao,Assam Barail Range & Dima Hasao,2018-08-18,Disang Siltstone,Toe Erosion by Jatinga River,POSITIVE_LANDSLIDE,REAL_OBSERVATION
LS-POS-0232,1,25.2489,92.8508,550.2,26.64,203.8,25.16,106.92,51.68,36.0,28.0,36.0,1.3,5.2,25.0,1.0,0.0,64.2,12.2,TRAIN,Assam,Cachar,Assam Barail Range & Dima Hasao,2022-05-18,Disang Siltstone,Railway Cut Slope Failure,POSITIVE_LANDSLIDE,REAL_OBSERVATION
LS-POS-0233,1,25.1943,93.1069,467.3,38.76,207.6,77.92,162.18,101.3,41.5,22.1,36.4,1.26,5.3,26.8,1.0,0.0,74.2,16.8,TRAIN,Assam,Dima Hasao,Assam Barail Range & Dima Hasao,2022-06-18,Barail Sandstone,Toe Erosion by Jatinga River,POSITIVE_LANDSLIDE,REAL_OBSERVATION
LS-POS-0234,1,25.0569,92.9788,884.6,29.28,101.7,34.52,108.5,52.44,36.0,28.0,36.0,1.3,5.2,25.0,0.0,1.0,62.8,14.8,TRAIN,Assam,Cachar,Assam Barail Range & Dima Hasao,2019-07-12,Disang Siltstone,Toe Erosion by Jatinga River,POSITIVE_LANDSLIDE,REAL_OBSERVATION
LS-POS-0235,1,25.2975,93.0581,692.6,28.69,61.9,6.71,17.63,8.72,41.5,22.1,36.4,1.26,5.3,26.8,1.0,0.0,39.8,9.0,TRAIN,Assam,Dima Hasao,Assam Barail Range & Dima Hasao,2022-08-05,Tertiary Clay Shale,Railway Cut Slope Failure,POSITIVE_LANDSLIDE,REAL_OBSERVATION
LS-POS-0236,1,25.2904,93.1566,955.5,32.59,257.1,6.71,17.63,8.72,41.5,22.1,36.4,1.26,5.3,26.8,0.0,1.0,41.3,12.9,TRAIN,Assam,Dima Hasao,Assam Barail Range & Dima Hasao,2022-08-05,Disang Siltstone,Toe Erosion by Jatinga River,POSITIVE_LANDSLIDE,REAL_OBSERVATION
LS-POS-0237,1,25.0855,93.014,1033.1,34.44,142.8,7.56,21.89,10.58,41.5,22.1,36.4,1.26,5.3,26.8,1.0,0.0,40.5,14.5,TRAIN,Assam,Dima Hasao,Assam Barail Range & Dima Hasao,2022-08-05,Barail Sandstone,Railway Cut Slope Failure,POSITIVE_LANDSLIDE,REAL_OBSERVATION
LS-POS-0238,1,25.1504,92.8605,437.7,44.3,256.3,1.86,25.24,12.2,41.5,22.1,36.4,1.26,5.3,26.8,1.0,0.0,42.3,15.2,TRAIN,Assam,Dima Hasao,Assam Barail Range & Dima Hasao,2021-06-25,Barail Sandstone,Railway Cut Slope Failure,POSITIVE_LANDSLIDE,REAL_OBSERVATION
LS-POS-0239,1,25.0668,93.1911,584.6,34.29,298.1,25.41,41.23,33.03,36.0,28.0,36.0,1.3,5.2,25.0,1.0,0.0,46.7,13.4,TRAIN,Assam,Cachar,Assam Barail Range & Dima Hasao,2020-07-10,Disang Siltstone,Railway Cut Slope Failure,POSITIVE_LANDSLIDE,REAL_OBSERVATION
LS-POS-0240,1,25.2618,93.1025,456.4,45.89,60.5,22.56,77.73,37.57,41.5,22.1,36.4,1.26,5.3,26.8,1.0,0.0,55.9,12.6,TRAIN,Assam,Dima Hasao,Assam Barail Range & Dima Hasao,2019-07-12,Disang Siltstone,Railway Cut Slope Failure,POSITIVE_LANDSLIDE,REAL_OBSERVATION
NON-LS-BG-0241,0,25.1916,92.8554,533.6,3.54,89.8,6.92,15.1,9.0,36.0,28.0,36.0,1.3,5.2,25.0,1.0,0.0,40.8,7.9,TRAIN,Assam,Cachar,Assam Barail Range & Dima Hasao,2021-07-28,Tertiary Clay Shale,None (Stable Terrain),BACKGROUND_STABLE,REAL_OBSERVATION
NON-LS-BG-0242,0,25.1849,93.1607,381.7,34.71,50.1,22.88,41.49,29.74,36.0,28.0,36.0,1.3,5.2,25.0,1.0,0.0,47.6,8.3,TRAIN,Assam,Cachar,Assam Barail Range & Dima Hasao,2020-08-11,Tertiary Clay Shale,None (Stable Steep Terrain),STEEP_STABLE,REAL_OBSERVATION
NON-LS-BG-0243,0,25.2097,93.0144,578.8,34.81,317.6,13.43,55.66,26.9,36.0,28.0,36.0,1.3,5.2,25.0,1.0,0.0,47.4,8.7,TRAIN,Assam,Cachar,Assam Barail Range & Dima Hasao,2022-10-25,Tertiary Clay Shale,None (Stable Steep Terrain),STEEP_STABLE,REAL_OBSERVATION
NON-LS-BG-0244,0,25.2863,93.0998,681.6,14.75,203.5,0.0,0.3,0.14,41.5,22.1,36.4,1.26,5.3,26.8,1.0,0.0,37.9,7.9,TRAIN,Assam,Dima Hasao,Assam Barail Range & Dima Hasao,2019-03-25,Tertiary Clay Shale,None (Stable Terrain),BACKGROUND_STABLE,REAL_OBSERVATION
NON-LS-BG-0245,0,25.2326,92.9898,415.8,4.81,246.2,15.8,19.52,20.54,36.0,28.0,36.0,1.3,5.2,25.0,1.0,0.0,42.7,9.3,TRAIN,Assam,Cachar,Assam Barail Range & Dima Hasao,2019-08-08,Tertiary Clay Shale,None (Stable Terrain),BACKGROUND_STABLE,REAL_OBSERVATION
NON-LS-BG-0246,0,25.2135,93.2422,495.0,7.85,195.7,0.09,0.09,0.12,41.5,22.1,36.4,1.26,5.3,26.8,1.0,0.0,39.2,13.6,TRAIN,Assam,Dima Hasao,Assam Barail Range & Dima Hasao,2018-02-14,Disang Siltstone,None (Stable Terrain),BACKGROUND_STABLE,REAL_OBSERVATION
NON-LS-BG-0247,0,25.1954,92.9163,997.0,13.2,165.7,2.83,15.01,7.25,36.0,28.0,36.0,1.3,5.2,25.0,1.0,0.0,42.2,15.3,TRAIN,Assam,Cachar,Assam Barail Range & Dima Hasao,2021-09-02,Barail Sandstone,None (Stable Terrain),BACKGROUND_STABLE,REAL_OBSERVATION
NON-LS-BG-0248,0,25.2748,92.9662,886.1,4.34,283.1,0.0,0.18,0.09,41.5,22.1,36.4,1.26,5.3,26.8,1.0,0.0,39.7,16.2,TRAIN,Assam,Dima Hasao,Assam Barail Range & Dima Hasao,2018-11-20,Barail Sandstone,None (Stable Terrain),BACKGROUND_STABLE,REAL_OBSERVATION
NON-LS-BG-0249,0,25.0994,92.9821,865.0,9.23,313.4,0.0,0.0,0.0,36.0,28.0,36.0,1.3,5.2,25.0,1.0,0.0,37.6,13.5,TRAIN,Assam,Cachar,Assam Barail Range & Dima Hasao,2019-01-18,Disang Siltstone,None (Stable Terrain),BACKGROUND_STABLE,REAL_OBSERVATION
NON-LS-BG-0250,0,25.1216,93.0305,1024.5,39.59,327.3,1.24,30.64,14.81,41.5,22.1,36.4,1.26,5.3,26.8,1.0,0.0,43.9,16.1,TRAIN,Assam,Dima Hasao,Assam Barail Range & Dima Hasao,2018-08-18,Barail Sandstone,None (Stable Steep Terrain),STEEP_STABLE,REAL_OBSERVATION
NON-LS-BG-0251,0,25.2116,93.0491,409.7,37.03,158.8,4.69,24.81,11.99,41.5,22.1,36.4,1.26,5.3,26.8,1.0,0.0,44.9,10.5,TRAIN,Assam,Dima Hasao,Assam Barail Range & Dima Hasao,2022-07-19,Tertiary Clay Shale,None (Stable Steep Terrain),STEEP_STABLE,REAL_OBSERVATION
NON-LS-BG-0252,0,25.0782,92.9927,865.5,34.54,329.4,13.43,55.66,26.9,36.0,28.0,36.0,1.3,5.2,25.0,1.0,0.0,52.7,9.0,TRAIN,Assam,Cachar,Assam Barail Range & Dima Hasao,2022-10-25,Tertiary Clay Shale,None (Stable Steep Terrain),STEEP_STABLE,REAL_OBSERVATION
NON-LS-BG-0253,0,25.2099,92.9132,822.4,25.03,60.8,77.92,162.18,101.3,41.5,22.1,36.4,1.26,5.3,26.8,1.0,0.0,73.8,10.2,TRAIN,Assam,Dima Hasao,Assam Barail Range & Dima Hasao,2022-06-18,Tertiary Clay Shale,None (Stable Steep Terrain),STEEP_STABLE,REAL_OBSERVATION
NON-LS-BG-0254,0,25.3403,93.1927,418.2,11.88,240.5,5.18,19.74,9.54,41.5,22.1,36.4,1.26,5.3,26.8,0.0,1.0,41.2,14.3,TRAIN,Assam,Dima Hasao,Assam Barail Range & Dima Hasao,2022-09-15,Disang Siltstone,None (Stable Terrain),BACKGROUND_STABLE,REAL_OBSERVATION
NON-LS-BG-0255,0,25.2404,92.9164,952.5,8.13,189.9,0.0,0.2,0.1,41.5,22.1,36.4,1.26,5.3,26.8,1.0,0.0,38.0,7.5,TRAIN,Assam,Dima Hasao,Assam Barail Range & Dima Hasao,2018-11-20,Tertiary Clay Shale,None (Stable Terrain),BACKGROUND_STABLE,REAL_OBSERVATION
NON-LS-BG-0256,0,25.2658,93.2061,391.5,27.12,194.7,22.56,77.73,37.57,41.5,22.1,36.4,1.26,5.3,26.8,1.0,0.0,52.5,14.4,TRAIN,Assam,Dima Hasao,Assam Barail Range & Dima Hasao,2019-07-12,Disang Siltstone,None (Stable Steep Terrain),STEEP_STABLE,REAL_OBSERVATION
NON-LS-BG-0257,0,25.2631,92.9757,665.3,12.86,294.9,6.86,13.9,8.92,36.0,28.0,36.0,1.3,5.2,25.0,0.0,1.0,38.4,12.1,TRAIN,Assam,Cachar,Assam Barail Range & Dima Hasao,2018-07-22,Disang Siltstone,None (Stable Terrain),BACKGROUND_STABLE,REAL_OBSERVATION
NON-LS-BG-0258,0,25.1233,92.8952,396.9,41.32,68.9,13.48,35.92,17.52,41.5,22.1,36.4,1.26,5.3,26.8,1.0,0.0,44.9,14.7,TRAIN,Assam,Dima Hasao,Assam Barail Range & Dima Hasao,2021-08-14,Barail Sandstone,None (Stable Steep Terrain),STEEP_STABLE,REAL_OBSERVATION
NON-LS-BG-0259,0,25.2341,93.0242,739.5,37.06,228.3,3.33,23.53,11.37,36.0,28.0,36.0,1.3,5.2,25.0,1.0,0.0,42.1,10.0,TRAIN,Assam,Cachar,Assam Barail Range & Dima Hasao,2021-04-20,Tertiary Clay Shale,None (Stable Steep Terrain),STEEP_STABLE,REAL_OBSERVATION
NON-LS-BG-0260,0,25.1475,93.1245,384.7,5.1,27.7,0.0,0.06,0.03,41.5,22.1,36.4,1.26,5.3,26.8,1.0,0.0,35.1,14.3,TRAIN,Assam,Dima Hasao,Assam Barail Range & Dima Hasao,2020-01-22,Disang Siltstone,None (Stable Terrain),BACKGROUND_STABLE,REAL_OBSERVATION
NON-LS-BG-0261,0,25.1147,92.9942,383.9,12.16,313.6,0.0,0.0,0.0,41.5,22.1,36.4,1.26,5.3,26.8,1.0,0.0,40.1,15.5,TRAIN,Assam,Dima Hasao,Assam Barail Range & Dima Hasao,2019-01-18,Barail Sandstone,None (Stable Terrain),BACKGROUND_STABLE,REAL_OBSERVATION
NON-LS-BG-0262,0,25.2495,92.9541,970.1,11.05,165.7,6.92,15.1,9.0,41.5,22.1,36.4,1.26,5.3,26.8,1.0,0.0,39.2,9.4,TRAIN,Assam,Dima Hasao,Assam Barail Range & Dima Hasao,2021-07-28,Tertiary Clay Shale,None (Stable Terrain),BACKGROUND_STABLE,REAL_OBSERVATION
NON-LS-BG-0263,0,25.3075,92.9669,972.6,41.01,201.3,17.21,55.32,26.74,41.5,22.1,36.4,1.26,5.3,26.8,0.0,1.0,47.9,12.5,TRAIN,Assam,Dima Hasao,Assam Barail Range & Dima Hasao,2022-10-25,Disang Siltstone,None (Stable Steep Terrain),STEEP_STABLE,REAL_OBSERVATION
NON-LS-BG-0264,0,25.2385,93.0631,779.9,46.98,34.8,3.33,36.98,17.87,36.0,28.0,36.0,1.3,5.2,25.0,1.0,0.0,48.9,18.0,TRAIN,Assam,Cachar,Assam Barail Range & Dima Hasao,2018-09-02,Barail Sandstone,None (Stable Steep Terrain),STEEP_STABLE,REAL_OBSERVATION
NON-LS-BG-0265,0,25.1226,92.855,663.7,6.62,267.5,6.92,15.1,9.0,41.5,22.1,36.4,1.26,5.3,26.8,1.0,0.0,42.9,12.2,TRAIN,Assam,Dima Hasao,Assam Barail Range & Dima Hasao,2021-07-28,Disang Siltstone,None (Stable Terrain),BACKGROUND_STABLE,REAL_OBSERVATION
NON-LS-BG-0266,0,25.0644,93.2112,931.7,40.71,225.4,13.43,55.66,26.9,36.0,28.0,36.0,1.3,5.2,25.0,1.0,0.0,51.3,16.8,TRAIN,Assam,Cachar,Assam Barail Range & Dima Hasao,2022-10-25,Barail Sandstone,None (Stable Steep Terrain),STEEP_STABLE,REAL_OBSERVATION
NON-LS-BG-0267,0,25.2094,93.1853,535.4,26.22,237.2,13.43,55.66,26.9,41.5,22.1,36.4,1.26,5.3,26.8,1.0,0.0,49.5,16.6,TRAIN,Assam,Dima Hasao,Assam Barail Range & Dima Hasao,2022-10-25,Barail Sandstone,None (Stable Steep Terrain),STEEP_STABLE,REAL_OBSERVATION
NON-LS-BG-0268,0,25.1257,92.9381,677.4,32.1,298.5,1.24,30.64,14.81,41.5,22.1,36.4,1.26,5.3,26.8,1.0,0.0,41.8,11.8,TRAIN,Assam,Dima Hasao,Assam Barail Range & Dima Hasao,2018-08-18,Disang Siltstone,None (Stable Steep Terrain),STEEP_STABLE,REAL_OBSERVATION
NON-LS-BG-0269,0,25.3137,93.0787,697.7,38.63,49.5,10.16,33.49,16.19,36.0,28.0,36.0,1.3,5.2,25.0,1.0,0.0,45.6,14.7,TRAIN,Assam,Cachar,Assam Barail Range & Dima Hasao,2021-08-14,Barail Sandstone,None (Stable Steep Terrain),STEEP_STABLE,REAL_OBSERVATION
NON-LS-BG-0270,0,25.1522,92.9159,455.2,14.38,243.5,0.0,0.0,0.0,36.0,28.0,36.0,1.3,5.2,25.0,0.0,1.0,36.0,14.3,TRAIN,Assam,Cachar,Assam Barail Range & Dima Hasao,2019-01-18,Disang Siltstone,None (Stable Terrain),BACKGROUND_STABLE,REAL_OBSERVATION
NON-LS-BG-0271,0,25.286,93.2383,519.6,6.26,228.3,6.66,6.66,8.66,41.5,22.1,36.4,1.26,5.3,26.8,1.0,0.0,42.4,9.2,TRAIN,Assam,Dima Hasao,Assam Barail Range & Dima Hasao,2020-04-15,Tertiary Clay Shale,None (Stable Terrain),BACKGROUND_STABLE,REAL_OBSERVATION
NON-LS-BG-0272,0,25.0713,92.9518,588.9,30.41,349.8,25.41,41.23,33.03,36.0,28.0,36.0,1.3,5.2,25.0,1.0,0.0,49.1,11.0,TRAIN,Assam,Cachar,Assam Barail Range & Dima Hasao,2020-07-10,Tertiary Clay Shale,None (Stable Steep Terrain),STEEP_STABLE,REAL_OBSERVATION
NON-LS-BG-0273,0,25.1494,93.0428,473.1,47.19,307.5,34.52,108.5,52.44,41.5,22.1,36.4,1.26,5.3,26.8,1.0,0.0,59.7,12.8,TRAIN,Assam,Dima Hasao,Assam Barail Range & Dima Hasao,2019-07-12,Disang Siltstone,None (Stable Steep Terrain),STEEP_STABLE,REAL_OBSERVATION
NON-LS-BG-0274,0,25.3032,92.964,659.5,46.74,142.9,18.1,40.7,23.53,36.0,28.0,36.0,1.3,5.2,25.0,1.0,0.0,46.4,14.3,TRAIN,Assam,Cachar,Assam Barail Range & Dima Hasao,2020-06-25,Barail Sandstone,None (Stable Steep Terrain),STEEP_STABLE,REAL_OBSERVATION
NON-LS-BG-0275,0,25.0842,92.9881,690.7,44.51,47.3,22.88,41.49,29.74,41.5,22.1,36.4,1.26,5.3,26.8,0.0,1.0,48.6,8.7,TRAIN,Assam,Dima Hasao,Assam Barail Range & Dima Hasao,2020-08-11,Tertiary Clay Shale,None (Stable Steep Terrain),STEEP_STABLE,REAL_OBSERVATION
NON-LS-BG-0276,0,25.1324,93.0078,630.9,7.93,242.9,0.0,0.0,0.0,36.0,28.0,36.0,1.3,5.2,25.0,0.0,1.0,37.8,11.6,TRAIN,Assam,Cachar,Assam Barail Range & Dima Hasao,2021-11-05,Disang Siltstone,None (Stable Terrain),BACKGROUND_STABLE,REAL_OBSERVATION
NON-LS-BG-0277,0,25.3362,93.1386,939.2,3.03,217.4,0.46,0.46,0.6,36.0,28.0,36.0,1.3,5.2,25.0,1.0,0.0,36.2,14.6,TRAIN,Assam,Cachar,Assam Barail Range & Dima Hasao,2018-02-14,Disang Siltstone,None (Stable Terrain),BACKGROUND_STABLE,REAL_OBSERVATION
NON-LS-BG-0278,0,25.256,92.8958,604.3,8.47,270.4,3.35,23.08,11.16,36.0,28.0,36.0,1.3,5.2,25.0,1.0,0.0,40.4,11.9,TRAIN,Assam,Cachar,Assam Barail Range & Dima Hasao,2019-09-15,Disang Siltstone,None (Stable Terrain),BACKGROUND_STABLE,REAL_OBSERVATION
NON-LS-BG-0279,0,25.0713,92.8821,584.0,14.3,319.7,4.55,22.86,11.05,41.5,22.1,36.4,1.26,5.3,26.8,1.0,0.0,41.8,13.0,TRAIN,Assam,Dima Hasao,Assam Barail Range & Dima Hasao,2018-04-10,Disang Siltstone,None (Stable Terrain),BACKGROUND_STABLE,REAL_OBSERVATION
NON-LS-BG-0280,0,25.2296,93.0509,433.1,35.86,266.8,3.33,23.53,11.37,41.5,22.1,36.4,1.26,5.3,26.8,0.0,1.0,43.7,9.0,TRAIN,Assam,Dima Hasao,Assam Barail Range & Dima Hasao,2021-04-20,Tertiary Clay Shale,None (Stable Steep Terrain),STEEP_STABLE,REAL_OBSERVATION
LS-POS-0281,1,25.759,94.2402,1672.1,45.22,67.8,9.6,62.03,29.98,32.8,34.2,33.0,1.31,5.6,31.5,0.0,1.0,49.1,15.0,TRAIN,Nagaland,Kohima,Nagaland Kohima - Paglapahar Axis (NH-29),2018-06-14,Barail Sandstone,Monsoon Hydrostatic Load,POSITIVE_LANDSLIDE,REAL_OBSERVATION
LS-POS-0282,1,25.7198,94.2685,1507.2,32.54,232.0,7.36,58.72,28.38,32.8,34.2,33.0,1.31,5.6,31.5,1.0,0.0,53.0,12.6,TRAIN,Nagaland,Kohima,Nagaland Kohima - Paglapahar Axis (NH-29),2022-09-15,Silty Loam Weathered Mantle,Paglapahar Rockslide,POSITIVE_LANDSLIDE,REAL_OBSERVATION
LS-POS-0283,1,25.729,94.1855,1027.8,34.43,166.5,4.16,18.02,8.71,30.0,40.0,30.0,1.36,5.7,26.0,1.0,0.0,42.9,16.7,TRAIN,Nagaland,Dimapur,Nagaland Kohima - Paglapahar Axis (NH-29),2018-08-18,Barail Sandstone,Roadbed Subsidence,POSITIVE_LANDSLIDE,REAL_OBSERVATION
LS-POS-0284,1,25.7738,94.2158,869.0,46.68,151.1,3.8,34.66,16.75,30.0,40.0,30.0,1.36,5.7,26.0,1.0,0.0,47.2,10.2,TRAIN,Nagaland,Dimapur,Nagaland Kohima - Paglapahar Axis (NH-29),2018-09-02,Silty Loam Weathered Mantle,Paglapahar Rockslide,POSITIVE_LANDSLIDE,REAL_OBSERVATION
LS-POS-0285,1,25.7577,94.1291,929.1,41.56,136.7,13.01,28.55,16.91,32.8,34.2,33.0,1.31,5.6,31.5,1.0,0.0,43.5,9.2,TRAIN,Nagaland,Kohima,Nagaland Kohima - Paglapahar Axis (NH-29),2022-08-05,Disang Grey Shale,Paglapahar Rockslide,POSITIVE_LANDSLIDE,REAL_OBSERVATION
LS-POS-0286,1,25.7552,94.0826,786.0,36.1,227.8,3.72,45.13,21.81,33.0,34.0,33.0,1.32,5.5,30.0,1.0,0.0,46.9,17.4,TRAIN,Nagaland,Zunheboto,Nagaland Kohima - Paglapahar Axis (NH-29),2022-05-18,Barail Sandstone,Monsoon Hydrostatic Load,POSITIVE_LANDSLIDE,REAL_OBSERVATION
LS-POS-0287,1,25.7817,94.0776,976.1,48.75,176.1,20.11,52.81,26.14,32.8,34.2,33.0,1.31,5.6,31.5,1.0,0.0,49.5,13.1,TRAIN,Nagaland,Kohima,Nagaland Kohima - Paglapahar Axis (NH-29),2022-06-18,Silty Loam Weathered Mantle,Paglapahar Rockslide,POSITIVE_LANDSLIDE,REAL_OBSERVATION
LS-POS-0288,1,25.6083,94.1269,1647.6,36.07,151.8,15.9,28.51,20.67,33.0,34.0,33.0,1.32,5.5,30.0,1.0,0.0,46.4,16.0,TRAIN,Nagaland,Zunheboto,Nagaland Kohima - Paglapahar Axis (NH-29),2020-07-10,Barail Sandstone,Roadbed Subsidence,POSITIVE_LANDSLIDE,REAL_OBSERVATION
LS-POS-0289,1,25.694,94.0015,1219.1,30.73,173.0,4.08,27.21,13.15,30.0,40.0,30.0,1.36,5.7,26.0,1.0,0.0,46.5,9.3,TRAIN,Nagaland,Dimapur,Nagaland Kohima - Paglapahar Axis (NH-29),2019-06-28,Disang Grey Shale,Paglapahar Rockslide,POSITIVE_LANDSLIDE,REAL_OBSERVATION
LS-POS-0290,1,25.7332,94.2982,1270.8,29.85,149.1,4.62,40.48,19.57,33.0,34.0,33.0,1.32,5.5,30.0,1.0,0.0,49.0,11.4,TRAIN,Nagaland,Zunheboto,Nagaland Kohima - Paglapahar Axis (NH-29),2022-05-18,Silty Loam Weathered Mantle,Roadbed Subsidence,POSITIVE_LANDSLIDE,REAL_OBSERVATION
LS-POS-0291,1,25.7021,94.1395,918.7,39.63,141.2,0.7,16.43,7.94,30.0,40.0,30.0,1.36,5.7,26.0,1.0,0.0,41.6,9.1,TRAIN,Nagaland,Dimapur,Nagaland Kohima - Paglapahar Axis (NH-29),2022-07-19,Disang Grey Shale,Roadbed Subsidence,POSITIVE_LANDSLIDE,REAL_OBSERVATION
LS-POS-0292,1,25.848,94.1982,939.5,38.66,138.8,3.8,34.66,16.75,33.0,34.0,33.0,1.32,5.5,30.0,1.0,0.0,43.2,8.6,TRAIN,Nagaland,Zunheboto,Nagaland Kohima - Paglapahar Axis (NH-29),2018-09-02,Disang Grey Shale,Monsoon Hydrostatic Load,POSITIVE_LANDSLIDE,REAL_OBSERVATION
LS-POS-0293,1,25.7741,93.9987,1179.6,41.15,282.7,4.31,32.81,15.86,33.0,34.0,33.0,1.32,5.5,30.0,1.0,0.0,47.7,12.5,TRAIN,Nagaland,Zunheboto,Nagaland Kohima - Paglapahar Axis (NH-29),2018-08-18,Silty Loam Weathered Mantle,Paglapahar Rockslide,POSITIVE_LANDSLIDE,REAL_OBSERVATION
LS-POS-0294,1,25.787,94.1493,1338.6,32.23,289.9,3.8,34.66,16.75,32.8,34.2,33.0,1.31,5.6,31.5,1.0,0.0,43.7,8.4,TRAIN,Nagaland,Kohima,Nagaland Kohima - Paglapahar Axis (NH-29),2018-09-02,Disang Grey Shale,Paglapahar Rockslide,POSITIVE_LANDSLIDE,REAL_OBSERVATION
LS-POS-0295,1,25.6397,94.1576,1319.2,35.42,193.3,13.72,44.5,21.51,33.0,34.0,33.0,1.32,5.5,30.0,1.0,0.0,45.9,14.1,TRAIN,Nagaland,Zunheboto,Nagaland Kohima - Paglapahar Axis (NH-29),2020-08-11,Barail Sandstone,Paglapahar Rockslide,POSITIVE_LANDSLIDE,REAL_OBSERVATION
LS-POS-0296,1,25.6173,94.1883,1200.1,28.72,70.3,18.22,36.21,23.69,30.0,40.0,30.0,1.36,5.7,26.0,1.0,0.0,48.6,8.8,TRAIN,Nagaland,Dimapur,Nagaland Kohima - Paglapahar Axis (NH-29),2021-09-02,Disang Grey Shale,Monsoon Hydrostatic Load,POSITIVE_LANDSLIDE,REAL_OBSERVATION
LS-POS-0297,1,25.8264,94.1222,1052.2,38.32,208.6,4.09,32.15,15.54,33.0,34.0,33.0,1.32,5.5,30.0,1.0,0.0,43.9,9.4,TRAIN,Nagaland,Zunheboto,Nagaland Kohima - Paglapahar Axis (NH-29),2021-08-14,Disang Grey Shale,Roadbed Subsidence,POSITIVE_LANDSLIDE,REAL_OBSERVATION
LS-POS-0298,1,25.8756,94.0768,1433.1,46.78,199.9,4.09,32.15,15.54,33.0,34.0,33.0,1.32,5.5,30.0,1.0,0.0,42.1,15.1,TRAIN,Nagaland,Zunheboto,Nagaland Kohima - Paglapahar Axis (NH-29),2021-08-14,Barail Sandstone,Monsoon Hydrostatic Load,POSITIVE_LANDSLIDE,REAL_OBSERVATION
LS-POS-0299,1,25.8868,94.0202,878.3,45.93,61.9,5.94,17.57,8.49,32.8,34.2,33.0,1.31,5.6,31.5,1.0,0.0,43.1,9.5,TRAIN,Nagaland,Kohima,Nagaland Kohima - Paglapahar Axis (NH-29),2019-09-15,Disang Grey Shale,Paglapahar Rockslide,POSITIVE_LANDSLIDE,REAL_OBSERVATION
LS-POS-0300,1,25.865,94.1069,1239.4,41.16,280.5,11.62,38.84,18.77,33.0,34.0,33.0,1.32,5.5,30.0,1.0,0.0,49.4,12.5,TRAIN,Nagaland,Zunheboto,Nagaland Kohima - Paglapahar Axis (NH-29),2020-08-11,Silty Loam Weathered Mantle,Roadbed Subsidence,POSITIVE_LANDSLIDE,REAL_OBSERVATION
LS-POS-0301,1,25.7582,94.1714,1360.0,45.22,312.4,4.09,32.15,15.54,32.8,34.2,33.0,1.31,5.6,31.5,1.0,0.0,45.0,13.0,TRAIN,Nagaland,Kohima,Nagaland Kohima - Paglapahar Axis (NH-29),2021-08-14,Silty Loam Weathered Mantle,Roadbed Subsidence,POSITIVE_LANDSLIDE,REAL_OBSERVATION
LS-POS-0302,1,25.6602,94.2981,860.8,28.05,63.6,13.36,65.25,31.54,33.0,34.0,33.0,1.32,5.5,30.0,1.0,0.0,54.8,9.9,TRAIN,Nagaland,Zunheboto,Nagaland Kohima - Paglapahar Axis (NH-29),2018-06-14,Disang Grey Shale,Paglapahar Rockslide,POSITIVE_LANDSLIDE,REAL_OBSERVATION
LS-POS-0303,1,25.6017,94.278,1519.7,44.99,152.8,4.22,13.46,6.51,32.8,34.2,33.0,1.31,5.6,31.5,1.0,0.0,43.8,13.1,TRAIN,Nagaland,Kohima,Nagaland Kohima - Paglapahar Axis (NH-29),2019-09-15,Silty Loam Weathered Mantle,Roadbed Subsidence,POSITIVE_LANDSLIDE,REAL_OBSERVATION
LS-POS-0304,1,25.8169,94.0481,1398.7,28.51,300.9,4.27,32.67,15.79,33.0,34.0,33.0,1.32,5.5,30.0,1.0,0.0,47.4,10.5,TRAIN,Nagaland,Zunheboto,Nagaland Kohima - Paglapahar Axis (NH-29),2021-06-25,Silty Loam Weathered Mantle,Monsoon Hydrostatic Load,POSITIVE_LANDSLIDE,REAL_OBSERVATION
LS-POS-0305,1,25.6217,94.2843,1250.3,34.29,174.1,18.22,36.21,23.69,32.8,34.2,33.0,1.31,5.6,31.5,1.0,0.0,47.4,11.8,TRAIN,Nagaland,Kohima,Nagaland Kohima - Paglapahar Axis (NH-29),2021-09-02,Silty Loam Weathered Mantle,Roadbed Subsidence,POSITIVE_LANDSLIDE,REAL_OBSERVATION
LS-POS-0306,1,25.6436,94.1985,1380.2,32.43,86.1,1.81,10.61,5.13,30.0,40.0,30.0,1.36,5.7,26.0,1.0,0.0,40.6,12.6,TRAIN,Nagaland,Dimapur,Nagaland Kohima - Paglapahar Axis (NH-29),2021-07-28,Silty Loam Weathered Mantle,Monsoon Hydrostatic Load,POSITIVE_LANDSLIDE,REAL_OBSERVATION
LS-POS-0307,1,25.6799,93.9577,1304.9,45.69,207.9,1.45,18.09,8.74,32.8,34.2,33.0,1.31,5.6,31.5,1.0,0.0,44.8,10.9,TRAIN,Nagaland,Kohima,Nagaland Kohima - Paglapahar Axis (NH-29),2021-06-25,Disang Grey Shale,Roadbed Subsidence,POSITIVE_LANDSLIDE,REAL_OBSERVATION
LS-POS-0308,1,25.7073,94.1767,890.6,46.66,213.7,3.47,26.42,12.77,33.0,34.0,33.0,1.32,5.5,30.0,1.0,0.0,42.5,16.9,TRAIN,Nagaland,Zunheboto,Nagaland Kohima - Paglapahar Axis (NH-29),2018-09-02,Barail Sandstone,Roadbed Subsidence,POSITIVE_LANDSLIDE,REAL_OBSERVATION
LS-POS-0309,1,25.6215,94.1889,997.7,42.99,83.6,3.47,26.42,12.77,32.8,34.2,33.0,1.31,5.6,31.5,1.0,0.0,45.3,11.4,TRAIN,Nagaland,Kohima,Nagaland Kohima - Paglapahar Axis (NH-29),2018-09-02,Silty Loam Weathered Mantle,Roadbed Subsidence,POSITIVE_LANDSLIDE,REAL_OBSERVATION
LS-POS-0310,1,25.8326,94.045,1227.0,33.97,247.1,7.59,20.45,9.88,30.0,40.0,30.0,1.36,5.7,26.0,1.0,0.0,40.2,14.2,TRAIN,Nagaland,Dimapur,Nagaland Kohima - Paglapahar Axis (NH-29),2020-06-25,Barail Sandstone,Monsoon Hydrostatic Load,POSITIVE_LANDSLIDE,REAL_OBSERVATION
NON-LS-BG-0311,0,25.7533,93.9664,869.2,44.35,88.9,7.52,29.78,14.39,33.0,34.0,33.0,1.32,5.5,30.0,1.0,0.0,46.3,16.0,TRAIN,Nagaland,Zunheboto,Nagaland Kohima - Paglapahar Axis (NH-29),2019-07-12,Barail Sandstone,None (Stable Steep Terrain),STEEP_STABLE,REAL_OBSERVATION
NON-LS-BG-0312,0,25.6306,94.0761,864.1,13.11,327.6,0.0,0.09,0.04,30.0,40.0,30.0,1.36,5.7,26.0,1.0,0.0,40.9,11.9,TRAIN,Nagaland,Dimapur,Nagaland Kohima - Paglapahar Axis (NH-29),2018-11-20,Silty Loam Weathered Mantle,None (Stable Terrain),BACKGROUND_STABLE,REAL_OBSERVATION
NON-LS-BG-0313,0,25.7132,94.2874,703.3,28.02,50.1,15.9,28.51,20.67,30.0,40.0,30.0,1.36,5.7,26.0,1.0,0.0,47.2,8.6,TRAIN,Nagaland,Dimapur,Nagaland Kohima - Paglapahar Axis (NH-29),2020-07-10,Disang Grey Shale,None (Stable Steep Terrain),STEEP_STABLE,REAL_OBSERVATION
NON-LS-BG-0314,0,25.6763,94.2564,786.3,6.34,107.3,0.0,0.1,0.05,33.0,34.0,33.0,1.32,5.5,30.0,1.0,0.0,39.8,7.3,TRAIN,Nagaland,Zunheboto,Nagaland Kohima - Paglapahar Axis (NH-29),2020-11-12,Disang Grey Shale,None (Stable Terrain),BACKGROUND_STABLE,REAL_OBSERVATION
NON-LS-BG-0315,0,25.6316,94.2236,1196.0,3.58,311.7,0.0,0.0,0.0,32.8,34.2,33.0,1.31,5.6,31.5,1.0,0.0,38.3,17.2,TRAIN,Nagaland,Kohima,Nagaland Kohima - Paglapahar Axis (NH-29),2021-11-05,Barail Sandstone,None (Stable Terrain),BACKGROUND_STABLE,REAL_OBSERVATION
NON-LS-BG-0316,0,25.7428,93.9888,1187.4,32.1,198.7,2.42,15.3,7.4,32.8,34.2,33.0,1.31,5.6,31.5,1.0,0.0,43.9,13.3,TRAIN,Nagaland,Kohima,Nagaland Kohima - Paglapahar Axis (NH-29),2018-04-10,Silty Loam Weathered Mantle,None (Stable Steep Terrain),STEEP_STABLE,REAL_OBSERVATION
NON-LS-BG-0317,0,25.8191,94.1767,1331.1,35.65,234.6,7.34,22.04,10.65,32.8,34.2,33.0,1.31,5.6,31.5,0.0,1.0,40.0,15.5,TRAIN,Nagaland,Kohima,Nagaland Kohima - Paglapahar Axis (NH-29),2019-09-15,Barail Sandstone,None (Stable Steep Terrain),STEEP_STABLE,REAL_OBSERVATION
NON-LS-BG-0318,0,25.814,94.0197,1414.5,42.06,195.8,13.77,32.44,17.9,33.0,34.0,33.0,1.32,5.5,30.0,0.0,1.0,42.4,7.4,TRAIN,Nagaland,Zunheboto,Nagaland Kohima - Paglapahar Axis (NH-29),2020-07-10,Disang Grey Shale,None (Stable Steep Terrain),STEEP_STABLE,REAL_OBSERVATION
NON-LS-BG-0319,0,25.6726,94.2689,1368.4,36.17,145.5,4.16,18.02,8.71,30.0,40.0,30.0,1.36,5.7,26.0,1.0,0.0,43.1,16.9,TRAIN,Nagaland,Dimapur,Nagaland Kohima - Paglapahar Axis (NH-29),2018-08-18,Barail Sandstone,None (Stable Steep Terrain),STEEP_STABLE,REAL_OBSERVATION
NON-LS-BG-0320,0,25.889,94.1317,1225.7,28.15,45.2,15.5,24.02,20.15,33.0,34.0,33.0,1.32,5.5,30.0,1.0,0.0,44.9,10.5,TRAIN,Nagaland,Zunheboto,Nagaland Kohima - Paglapahar Axis (NH-29),2020-09-22,Disang Grey Shale,None (Stable Steep Terrain),STEEP_STABLE,REAL_OBSERVATION
NON-LS-BG-0321,0,25.6051,94.2196,1340.8,32.9,123.0,7.36,58.72,28.38,30.0,40.0,30.0,1.36,5.7,26.0,0.0,1.0,52.3,13.2,TRAIN,Nagaland,Dimapur,Nagaland Kohima - Paglapahar Axis (NH-29),2022-09-15,Silty Loam Weathered Mantle,None (Stable Steep Terrain),STEEP_STABLE,REAL_OBSERVATION
NON-LS-BG-0322,0,25.8217,94.0281,1194.0,9.85,316.5,0.0,0.37,0.18,33.0,34.0,33.0,1.32,5.5,30.0,1.0,0.0,35.4,7.9,TRAIN,Nagaland,Zunheboto,Nagaland Kohima - Paglapahar Axis (NH-29),2020-01-22,Disang Grey Shale,None (Stable Terrain),BACKGROUND_STABLE,REAL_OBSERVATION
NON-LS-BG-0323,0,25.8489,94.1622,882.5,5.49,88.8,0.0,2.96,1.43,33.0,34.0,33.0,1.32,5.5,30.0,1.0,0.0,39.4,13.4,TRAIN,Nagaland,Zunheboto,Nagaland Kohima - Paglapahar Axis (NH-29),2022-01-15,Silty Loam Weathered Mantle,None (Stable Terrain),BACKGROUND_STABLE,REAL_OBSERVATION
NON-LS-BG-0324,0,25.7452,94.2116,1044.7,32.46,196.0,10.71,21.63,13.92,30.0,40.0,30.0,1.36,5.7,26.0,1.0,0.0,39.8,9.1,TRAIN,Nagaland,Dimapur,Nagaland Kohima - Paglapahar Axis (NH-29),2022-08-05,Disang Grey Shale,None (Stable Steep Terrain),STEEP_STABLE,REAL_OBSERVATION
NON-LS-BG-0325,0,25.8888,93.9765,948.7,5.7,281.3,0.0,0.0,0.0,33.0,34.0,33.0,1.32,5.5,30.0,1.0,0.0,39.1,14.1,TRAIN,Nagaland,Zunheboto,Nagaland Kohima - Paglapahar Axis (NH-29),2020-11-12,Barail Sandstone,None (Stable Terrain),BACKGROUND_STABLE,REAL_OBSERVATION
NON-LS-BG-0326,0,25.8433,94.1726,968.7,31.91,121.4,13.01,28.55,16.91,33.0,34.0,33.0,1.32,5.5,30.0,1.0,0.0,43.7,10.6,TRAIN,Nagaland,Zunheboto,Nagaland Kohima - Paglapahar Axis (NH-29),2022-08-05,Disang Grey Shale,None (Stable Steep Terrain),STEEP_STABLE,REAL_OBSERVATION
NON-LS-BG-0327,0,25.807,94.2757,1065.6,5.76,274.0,0.26,9.62,4.65,30.0,40.0,30.0,1.36,5.7,26.0,1.0,0.0,41.1,8.0,TRAIN,Nagaland,Dimapur,Nagaland Kohima - Paglapahar Axis (NH-29),2021-04-20,Disang Grey Shale,None (Stable Terrain),BACKGROUND_STABLE,REAL_OBSERVATION
NON-LS-BG-0328,0,25.7063,94.2822,1478.5,10.45,196.8,0.03,0.61,0.29,30.0,40.0,30.0,1.36,5.7,26.0,1.0,0.0,40.2,15.4,TRAIN,Nagaland,Dimapur,Nagaland Kohima - Paglapahar Axis (NH-29),2022-03-30,Barail Sandstone,None (Stable Terrain),BACKGROUND_STABLE,REAL_OBSERVATION
NON-LS-BG-0329,0,25.7298,93.9654,771.2,8.35,353.2,0.4,0.4,0.52,32.8,34.2,33.0,1.31,5.6,31.5,1.0,0.0,40.2,11.2,TRAIN,Nagaland,Kohima,Nagaland Kohima - Paglapahar Axis (NH-29),2018-02-14,Silty Loam Weathered Mantle,None (Stable Terrain),BACKGROUND_STABLE,REAL_OBSERVATION
NON-LS-BG-0330,0,25.8379,94.2488,838.9,14.53,78.9,0.01,0.05,0.02,33.0,34.0,33.0,1.32,5.5,30.0,1.0,0.0,38.5,11.6,TRAIN,Nagaland,Zunheboto,Nagaland Kohima - Paglapahar Axis (NH-29),2020-11-12,Silty Loam Weathered Mantle,None (Stable Terrain),BACKGROUND_STABLE,REAL_OBSERVATION
NON-LS-BG-0331,0,25.7377,94.2718,780.4,28.81,285.3,19.8,31.63,25.74,30.0,40.0,30.0,1.36,5.7,26.0,1.0,0.0,43.6,17.5,TRAIN,Nagaland,Dimapur,Nagaland Kohima - Paglapahar Axis (NH-29),2020-09-22,Barail Sandstone,None (Stable Steep Terrain),STEEP_STABLE,REAL_OBSERVATION
NON-LS-BG-0332,0,25.8724,94.2803,1476.6,9.26,307.5,0.0,2.96,1.43,30.0,40.0,30.0,1.36,5.7,26.0,1.0,0.0,36.8,14.3,TRAIN,Nagaland,Dimapur,Nagaland Kohima - Paglapahar Axis (NH-29),2022-01-15,Barail Sandstone,None (Stable Terrain),BACKGROUND_STABLE,REAL_OBSERVATION
NON-LS-BG-0333,0,25.6696,94.1104,1317.8,14.52,4.4,0.0,0.0,0.0,30.0,40.0,30.0,1.36,5.7,26.0,1.0,0.0,37.1,16.9,TRAIN,Nagaland,Dimapur,Nagaland Kohima - Paglapahar Axis (NH-29),2021-11-05,Barail Sandstone,None (Stable Terrain),BACKGROUND_STABLE,REAL_OBSERVATION
NON-LS-BG-0334,0,25.6027,94.075,1446.5,5.74,305.3,4.22,13.46,6.51,33.0,34.0,33.0,1.32,5.5,30.0,1.0,0.0,42.8,11.0,TRAIN,Nagaland,Zunheboto,Nagaland Kohima - Paglapahar Axis (NH-29),2019-09-15,Disang Grey Shale,None (Stable Terrain),BACKGROUND_STABLE,REAL_OBSERVATION
NON-LS-BG-0335,0,25.8187,93.9834,1004.7,34.54,104.0,2.61,24.63,11.9,33.0,34.0,33.0,1.32,5.5,30.0,1.0,0.0,42.2,8.6,TRAIN,Nagaland,Zunheboto,Nagaland Kohima - Paglapahar Axis (NH-29),2018-09-02,Disang Grey Shale,None (Stable Steep Terrain),STEEP_STABLE,REAL_OBSERVATION
NON-LS-BG-0336,0,25.898,93.9657,1299.8,7.46,160.0,0.99,0.99,1.29,32.8,34.2,33.0,1.31,5.6,31.5,1.0,0.0,36.0,16.3,TRAIN,Nagaland,Kohima,Nagaland Kohima - Paglapahar Axis (NH-29),2018-02-14,Barail Sandstone,None (Stable Terrain),BACKGROUND_STABLE,REAL_OBSERVATION
NON-LS-BG-0337,0,25.6827,94.1677,1505.3,35.31,86.5,13.36,65.25,31.54,32.8,34.2,33.0,1.31,5.6,31.5,1.0,0.0,55.4,12.8,TRAIN,Nagaland,Kohima,Nagaland Kohima - Paglapahar Axis (NH-29),2018-06-14,Silty Loam Weathered Mantle,None (Stable Steep Terrain),STEEP_STABLE,REAL_OBSERVATION
NON-LS-BG-0338,0,25.6575,94.2714,714.4,42.82,63.1,13.36,65.25,31.54,33.0,34.0,33.0,1.32,5.5,30.0,1.0,0.0,53.0,8.6,TRAIN,Nagaland,Zunheboto,Nagaland Kohima - Paglapahar Axis (NH-29),2018-06-14,Disang Grey Shale,None (Stable Steep Terrain),STEEP_STABLE,REAL_OBSERVATION
NON-LS-BG-0339,0,25.86,94.0489,1468.0,43.32,273.2,15.3,27.98,19.89,33.0,34.0,33.0,1.32,5.5,30.0,1.0,0.0,46.7,12.0,TRAIN,Nagaland,Zunheboto,Nagaland Kohima - Paglapahar Axis (NH-29),2020-09-22,Silty Loam Weathered Mantle,None (Stable Steep Terrain),STEEP_STABLE,REAL_OBSERVATION
NON-LS-BG-0340,0,25.6847,94.0736,1418.0,14.36,171.5,0.0,0.16,0.08,32.8,34.2,33.0,1.31,5.6,31.5,1.0,0.0,35.8,8.5,TRAIN,Nagaland,Kohima,Nagaland Kohima - Paglapahar Axis (NH-29),2020-01-22,Disang Grey Shale,None (Stable Terrain),BACKGROUND_STABLE,REAL_OBSERVATION
LS-POS-0341,1,27.3488,92.233,1954.9,37.91,64.2,8.93,45.82,22.15,20.5,54.0,25.5,1.45,5.0,22.5,1.0,0.0,45.5,18.8,TRAIN,Arunachal Pradesh,West Kameng,Arunachal Pradesh Kameng & Tawang Axis,2021-07-28,Higher Himalayan Crystalline,Severe Cloudburst,POSITIVE_LANDSLIDE,REAL_OBSERVATION
LS-POS-0342,1,27.1345,92.7115,1811.8,42.6,232.3,4.67,15.12,7.31,19.0,56.0,25.0,1.48,4.9,20.0,1.0,0.0,38.4,19.8,TRAIN,Arunachal Pradesh,Tawang,Arunachal Pradesh Kameng & Tawang Axis,2018-09-02,Higher Himalayan Crystalline,Slope Toe Undercutting,POSITIVE_LANDSLIDE,REAL_OBSERVATION
LS-POS-0343,1,27.4856,92.5255,1207.7,52.39,150.8,11.23,48.95,23.66,20.5,54.0,25.5,1.45,5.0,22.5,1.0,0.0,49.6,19.4,TRAIN,Arunachal Pradesh,West Kameng,Arunachal Pradesh Kameng & Tawang Axis,2019-06-28,Bomdila Gneiss,Slope Toe Undercutting,POSITIVE_LANDSLIDE,REAL_OBSERVATION
LS-POS-0344,1,27.3734,92.4458,1953.7,35.29,106.1,5.78,22.38,10.82,19.0,56.0,25.0,1.48,4.9,20.0,1.0,0.0,42.4,21.8,TRAIN,Arunachal Pradesh,Tawang,Arunachal Pradesh Kameng & Tawang Axis,2019-09-15,Bomdila Gneiss,Bhalukpong Cutting Failure,POSITIVE_LANDSLIDE,REAL_OBSERVATION
LS-POS-0345,1,27.2521,92.2976,1341.7,34.03,245.3,2.66,10.87,5.25,20.5,54.0,25.5,1.45,5.0,22.5,1.0,0.0,41.9,9.2,TRAIN,Arunachal Pradesh,West Kameng,Arunachal Pradesh Kameng & Tawang Axis,2018-09-02,Dirang Schist,Slope Toe Undercutting,POSITIVE_LANDSLIDE,REAL_OBSERVATION
LS-POS-0346,1,27.5242,92.3747,1465.0,40.83,288.5,16.59,52.4,25.33,20.5,54.0,25.5,1.45,5.0,22.5,1.0,0.0,48.2,21.6,TRAIN,Arunachal Pradesh,West Kameng,Arunachal Pradesh Kameng & Tawang Axis,2021-09-02,Higher Himalayan Crystalline,Slope Toe Undercutting,POSITIVE_LANDSLIDE,REAL_OBSERVATION
LS-POS-0347,1,27.5033,92.7402,2232.2,42.26,236.5,44.61,68.18,57.99,20.5,54.0,25.5,1.45,5.0,22.5,1.0,0.0,51.4,19.3,TRAIN,Arunachal Pradesh,West Kameng,Arunachal Pradesh Kameng & Tawang Axis,2020-07-10,Bomdila Gneiss,Slope Toe Undercutting,POSITIVE_LANDSLIDE,REAL_OBSERVATION
LS-POS-0348,1,27.1837,92.6074,1942.4,54.0,301.3,4.67,15.12,7.31,19.0,56.0,25.0,1.48,4.9,20.0,1.0,0.0,43.8,9.1,TRAIN,Arunachal Pradesh,Tawang,Arunachal Pradesh Kameng & Tawang Axis,2018-09-02,Dirang Schist,Bhalukpong Cutting Failure,POSITIVE_LANDSLIDE,REAL_OBSERVATION
LS-POS-0349,1,27.4161,92.1845,1902.2,50.4,296.9,11.0,69.86,33.77,20.5,54.0,25.5,1.45,5.0,22.5,0.0,1.0,54.9,20.4,TRAIN,Arunachal Pradesh,West Kameng,Arunachal Pradesh Kameng & Tawang Axis,2022-05-18,Bomdila Gneiss,Slope Toe Undercutting,POSITIVE_LANDSLIDE,REAL_OBSERVATION
LS-POS-0350,1,27.5138,92.5532,2164.4,43.7,274.6,4.69,7.97,6.1,20.5,54.0,25.5,1.45,5.0,22.5,1.0,0.0,40.7,19.2,TRAIN,Arunachal Pradesh,West Kameng,Arunachal Pradesh Kameng & Tawang Axis,2019-08-08,Higher Himalayan Crystalline,Slope Toe Undercutting,POSITIVE_LANDSLIDE,REAL_OBSERVATION
LS-POS-0351,1,27.2723,92.1201,1038.2,36.99,234.3,11.0,69.86,33.77,19.0,56.0,25.0,1.48,4.9,20.0,1.0,0.0,51.8,8.3,TRAIN,Arunachal Pradesh,Tawang,Arunachal Pradesh Kameng & Tawang Axis,2022-05-18,Dirang Schist,Bhalukpong Cutting Failure,POSITIVE_LANDSLIDE,REAL_OBSERVATION
LS-POS-0352,1,27.4635,92.4653,2560.1,44.42,148.8,2.66,10.87,5.25,20.5,54.0,25.5,1.45,5.0,22.5,1.0,0.0,38.3,10.5,TRAIN,Arunachal Pradesh,West Kameng,Arunachal Pradesh Kameng & Tawang Axis,2018-09-02,Dirang Schist,Slope Toe Undercutting,POSITIVE_LANDSLIDE,REAL_OBSERVATION
LS-POS-0353,1,27.1126,92.6453,969.4,48.78,195.9,4.67,15.12,7.31,19.0,56.0,25.0,1.48,4.9,20.0,1.0,0.0,40.0,9.2,TRAIN,Arunachal Pradesh,Tawang,Arunachal Pradesh Kameng & Tawang Axis,2018-09-02,Dirang Schist,Bhalukpong Cutting Failure,POSITIVE_LANDSLIDE,REAL_OBSERVATION
LS-POS-0354,1,27.3505,92.559,1858.3,45.36,277.9,16.59,52.4,25.33,20.5,54.0,25.5,1.45,5.0,22.5,1.0,0.0,51.3,21.1,TRAIN,Arunachal Pradesh,West Kameng,Arunachal Pradesh Kameng & Tawang Axis,2021-09-02,Bomdila Gneiss,Bhalukpong Cutting Failure,POSITIVE_LANDSLIDE,REAL_OBSERVATION
LS-POS-0355,1,27.1896,92.62,1889.6,42.33,227.8,8.26,13.5,10.74,20.5,54.0,25.5,1.45,5.0,22.5,0.0,1.0,40.6,19.9,TRAIN,Arunachal Pradesh,West Kameng,Arunachal Pradesh Kameng & Tawang Axis,2022-08-05,Higher Himalayan Crystalline,Severe Cloudburst,POSITIVE_LANDSLIDE,REAL_OBSERVATION
LS-POS-0356,1,27.4125,92.3058,2337.9,44.53,274.7,1.63,4.7,2.27,19.0,56.0,25.0,1.48,4.9,20.0,1.0,0.0,42.0,20.7,TRAIN,Arunachal Pradesh,Tawang,Arunachal Pradesh Kameng & Tawang Axis,2018-08-18,Higher Himalayan Crystalline,Severe Cloudburst,POSITIVE_LANDSLIDE,REAL_OBSERVATION
LS-POS-0357,1,27.591,92.5082,1370.8,37.42,96.7,2.91,11.58,5.6,20.5,54.0,25.5,1.45,5.0,22.5,1.0,0.0,42.4,21.6,TRAIN,Arunachal Pradesh,West Kameng,Arunachal Pradesh Kameng & Tawang Axis,2020-08-11,Bomdila Gneiss,Severe Cloudburst,POSITIVE_LANDSLIDE,REAL_OBSERVATION
LS-POS-0358,1,27.3058,92.7077,1681.9,52.44,161.8,19.6,118.18,57.12,20.5,54.0,25.5,1.45,5.0,22.5,1.0,0.0,65.7,7.7,TRAIN,Arunachal Pradesh,West Kameng,Arunachal Pradesh Kameng & Tawang Axis,2022-06-18,Dirang Schist,Slope Toe Undercutting,POSITIVE_LANDSLIDE,REAL_OBSERVATION
LS-POS-0359,1,27.4427,92.3161,1046.2,41.85,215.7,4.69,7.97,6.1,19.0,56.0,25.0,1.48,4.9,20.0,0.0,1.0,40.2,18.4,TRAIN,Arunachal Pradesh,Tawang,Arunachal Pradesh Kameng & Tawang Axis,2019-08-08,Bomdila Gneiss,Bhalukpong Cutting Failure,POSITIVE_LANDSLIDE,REAL_OBSERVATION
LS-POS-0360,1,27.1995,92.3719,2226.6,36.13,309.7,64.59,90.24,83.97,20.5,54.0,25.5,1.45,5.0,22.5,0.0,1.0,58.8,10.8,TRAIN,Arunachal Pradesh,West Kameng,Arunachal Pradesh Kameng & Tawang Axis,2020-06-25,Dirang Schist,Slope Toe Undercutting,POSITIVE_LANDSLIDE,REAL_OBSERVATION
LS-POS-0361,1,27.1338,92.4372,1254.9,54.38,235.2,29.18,191.91,92.76,20.5,54.0,25.5,1.45,5.0,22.5,0.0,1.0,80.3,8.7,TRAIN,Arunachal Pradesh,West Kameng,Arunachal Pradesh Kameng & Tawang Axis,2022-06-18,Dirang Schist,Bhalukpong Cutting Failure,POSITIVE_LANDSLIDE,REAL_OBSERVATION
LS-POS-0362,1,27.3114,92.3252,1625.9,39.55,215.3,16.59,52.4,25.33,19.0,56.0,25.0,1.48,4.9,20.0,0.0,1.0,46.7,10.8,TRAIN,Arunachal Pradesh,Tawang,Arunachal Pradesh Kameng & Tawang Axis,2021-09-02,Dirang Schist,Bhalukpong Cutting Failure,POSITIVE_LANDSLIDE,REAL_OBSERVATION
LS-POS-0363,1,27.3748,92.5484,1194.7,46.5,125.3,5.83,9.64,7.58,20.5,54.0,25.5,1.45,5.0,22.5,1.0,0.0,37.7,18.2,TRAIN,Arunachal Pradesh,West Kameng,Arunachal Pradesh Kameng & Tawang Axis,2022-08-05,Bomdila Gneiss,Slope Toe Undercutting,POSITIVE_LANDSLIDE,REAL_OBSERVATION
LS-POS-0364,1,27.146,92.4894,2010.2,47.62,145.8,0.66,4.08,1.97,19.0,56.0,25.0,1.48,4.9,20.0,1.0,0.0,37.4,18.3,TRAIN,Arunachal Pradesh,Tawang,Arunachal Pradesh Kameng & Tawang Axis,2018-08-18,Bomdila Gneiss,Severe Cloudburst,POSITIVE_LANDSLIDE,REAL_OBSERVATION
LS-POS-0365,1,27.3818,92.3929,2092.5,46.25,300.6,2.66,10.87,5.25,20.5,54.0,25.5,1.45,5.0,22.5,1.0,0.0,40.1,20.1,TRAIN,Arunachal Pradesh,West Kameng,Arunachal Pradesh Kameng & Tawang Axis,2018-09-02,Higher Himalayan Crystalline,Severe Cloudburst,POSITIVE_LANDSLIDE,REAL_OBSERVATION
NON-LS-BG-0366,0,27.153,92.2006,2295.2,37.01,252.4,4.67,15.12,7.31,19.0,56.0,25.0,1.48,4.9,20.0,0.0,1.0,40.2,18.2,TRAIN,Arunachal Pradesh,Tawang,Arunachal Pradesh Kameng & Tawang Axis,2018-09-02,Bomdila Gneiss,None (Stable Steep Terrain),STEEP_STABLE,REAL_OBSERVATION
NON-LS-BG-0367,0,27.4401,92.3653,785.0,35.59,79.4,11.93,64.34,31.1,20.5,54.0,25.5,1.45,5.0,22.5,0.0,1.0,49.9,19.5,TRAIN,Arunachal Pradesh,West Kameng,Arunachal Pradesh Kameng & Tawang Axis,2018-06-14,Bomdila Gneiss,None (Stable Steep Terrain),STEEP_STABLE,REAL_OBSERVATION
NON-LS-BG-0368,0,27.4629,92.5012,1961.5,42.9,33.3,19.6,118.18,57.12,19.0,56.0,25.0,1.48,4.9,20.0,1.0,0.0,61.4,20.8,TRAIN,Arunachal Pradesh,Tawang,Arunachal Pradesh Kameng & Tawang Axis,2022-06-18,Bomdila Gneiss,None (Stable Steep Terrain),STEEP_STABLE,REAL_OBSERVATION
NON-LS-BG-0369,0,27.4742,92.6945,1465.3,6.36,358.7,0.0,0.0,0.0,20.5,54.0,25.5,1.45,5.0,22.5,0.0,1.0,36.2,19.2,TRAIN,Arunachal Pradesh,West Kameng,Arunachal Pradesh Kameng & Tawang Axis,2021-02-10,Higher Himalayan Crystalline,None (Stable Terrain),BACKGROUND_STABLE,REAL_OBSERVATION
NON-LS-BG-0370,0,27.2146,92.4555,1849.8,45.41,265.9,1.62,14.44,6.98,20.5,54.0,25.5,1.45,5.0,22.5,1.0,0.0,40.6,19.7,TRAIN,Arunachal Pradesh,West Kameng,Arunachal Pradesh Kameng & Tawang Axis,2021-08-14,Higher Himalayan Crystalline,None (Stable Steep Terrain),STEEP_STABLE,REAL_OBSERVATION
NON-LS-BG-0371,0,27.1069,92.2614,1108.4,40.52,263.8,29.18,191.91,92.76,19.0,56.0,25.0,1.48,4.9,20.0,1.0,0.0,77.2,7.4,TRAIN,Arunachal Pradesh,Tawang,Arunachal Pradesh Kameng & Tawang Axis,2022-06-18,Dirang Schist,None (Stable Steep Terrain),STEEP_STABLE,REAL_OBSERVATION
NON-LS-BG-0372,0,27.4034,92.5374,891.9,15.37,177.7,0.0,0.0,0.0,19.0,56.0,25.0,1.48,4.9,20.0,1.0,0.0,40.2,7.0,TRAIN,Arunachal Pradesh,Tawang,Arunachal Pradesh Kameng & Tawang Axis,2018-11-20,Dirang Schist,None (Stable Terrain),BACKGROUND_STABLE,REAL_OBSERVATION
NON-LS-BG-0373,0,27.2417,92.6114,1405.9,9.68,277.5,1.78,9.12,4.41,20.5,54.0,25.5,1.45,5.0,22.5,1.0,0.0,40.0,20.0,TRAIN,Arunachal Pradesh,West Kameng,Arunachal Pradesh Kameng & Tawang Axis,2022-07-19,Higher Himalayan Crystalline,None (Stable Terrain),BACKGROUND_STABLE,REAL_OBSERVATION
NON-LS-BG-0374,0,27.3137,92.234,2059.5,7.34,12.6,0.0,0.0,0.0,19.0,56.0,25.0,1.48,4.9,20.0,1.0,0.0,37.0,19.7,TRAIN,Arunachal Pradesh,Tawang,Arunachal Pradesh Kameng & Tawang Axis,2020-11-12,Bomdila Gneiss,None (Stable Terrain),BACKGROUND_STABLE,REAL_OBSERVATION
NON-LS-BG-0375,0,27.4937,92.3674,2179.8,43.41,233.8,19.6,118.18,57.12,19.0,56.0,25.0,1.48,4.9,20.0,1.0,0.0,65.7,10.4,TRAIN,Arunachal Pradesh,Tawang,Arunachal Pradesh Kameng & Tawang Axis,2022-06-18,Dirang Schist,None (Stable Steep Terrain),STEEP_STABLE,REAL_OBSERVATION
NON-LS-BG-0376,0,27.5681,92.1416,2100.2,6.8,212.5,3.69,9.88,4.8,20.5,54.0,25.5,1.45,5.0,22.5,1.0,0.0,38.8,8.3,TRAIN,Arunachal Pradesh,West Kameng,Arunachal Pradesh Kameng & Tawang Axis,2018-09-02,Dirang Schist,None (Stable Terrain),BACKGROUND_STABLE,REAL_OBSERVATION
NON-LS-BG-0377,0,27.3038,92.4052,806.0,5.73,235.9,0.0,0.0,0.0,20.5,54.0,25.5,1.45,5.0,22.5,1.0,0.0,36.5,19.9,TRAIN,Arunachal Pradesh,West Kameng,Arunachal Pradesh Kameng & Tawang Axis,2019-12-05,Higher Himalayan Crystalline,None (Stable Terrain),BACKGROUND_STABLE,REAL_OBSERVATION
NON-LS-BG-0378,0,27.2301,92.2037,1020.8,3.92,293.1,0.0,0.01,0.0,19.0,56.0,25.0,1.48,4.9,20.0,1.0,0.0,39.1,18.9,TRAIN,Arunachal Pradesh,Tawang,Arunachal Pradesh Kameng & Tawang Axis,2018-11-20,Bomdila Gneiss,None (Stable Terrain),BACKGROUND_STABLE,REAL_OBSERVATION
NON-LS-BG-0379,0,27.4426,92.1718,1229.9,7.03,267.3,2.95,8.35,4.04,19.0,56.0,25.0,1.48,4.9,20.0,1.0,0.0,38.8,21.7,TRAIN,Arunachal Pradesh,Tawang,Arunachal Pradesh Kameng & Tawang Axis,2022-09-15,Higher Himalayan Crystalline,None (Stable Terrain),BACKGROUND_STABLE,REAL_OBSERVATION
NON-LS-BG-0380,0,27.1383,92.6672,2105.7,46.6,134.5,67.82,97.93,88.17,20.5,54.0,25.5,1.45,5.0,22.5,1.0,0.0,56.8,19.8,TRAIN,Arunachal Pradesh,West Kameng,Arunachal Pradesh Kameng & Tawang Axis,2020-07-10,Bomdila Gneiss,None (Stable Steep Terrain),STEEP_STABLE,REAL_OBSERVATION
NON-LS-BG-0381,0,27.2357,92.2507,1277.7,14.75,69.8,0.0,0.05,0.02,19.0,56.0,25.0,1.48,4.9,20.0,1.0,0.0,39.3,18.6,TRAIN,Arunachal Pradesh,Tawang,Arunachal Pradesh Kameng & Tawang Axis,2020-01-22,Higher Himalayan Crystalline,None (Stable Terrain),BACKGROUND_STABLE,REAL_OBSERVATION
NON-LS-BG-0382,0,27.5294,92.54,2121.6,25.94,57.7,50.82,89.56,66.07,20.5,54.0,25.5,1.45,5.0,22.5,0.0,1.0,55.0,7.6,TRAIN,Arunachal Pradesh,West Kameng,Arunachal Pradesh Kameng & Tawang Axis,2020-06-25,Dirang Schist,None (Stable Steep Terrain),STEEP_STABLE,REAL_OBSERVATION
NON-LS-BG-0383,0,27.4368,92.2165,1887.7,45.14,310.7,5.78,22.38,10.82,20.5,54.0,25.5,1.45,5.0,22.5,1.0,0.0,45.4,18.0,TRAIN,Arunachal Pradesh,West Kameng,Arunachal Pradesh Kameng & Tawang Axis,2019-09-15,Bomdila Gneiss,None (Stable Steep Terrain),STEEP_STABLE,REAL_OBSERVATION
NON-LS-BG-0384,0,27.3659,92.6131,1242.3,31.36,317.4,44.61,68.18,57.99,19.0,56.0,25.0,1.48,4.9,20.0,0.0,1.0,51.1,18.1,TRAIN,Arunachal Pradesh,Tawang,Arunachal Pradesh Kameng & Tawang Axis,2020-07-10,Bomdila Gneiss,None (Stable Steep Terrain),STEEP_STABLE,REAL_OBSERVATION
NON-LS-BG-0385,0,27.1607,92.5125,1706.0,35.94,140.8,1.62,14.44,6.98,19.0,56.0,25.0,1.48,4.9,20.0,1.0,0.0,38.9,20.5,TRAIN,Arunachal Pradesh,Tawang,Arunachal Pradesh Kameng & Tawang Axis,2021-08-14,Higher Himalayan Crystalline,None (Stable Steep Terrain),STEEP_STABLE,REAL_OBSERVATION
NON-LS-BG-0386,0,27.2171,92.2427,2319.8,43.33,194.7,21.04,99.87,48.27,20.5,54.0,25.5,1.45,5.0,22.5,1.0,0.0,58.4,20.3,TRAIN,Arunachal Pradesh,West Kameng,Arunachal Pradesh Kameng & Tawang Axis,2018-06-14,Bomdila Gneiss,None (Stable Steep Terrain),STEEP_STABLE,REAL_OBSERVATION
NON-LS-BG-0387,0,27.4482,92.5564,1039.0,9.5,8.0,5.55,8.71,7.21,20.5,54.0,25.5,1.45,5.0,22.5,1.0,0.0,40.4,21.4,TRAIN,Arunachal Pradesh,West Kameng,Arunachal Pradesh Kameng & Tawang Axis,2018-04-10,Bomdila Gneiss,None (Stable Terrain),BACKGROUND_STABLE,REAL_OBSERVATION
NON-LS-BG-0388,0,27.5726,92.5528,1565.5,15.13,141.1,0.5,6.79,3.28,20.5,54.0,25.5,1.45,5.0,22.5,1.0,0.0,36.5,10.4,TRAIN,Arunachal Pradesh,West Kameng,Arunachal Pradesh Kameng & Tawang Axis,2021-06-25,Dirang Schist,None (Stable Terrain),BACKGROUND_STABLE,REAL_OBSERVATION
NON-LS-BG-0389,0,27.5478,92.2328,1585.2,8.45,242.4,0.0,0.0,0.0,20.5,54.0,25.5,1.45,5.0,22.5,1.0,0.0,38.7,7.7,TRAIN,Arunachal Pradesh,West Kameng,Arunachal Pradesh Kameng & Tawang Axis,2020-11-12,Dirang Schist,None (Stable Terrain),BACKGROUND_STABLE,REAL_OBSERVATION
NON-LS-BG-0390,0,27.3041,92.6757,1120.6,12.29,192.8,0.0,0.0,0.0,19.0,56.0,25.0,1.48,4.9,20.0,0.0,1.0,39.6,21.4,TRAIN,Arunachal Pradesh,Tawang,Arunachal Pradesh Kameng & Tawang Axis,2020-11-12,Bomdila Gneiss,None (Stable Terrain),BACKGROUND_STABLE,REAL_OBSERVATION
LS-POS-0486,1,27.3942,88.5107,1810.9,44.95,328.2,16.24,46.47,22.46,24.0,48.0,28.0,1.39,5.2,22.0,1.0,0.0,45.8,20.7,TRAIN,Sikkim,West Sikkim,Sikkim & NH-10 Corridor,2021-07-28,Granite Gneiss,Monsoon Cloudburst,POSITIVE_LANDSLIDE,REAL_OBSERVATION
LS-POS-0487,1,27.6628,88.4884,2208.5,43.25,303.1,8.72,28.77,13.91,26.5,46.0,27.5,1.36,5.3,23.5,0.0,0.0,45.2,20.7,TRAIN,Sikkim,Kalimpong,Sikkim & NH-10 Corridor,2021-08-14,Granite Gneiss,Prolonged Downpour,POSITIVE_LANDSLIDE,REAL_OBSERVATION
LS-POS-0488,1,27.6705,88.2996,1966.7,46.55,49.0,37.3,80.02,48.49,34.1,32.4,33.5,1.28,5.8,29.1,0.0,0.0,52.7,19.3,TRAIN,Sikkim,South Sikkim,Sikkim & NH-10 Corridor,2020-06-25,Granite Gneiss,High Intensity Rain,POSITIVE_LANDSLIDE,REAL_OBSERVATION
LS-POS-0489,1,27.5626,88.2682,2031.1,44.67,333.2,37.3,80.02,48.49,34.1,32.4,33.5,1.28,5.8,29.1,0.0,0.0,53.8,21.1,TRAIN,Sikkim,South Sikkim,Sikkim & NH-10 Corridor,2020-06-25,Granite Gneiss,Prolonged Downpour,POSITIVE_LANDSLIDE,REAL_OBSERVATION
LS-POS-0490,1,27.1164,88.3081,1161.8,45.38,25.2,2.07,7.14,3.45,18.2,58.6,23.2,1.48,5.1,18.5,1.0,0.0,41.8,8.0,TRAIN,Sikkim,North Sikkim,Sikkim & NH-10 Corridor,2018-08-18,Schist & Phyllite,Prolonged Downpour,POSITIVE_LANDSLIDE,REAL_OBSERVATION
LS-POS-0491,1,27.127,88.3251,1089.8,40.08,193.7,20.66,66.13,31.96,34.1,32.4,33.5,1.28,5.8,29.1,1.0,0.0,53.5,18.5,TRAIN,Sikkim,South Sikkim,Sikkim & NH-10 Corridor,2020-08-11,Quartzite Schist,Monsoon Cloudburst,POSITIVE_LANDSLIDE,REAL_OBSERVATION
LS-POS-0492,1,27.4203,88.3477,1681.3,37.32,299.5,31.84,71.23,41.39,34.1,32.4,33.5,1.28,5.8,29.1,1.0,0.0,52.4,7.6,TRAIN,Sikkim,South Sikkim,Sikkim & NH-10 Corridor,2020-09-22,Disang Shale,High Intensity Rain,POSITIVE_LANDSLIDE,REAL_OBSERVATION
LS-POS-0493,1,27.5055,88.4392,1884.1,42.53,65.4,6.71,25.1,12.13,28.5,44.2,27.3,1.34,5.4,24.2,1.0,0.0,42.2,20.7,TRAIN,Sikkim,East Sikkim,Sikkim & NH-10 Corridor,2018-06-14,Granite Gneiss,Monsoon Cloudburst,POSITIVE_LANDSLIDE,REAL_OBSERVATION
LS-POS-0494,1,26.9343,88.5518,1065.0,47.01,187.1,3.95,18.3,8.84,24.0,48.0,28.0,1.39,5.2,22.0,1.0,0.0,44.5,7.8,TRAIN,Sikkim,West Sikkim,Sikkim & NH-10 Corridor,2018-07-22,Disang Shale,Prolonged Downpour,POSITIVE_LANDSLIDE,REAL_OBSERVATION
LS-POS-0495,1,27.2388,88.4746,1341.5,35.47,60.8,14.03,35.72,18.24,26.5,46.0,27.5,1.36,5.3,23.5,1.0,0.0,46.2,20.8,TRAIN,Sikkim,Kalimpong,Sikkim & NH-10 Corridor,2021-06-25,Quartzite Schist,Monsoon Cloudburst,POSITIVE_LANDSLIDE,REAL_OBSERVATION
LS-POS-0496,1,27.3552,88.4698,891.9,37.44,292.8,6.21,21.38,10.33,24.0,48.0,28.0,1.39,5.2,22.0,1.0,0.0,45.4,20.4,TRAIN,Sikkim,West Sikkim,Sikkim & NH-10 Corridor,2021-06-25,Granite Gneiss,High Intensity Rain,POSITIVE_LANDSLIDE,REAL_OBSERVATION
LS-POS-0497,1,27.2552,88.3047,2111.6,40.7,315.4,16.2,26.18,21.06,28.5,44.2,27.3,1.34,5.4,24.2,1.0,0.0,42.3,20.5,TRAIN,Sikkim,East Sikkim,Sikkim & NH-10 Corridor,2022-07-19,Quartzite Schist,High Intensity Rain,POSITIVE_LANDSLIDE,REAL_OBSERVATION
LS-POS-0498,1,27.1762,88.2571,841.0,33.65,208.8,5.74,33.61,16.24,34.1,32.4,33.5,1.28,5.8,29.1,1.0,0.0,44.3,21.9,TRAIN,Sikkim,South Sikkim,Sikkim & NH-10 Corridor,2019-06-28,Quartzite Schist,Prolonged Downpour,POSITIVE_LANDSLIDE,REAL_OBSERVATION
LS-POS-0499,1,27.381,88.6031,941.2,34.88,17.9,11.34,31.7,15.32,24.0,48.0,28.0,1.39,5.2,22.0,1.0,0.0,44.4,9.7,TRAIN,Sikkim,West Sikkim,Sikkim & NH-10 Corridor,2022-08-05,Disang Shale,Prolonged Downpour,POSITIVE_LANDSLIDE,REAL_OBSERVATION
LS-POS-0500,1,27.1895,88.3236,1710.6,41.48,326.7,16.2,26.18,21.06,18.2,58.6,23.2,1.48,5.1,18.5,1.0,0.0,40.9,19.6,TRAIN,Sikkim,North Sikkim,Sikkim & NH-10 Corridor,2022-07-19,Quartzite Schist,Monsoon Cloudburst,POSITIVE_LANDSLIDE,REAL_OBSERVATION
NON-LS-BG-0521,0,27.6844,88.4257,2299.7,44.92,23.4,8.72,28.77,13.91,26.5,46.0,27.5,1.36,5.3,23.5,1.0,0.0,46.6,20.4,TRAIN,Sikkim,Kalimpong,Sikkim & NH-10 Corridor,2021-08-14,Granite Gneiss,None (Stable Steep Terrain),STEEP_STABLE,REAL_OBSERVATION
NON-LS-BG-0522,0,27.281,88.145,1432.6,43.11,42.2,3.18,25.41,12.28,26.5,46.0,27.5,1.36,5.3,23.5,1.0,0.0,43.3,21.7,TRAIN,Sikkim,Kalimpong,Sikkim & NH-10 Corridor,2022-05-18,Granite Gneiss,None (Stable Steep Terrain),STEEP_STABLE,REAL_OBSERVATION
NON-LS-BG-0523,0,27.5591,88.2034,1455.5,30.44,326.8,11.75,42.99,20.78,28.5,44.2,27.3,1.34,5.4,24.2,0.0,0.0,49.6,19.3,TRAIN,Sikkim,East Sikkim,Sikkim & NH-10 Corridor,2021-07-28,Granite Gneiss,None (Stable Steep Terrain),STEEP_STABLE,REAL_OBSERVATION
NON-LS-BG-0524,0,27.3647,88.3865,641.3,41.18,254.1,10.8,30.06,14.53,24.0,48.0,28.0,1.39,5.2,22.0,1.0,0.0,44.9,9.0,TRAIN,Sikkim,West Sikkim,Sikkim & NH-10 Corridor,2022-08-05,Schist & Phyllite,None (Stable Steep Terrain),STEEP_STABLE,REAL_OBSERVATION
NON-LS-BG-0525,0,27.5903,88.6283,1469.1,39.95,203.8,10.52,18.56,13.68,28.5,44.2,27.3,1.34,5.4,24.2,1.0,0.0,42.9,19.3,TRAIN,Sikkim,East Sikkim,Sikkim & NH-10 Corridor,2022-07-19,Granite Gneiss,None (Stable Steep Terrain),STEEP_STABLE,REAL_OBSERVATION
NON-LS-BG-0526,0,27.2894,88.4181,1478.9,42.25,146.3,24.04,39.25,31.25,34.1,32.4,33.5,1.28,5.8,29.1,1.0,0.0,45.1,10.7,TRAIN,Sikkim,South Sikkim,Sikkim & NH-10 Corridor,2021-09-02,Disang Shale,None (Stable Steep Terrain),STEEP_STABLE,REAL_OBSERVATION
NON-LS-BG-0527,0,27.445,88.5081,1111.9,33.97,50.0,0.0,0.0,0.0,28.5,44.2,27.3,1.34,5.4,24.2,1.0,0.0,40.5,10.4,TRAIN,Sikkim,East Sikkim,Sikkim & NH-10 Corridor,2021-11-05,Schist & Phyllite,None (Stable Steep Terrain),STEEP_STABLE,REAL_OBSERVATION
NON-LS-BG-0528,0,26.9565,88.2542,2186.8,28.42,22.7,2.07,7.14,3.45,34.1,32.4,33.5,1.28,5.8,29.1,1.0,0.0,42.5,21.0,TRAIN,Sikkim,South Sikkim,Sikkim & NH-10 Corridor,2018-08-18,Quartzite Schist,None (Stable Steep Terrain),STEEP_STABLE,REAL_OBSERVATION
NON-LS-BG-0529,0,27.1764,88.2122,827.9,29.54,129.4,6.02,41.53,20.07,28.5,44.2,27.3,1.34,5.4,24.2,1.0,0.0,48.7,10.1,TRAIN,Sikkim,East Sikkim,Sikkim & NH-10 Corridor,2019-09-15,Disang Shale,None (Stable Steep Terrain),STEEP_STABLE,REAL_OBSERVATION
NON-LS-BG-0530,0,27.2899,88.1778,2364.7,30.28,25.5,11.92,35.72,17.26,26.5,46.0,27.5,1.36,5.3,23.5,1.0,0.0,45.8,8.8,TRAIN,Sikkim,Kalimpong,Sikkim & NH-10 Corridor,2018-06-14,Disang Shale,None (Stable Steep Terrain),STEEP_STABLE,REAL_OBSERVATION
NON-LS-BG-0531,0,27.2707,88.283,1656.7,33.31,269.2,16.2,26.18,21.06,18.2,58.6,23.2,1.48,5.1,18.5,1.0,0.0,42.2,20.6,TRAIN,Sikkim,North Sikkim,Sikkim & NH-10 Corridor,2022-07-19,Quartzite Schist,None (Stable Steep Terrain),STEEP_STABLE,REAL_OBSERVATION
NON-LS-BG-0532,0,27.531,88.405,888.7,31.09,20.5,10.52,18.56,13.68,34.1,32.4,33.5,1.28,5.8,29.1,1.0,0.0,40.8,19.0,TRAIN,Sikkim,South Sikkim,Sikkim & NH-10 Corridor,2022-07-19,Granite Gneiss,None (Stable Steep Terrain),STEEP_STABLE,REAL_OBSERVATION
NON-LS-BG-0533,0,27.388,88.3153,1702.0,37.77,344.5,3.94,5.17,5.12,28.5,44.2,27.3,1.34,5.4,24.2,1.0,0.0,39.6,19.6,TRAIN,Sikkim,East Sikkim,Sikkim & NH-10 Corridor,2022-03-30,Quartzite Schist,None (Stable Steep Terrain),STEEP_STABLE,REAL_OBSERVATION
NON-LS-BG-0534,0,27.5009,88.4206,1621.9,33.45,53.3,69.91,98.8,90.88,34.1,32.4,33.5,1.28,5.8,29.1,1.0,0.0,58.0,10.3,TRAIN,Sikkim,South Sikkim,Sikkim & NH-10 Corridor,2020-07-10,Schist & Phyllite,None (Stable Steep Terrain),STEEP_STABLE,REAL_OBSERVATION
NON-LS-BG-0535,0,27.1898,88.5302,1267.8,32.22,247.5,14.03,35.72,18.24,26.5,46.0,27.5,1.36,5.3,23.5,1.0,0.0,48.1,18.7,TRAIN,Sikkim,Kalimpong,Sikkim & NH-10 Corridor,2021-06-25,Quartzite Schist,None (Stable Steep Terrain),STEEP_STABLE,REAL_OBSERVATION
LS-POS-0501,1,25.3441,91.9879,1141.0,34.34,63.6,116.96,215.25,152.05,35.0,30.0,35.0,1.24,5.0,34.0,1.0,0.0,82.4,15.3,TRAIN,Meghalaya,East Jaintia Hills,Meghalaya Southern Escarpment & NH-6,2020-07-10,Sandstone & Shale,Monsoon Cloudburst,POSITIVE_LANDSLIDE,REAL_OBSERVATION
LS-POS-0502,1,25.4396,92.0911,1051.0,43.01,63.1,11.28,26.23,14.66,35.0,30.0,35.0,1.24,5.0,34.0,1.0,0.0,45.6,17.4,TRAIN,Meghalaya,West Jaintia Hills,Meghalaya Southern Escarpment & NH-6,2019-08-08,Limestone Karst,Prolonged Downpour,POSITIVE_LANDSLIDE,REAL_OBSERVATION
LS-POS-0503,1,25.3017,91.8045,1065.4,30.82,153.0,0.0,0.0,0.0,38.2,26.5,35.3,1.22,4.8,38.4,1.0,0.0,35.8,10.1,TRAIN,Meghalaya,East Khasi Hills,Meghalaya Southern Escarpment & NH-6,2019-01-18,Silty Clay Loam Bedrock,Monsoon Cloudburst,POSITIVE_LANDSLIDE,REAL_OBSERVATION
LS-POS-0504,1,25.3311,92.17,1345.5,42.91,190.0,28.41,94.62,45.73,35.0,30.0,35.0,1.24,5.0,34.0,1.0,0.0,56.5,8.6,TRAIN,Meghalaya,East Jaintia Hills,Meghalaya Southern Escarpment & NH-6,2021-06-25,Silty Clay Loam Bedrock,Prolonged Downpour,POSITIVE_LANDSLIDE,REAL_OBSERVATION
LS-POS-0505,1,25.4485,91.6156,932.9,46.36,8.4,6.52,16.73,8.48,35.0,30.0,35.0,1.24,5.0,34.0,1.0,0.0,44.7,14.8,TRAIN,Meghalaya,West Jaintia Hills,Meghalaya Southern Escarpment & NH-6,2021-09-02,Sandstone & Shale,High Intensity Rain,POSITIVE_LANDSLIDE,REAL_OBSERVATION
LS-POS-0506,1,25.156,92.1158,1722.3,39.26,234.9,12.61,134.6,65.06,35.0,30.0,35.0,1.24,5.0,34.0,1.0,0.0,65.5,15.7,TRAIN,Meghalaya,West Jaintia Hills,Meghalaya Southern Escarpment & NH-6,2019-09-15,Limestone Karst,Monsoon Cloudburst,POSITIVE_LANDSLIDE,REAL_OBSERVATION
LS-POS-0507,1,25.3199,91.5929,1900.0,44.14,118.2,59.09,265.17,128.17,35.0,30.0,35.0,1.24,5.0,34.0,1.0,0.0,96.0,17.7,TRAIN,Meghalaya,East Jaintia Hills,Meghalaya Southern Escarpment & NH-6,2019-06-28,Sandstone & Shale,High Intensity Rain,POSITIVE_LANDSLIDE,REAL_OBSERVATION
LS-POS-0508,1,25.0983,91.9721,1419.7,30.22,26.4,36.17,144.33,69.76,38.2,26.5,35.3,1.22,4.8,38.4,0.0,1.0,72.7,14.3,TRAIN,Meghalaya,East Khasi Hills,Meghalaya Southern Escarpment & NH-6,2022-09-15,Limestone Karst,Monsoon Cloudburst,POSITIVE_LANDSLIDE,REAL_OBSERVATION
LS-POS-0509,1,25.4052,91.5746,1048.6,51.71,20.1,0.0,0.0,0.0,35.0,30.0,35.0,1.24,5.0,34.0,1.0,0.0,35.8,17.2,TRAIN,Meghalaya,West Jaintia Hills,Meghalaya Southern Escarpment & NH-6,2019-01-18,Sandstone & Shale,Prolonged Downpour,POSITIVE_LANDSLIDE,REAL_OBSERVATION
LS-POS-0510,1,25.2819,91.9615,1187.7,50.16,314.0,116.96,215.25,152.05,35.0,30.0,35.0,1.24,5.0,34.0,1.0,0.0,84.0,17.5,TRAIN,Meghalaya,East Jaintia Hills,Meghalaya Southern Escarpment & NH-6,2020-07-10,Sandstone & Shale,Monsoon Cloudburst,POSITIVE_LANDSLIDE,REAL_OBSERVATION
NON-LS-BG-0536,0,25.5237,91.7487,1398.3,31.55,0.1,65.42,164.41,85.05,35.0,30.0,35.0,1.24,5.0,34.0,1.0,0.0,75.2,14.4,TRAIN,Meghalaya,West Jaintia Hills,Meghalaya Southern Escarpment & NH-6,2021-08-14,Sandstone & Shale,None (Stable Steep Terrain),STEEP_STABLE,REAL_OBSERVATION
NON-LS-BG-0537,0,25.573,92.3304,1344.4,31.88,160.0,18.12,35.47,23.56,35.0,30.0,35.0,1.24,5.0,34.0,1.0,0.0,47.8,14.7,TRAIN,Meghalaya,East Jaintia Hills,Meghalaya Southern Escarpment & NH-6,2018-07-22,Sandstone & Shale,None (Stable Steep Terrain),STEEP_STABLE,REAL_OBSERVATION
NON-LS-BG-0538,0,25.3054,91.5128,1837.4,32.94,217.2,59.09,265.17,128.17,35.0,30.0,35.0,1.24,5.0,34.0,1.0,0.0,95.5,16.2,TRAIN,Meghalaya,East Jaintia Hills,Meghalaya Southern Escarpment & NH-6,2019-06-28,Sandstone & Shale,None (Stable Steep Terrain),STEEP_STABLE,REAL_OBSERVATION
NON-LS-BG-0539,0,25.3677,91.4551,1226.5,37.45,201.0,0.0,0.0,0.0,38.2,26.5,35.3,1.22,4.8,38.4,1.0,0.0,38.0,16.7,TRAIN,Meghalaya,East Khasi Hills,Meghalaya Southern Escarpment & NH-6,2020-11-12,Sandstone & Shale,None (Stable Steep Terrain),STEEP_STABLE,REAL_OBSERVATION
NON-LS-BG-0540,0,25.5403,92.1011,936.6,34.45,39.2,28.41,94.62,45.73,35.0,30.0,35.0,1.24,5.0,34.0,1.0,0.0,59.7,18.0,TRAIN,Meghalaya,East Jaintia Hills,Meghalaya Southern Escarpment & NH-6,2021-06-25,Limestone Karst,None (Stable Steep Terrain),STEEP_STABLE,REAL_OBSERVATION
NON-LS-BG-0541,0,25.2334,92.0633,866.0,40.98,33.9,26.77,59.78,34.8,35.0,30.0,35.0,1.24,5.0,34.0,0.0,1.0,54.2,16.1,TRAIN,Meghalaya,East Jaintia Hills,Meghalaya Southern Escarpment & NH-6,2022-08-05,Sandstone & Shale,None (Stable Steep Terrain),STEEP_STABLE,REAL_OBSERVATION
NON-LS-BG-0542,0,25.5349,91.8036,1350.2,32.05,51.9,26.77,59.78,34.8,35.0,30.0,35.0,1.24,5.0,34.0,0.0,1.0,48.8,16.9,TRAIN,Meghalaya,East Jaintia Hills,Meghalaya Southern Escarpment & NH-6,2022-08-05,Sandstone & Shale,None (Stable Steep Terrain),STEEP_STABLE,REAL_OBSERVATION
NON-LS-BG-0543,0,25.2147,91.8239,830.1,34.29,215.0,15.63,33.13,20.32,35.0,30.0,35.0,1.24,5.0,34.0,1.0,0.0,48.2,8.3,TRAIN,Meghalaya,West Jaintia Hills,Meghalaya Southern Escarpment & NH-6,2019-08-08,Silty Clay Loam Bedrock,None (Stable Steep Terrain),STEEP_STABLE,REAL_OBSERVATION
NON-LS-BG-0544,0,25.3516,91.7405,925.6,25.06,59.5,6.52,16.73,8.48,35.0,30.0,35.0,1.24,5.0,34.0,1.0,0.0,41.5,15.7,TRAIN,Meghalaya,West Jaintia Hills,Meghalaya Southern Escarpment & NH-6,2021-09-02,Sandstone & Shale,None (Stable Steep Terrain),STEEP_STABLE,REAL_OBSERVATION
NON-LS-BG-0545,0,25.4468,92.0398,1680.0,33.81,327.9,30.97,57.64,40.26,35.0,30.0,35.0,1.24,5.0,34.0,1.0,0.0,48.0,9.7,TRAIN,Meghalaya,West Jaintia Hills,Meghalaya Southern Escarpment & NH-6,2018-07-22,Silty Clay Loam Bedrock,None (Stable Steep Terrain),STEEP_STABLE,REAL_OBSERVATION
LS-POS-0511,1,25.175,92.8777,774.6,51.32,42.5,1.24,30.64,14.81,41.5,22.1,36.4,1.26,5.3,26.8,1.0,0.0,43.8,14.1,TRAIN,Assam,Dima Hasao,Assam Barail Range & Dima Hasao,2018-08-18,Disang Siltstone,Prolonged Downpour,POSITIVE_LANDSLIDE,REAL_OBSERVATION
LS-POS-0512,1,25.1075,92.8363,850.1,39.89,95.0,1.24,30.64,14.81,36.0,28.0,36.0,1.3,5.2,25.0,1.0,0.0,46.7,10.3,TRAIN,Assam,Cachar,Assam Barail Range & Dima Hasao,2018-08-18,Tertiary Clay Shale,Prolonged Downpour,POSITIVE_LANDSLIDE,REAL_OBSERVATION
LS-POS-0513,1,25.2101,92.9535,856.5,48.87,175.4,77.92,162.18,101.3,41.5,22.1,36.4,1.26,5.3,26.8,1.0,0.0,73.2,8.3,TRAIN,Assam,Dima Hasao,Assam Barail Range & Dima Hasao,2022-06-18,Tertiary Clay Shale,Prolonged Downpour,POSITIVE_LANDSLIDE,REAL_OBSERVATION
LS-POS-0514,1,24.9758,93.1559,600.9,37.16,333.8,25.16,106.92,51.68,36.0,28.0,36.0,1.3,5.2,25.0,1.0,0.0,63.0,14.2,TRAIN,Assam,Cachar,Assam Barail Range & Dima Hasao,2022-05-18,Disang Siltstone,Monsoon Cloudburst,POSITIVE_LANDSLIDE,REAL_OBSERVATION
LS-POS-0515,1,25.137,92.9393,845.9,49.9,79.8,0.0,0.0,0.0,36.0,28.0,36.0,1.3,5.2,25.0,0.0,1.0,37.9,14.6,TRAIN,Assam,Cachar,Assam Barail Range & Dima Hasao,2019-01-18,Disang Siltstone,Prolonged Downpour,POSITIVE_LANDSLIDE,REAL_OBSERVATION
LS-POS-0516,1,25.0404,93.0345,728.6,30.84,17.7,22.88,41.49,29.74,41.5,22.1,36.4,1.26,5.3,26.8,1.0,0.0,45.0,10.5,TRAIN,Assam,Dima Hasao,Assam Barail Range & Dima Hasao,2020-08-11,Tertiary Clay Shale,High Intensity Rain,POSITIVE_LANDSLIDE,REAL_OBSERVATION
LS-POS-0517,1,25.2221,92.9889,449.7,48.53,162.4,77.92,162.18,101.3,36.0,28.0,36.0,1.3,5.2,25.0,1.0,0.0,71.3,11.6,TRAIN,Assam,Cachar,Assam Barail Range & Dima Hasao,2022-06-18,Disang Siltstone,High Intensity Rain,POSITIVE_LANDSLIDE,REAL_OBSERVATION
LS-POS-0518,1,25.3095,93.1036,939.2,30.6,217.7,0.46,0.46,0.6,36.0,28.0,36.0,1.3,5.2,25.0,0.0,1.0,38.3,11.3,TRAIN,Assam,Cachar,Assam Barail Range & Dima Hasao,2018-02-14,Disang Siltstone,Monsoon Cloudburst,POSITIVE_LANDSLIDE,REAL_OBSERVATION
LS-POS-0519,1,25.2695,92.9868,334.3,48.11,232.2,4.69,24.81,11.99,41.5,22.1,36.4,1.26,5.3,26.8,1.0,0.0,40.8,7.0,TRAIN,Assam,Dima Hasao,Assam Barail Range & Dima Hasao,2022-07-19,Tertiary Clay Shale,Prolonged Downpour,POSITIVE_LANDSLIDE,REAL_OBSERVATION
LS-POS-0520,1,25.1525,93.0032,812.5,43.07,0.0,0.0,0.0,0.0,36.0,28.0,36.0,1.3,5.2,25.0,1.0,0.0,37.6,14.1,TRAIN,Assam,Cachar,Assam Barail Range & Dima Hasao,2019-01-18,Disang Siltstone,High Intensity Rain,POSITIVE_LANDSLIDE,REAL_OBSERVATION
NON-LS-BG-0546,0,25.1693,92.9121,1017.0,44.78,280.5,22.88,41.49,29.74,36.0,28.0,36.0,1.3,5.2,25.0,1.0,0.0,44.3,13.6,TRAIN,Assam,Cachar,Assam Barail Range & Dima Hasao,2020-08-11,Disang Siltstone,None (Stable Steep Terrain),STEEP_STABLE,REAL_OBSERVATION
NON-LS-BG-0547,0,25.3157,93.0059,417.5,26.87,157.6,15.8,19.52,20.54,36.0,28.0,36.0,1.3,5.2,25.0,0.0,1.0,44.2,7.7,TRAIN,Assam,Cachar,Assam Barail Range & Dima Hasao,2019-08-08,Tertiary Clay Shale,None (Stable Steep Terrain),STEEP_STABLE,REAL_OBSERVATION
NON-LS-BG-0548,0,24.9968,92.8973,702.2,37.24,359.0,4.69,24.81,11.99,41.5,22.1,36.4,1.26,5.3,26.8,1.0,0.0,41.4,10.4,TRAIN,Assam,Dima Hasao,Assam Barail Range & Dima Hasao,2022-07-19,Tertiary Clay Shale,None (Stable Steep Terrain),STEEP_STABLE,REAL_OBSERVATION
NON-LS-BG-0549,0,25.2842,93.2133,490.6,43.96,88.5,5.18,19.74,9.54,41.5,22.1,36.4,1.26,5.3,26.8,1.0,0.0,44.2,13.2,TRAIN,Assam,Dima Hasao,Assam Barail Range & Dima Hasao,2022-09-15,Disang Siltstone,None (Stable Steep Terrain),STEEP_STABLE,REAL_OBSERVATION
NON-LS-BG-0550,0,25.3121,92.8217,605.4,29.88,183.5,3.35,23.08,11.16,36.0,28.0,36.0,1.3,5.2,25.0,1.0,0.0,45.0,11.4,TRAIN,Assam,Cachar,Assam Barail Range & Dima Hasao,2019-09-15,Disang Siltstone,None (Stable Steep Terrain),STEEP_STABLE,REAL_OBSERVATION
NON-LS-BG-0551,0,25.2262,93.1293,389.4,35.5,69.4,22.56,77.73,37.57,41.5,22.1,36.4,1.26,5.3,26.8,1.0,0.0,54.5,14.0,TRAIN,Assam,Dima Hasao,Assam Barail Range & Dima Hasao,2019-07-12,Disang Siltstone,None (Stable Steep Terrain),STEEP_STABLE,REAL_OBSERVATION
NON-LS-BG-0552,0,25.1507,93.2534,1098.5,25.75,35.6,13.48,35.92,17.52,36.0,28.0,36.0,1.3,5.2,25.0,0.0,1.0,44.4,10.0,TRAIN,Assam,Cachar,Assam Barail Range & Dima Hasao,2021-08-14,Tertiary Clay Shale,None (Stable Steep Terrain),STEEP_STABLE,REAL_OBSERVATION
NON-LS-BG-0553,0,25.2041,92.8469,714.4,33.41,110.4,6.92,15.1,9.0,41.5,22.1,36.4,1.26,5.3,26.8,0.0,1.0,41.3,14.0,TRAIN,Assam,Dima Hasao,Assam Barail Range & Dima Hasao,2021-07-28,Disang Siltstone,None (Stable Steep Terrain),STEEP_STABLE,REAL_OBSERVATION
NON-LS-BG-0554,0,25.2166,93.1345,400.2,47.61,83.9,34.52,108.5,52.44,41.5,22.1,36.4,1.26,5.3,26.8,1.0,0.0,61.7,12.5,TRAIN,Assam,Dima Hasao,Assam Barail Range & Dima Hasao,2019-07-12,Disang Siltstone,None (Stable Steep Terrain),STEEP_STABLE,REAL_OBSERVATION
NON-LS-BG-0555,0,25.3807,92.976,1198.9,42.87,303.3,22.56,77.73,37.57,36.0,28.0,36.0,1.3,5.2,25.0,1.0,0.0,53.4,7.8,TRAIN,Assam,Cachar,Assam Barail Range & Dima Hasao,2019-07-12,Tertiary Clay Shale,None (Stable Steep Terrain),STEEP_STABLE,REAL_OBSERVATION
LS-POS-0521,1,25.8247,94.2272,804.6,37.01,287.1,0.0,2.96,1.43,33.0,34.0,33.0,1.32,5.5,30.0,1.0,0.0,40.2,10.5,TRAIN,Nagaland,Zunheboto,Nagaland Kohima - Paglapahar Axis (NH-29),2022-01-15,Silty Loam Weathered Mantle,Prolonged Downpour,POSITIVE_LANDSLIDE,REAL_OBSERVATION
LS-POS-0522,1,25.7071,94.0961,849.1,44.73,148.4,13.01,28.55,16.91,32.8,34.2,33.0,1.31,5.6,31.5,0.0,1.0,41.8,7.7,TRAIN,Nagaland,Kohima,Nagaland Kohima - Paglapahar Axis (NH-29),2022-08-05,Disang Grey Shale,Monsoon Cloudburst,POSITIVE_LANDSLIDE,REAL_OBSERVATION
LS-POS-0523,1,25.5691,94.0811,840.1,44.44,132.0,0.0,0.09,0.04,30.0,40.0,30.0,1.36,5.7,26.0,1.0,0.0,36.1,13.3,TRAIN,Nagaland,Dimapur,Nagaland Kohima - Paglapahar Axis (NH-29),2018-11-20,Silty Loam Weathered Mantle,Prolonged Downpour,POSITIVE_LANDSLIDE,REAL_OBSERVATION
LS-POS-0524,1,25.9333,93.8763,990.5,32.48,255.6,0.0,0.0,0.0,33.0,34.0,33.0,1.32,5.5,30.0,1.0,0.0,37.4,18.0,TRAIN,Nagaland,Zunheboto,Nagaland Kohima - Paglapahar Axis (NH-29),2020-11-12,Barail Sandstone,High Intensity Rain,POSITIVE_LANDSLIDE,REAL_OBSERVATION
LS-POS-0525,1,25.9405,94.0703,1177.9,38.77,334.2,15.3,27.98,19.89,33.0,34.0,33.0,1.32,5.5,30.0,1.0,0.0,42.0,9.6,TRAIN,Nagaland,Zunheboto,Nagaland Kohima - Paglapahar Axis (NH-29),2020-09-22,Disang Grey Shale,Prolonged Downpour,POSITIVE_LANDSLIDE,REAL_OBSERVATION
LS-POS-0526,1,25.6338,94.2374,760.3,34.21,148.2,13.36,65.25,31.54,33.0,34.0,33.0,1.32,5.5,30.0,1.0,0.0,52.1,8.6,TRAIN,Nagaland,Zunheboto,Nagaland Kohima - Paglapahar Axis (NH-29),2018-06-14,Disang Grey Shale,Prolonged Downpour,POSITIVE_LANDSLIDE,REAL_OBSERVATION
LS-POS-0527,1,25.8674,93.9988,1042.1,39.13,0.7,0.0,0.0,0.0,33.0,34.0,33.0,1.32,5.5,30.0,0.0,1.0,40.3,17.9,TRAIN,Nagaland,Zunheboto,Nagaland Kohima - Paglapahar Axis (NH-29),2020-11-12,Barail Sandstone,Prolonged Downpour,POSITIVE_LANDSLIDE,REAL_OBSERVATION
LS-POS-0528,1,25.6052,93.9979,1468.2,36.05,241.0,0.0,0.16,0.08,32.8,34.2,33.0,1.31,5.6,31.5,0.0,1.0,40.2,7.8,TRAIN,Nagaland,Kohima,Nagaland Kohima - Paglapahar Axis (NH-29),2020-01-22,Disang Grey Shale,Prolonged Downpour,POSITIVE_LANDSLIDE,REAL_OBSERVATION
NON-LS-BG-0556,0,25.8899,94.0431,1011.3,28.49,39.6,0.01,0.05,0.02,33.0,34.0,33.0,1.32,5.5,30.0,1.0,0.0,36.3,16.6,TRAIN,Nagaland,Zunheboto,Nagaland Kohima - Paglapahar Axis (NH-29),2020-11-12,Barail Sandstone,None (Stable Steep Terrain),STEEP_STABLE,REAL_OBSERVATION
NON-LS-BG-0557,0,25.9801,94.0738,1296.9,40.74,163.7,11.62,38.84,18.77,33.0,34.0,33.0,1.32,5.5,30.0,1.0,0.0,45.2,12.9,TRAIN,Nagaland,Zunheboto,Nagaland Kohima - Paglapahar Axis (NH-29),2020-08-11,Silty Loam Weathered Mantle,None (Stable Steep Terrain),STEEP_STABLE,REAL_OBSERVATION
NON-LS-BG-0558,0,25.5727,94.1804,1296.7,30.84,153.9,7.36,58.72,28.38,30.0,40.0,30.0,1.36,5.7,26.0,1.0,0.0,51.3,12.2,TRAIN,Nagaland,Dimapur,Nagaland Kohima - Paglapahar Axis (NH-29),2022-09-15,Silty Loam Weathered Mantle,None (Stable Steep Terrain),STEEP_STABLE,REAL_OBSERVATION
NON-LS-BG-0559,0,25.8906,94.208,1403.7,30.23,81.0,3.8,34.66,16.75,32.8,34.2,33.0,1.31,5.6,31.5,1.0,0.0,47.6,9.8,TRAIN,Nagaland,Kohima,Nagaland Kohima - Paglapahar Axis (NH-29),2018-09-02,Disang Grey Shale,None (Stable Steep Terrain),STEEP_STABLE,REAL_OBSERVATION
NON-LS-BG-0560,0,25.6786,94.2351,1338.4,25.14,331.4,4.16,18.02,8.71,30.0,40.0,30.0,1.36,5.7,26.0,0.0,1.0,39.2,14.2,TRAIN,Nagaland,Dimapur,Nagaland Kohima - Paglapahar Axis (NH-29),2018-08-18,Barail Sandstone,None (Stable Steep Terrain),STEEP_STABLE,REAL_OBSERVATION
NON-LS-BG-0561,0,25.6124,94.0687,1566.0,30.19,238.0,15.9,28.51,20.67,33.0,34.0,33.0,1.32,5.5,30.0,1.0,0.0,44.9,15.9,TRAIN,Nagaland,Zunheboto,Nagaland Kohima - Paglapahar Axis (NH-29),2020-07-10,Barail Sandstone,None (Stable Steep Terrain),STEEP_STABLE,REAL_OBSERVATION
NON-LS-BG-0562,0,25.7039,94.3417,777.2,46.66,100.6,19.8,31.63,25.74,30.0,40.0,30.0,1.36,5.7,26.0,1.0,0.0,43.6,15.7,TRAIN,Nagaland,Dimapur,Nagaland Kohima - Paglapahar Axis (NH-29),2020-09-22,Barail Sandstone,None (Stable Steep Terrain),STEEP_STABLE,REAL_OBSERVATION
NON-LS-BG-0563,0,25.5734,94.2911,1307.8,38.29,68.5,4.16,18.02,8.71,30.0,40.0,30.0,1.36,5.7,26.0,1.0,0.0,43.5,17.3,TRAIN,Nagaland,Dimapur,Nagaland Kohima - Paglapahar Axis (NH-29),2018-08-18,Barail Sandstone,None (Stable Steep Terrain),STEEP_STABLE,REAL_OBSERVATION
LS-POS-0529,1,27.2749,92.555,1287.3,31.36,107.2,44.61,68.18,57.99,19.0,56.0,25.0,1.48,4.9,20.0,1.0,0.0,53.4,19.5,TRAIN,Arunachal Pradesh,Tawang,Arunachal Pradesh Kameng & Tawang Axis,2020-07-10,Bomdila Gneiss,Monsoon Cloudburst,POSITIVE_LANDSLIDE,REAL_OBSERVATION
LS-POS-0530,1,27.3492,92.2594,1592.0,43.26,52.9,16.59,52.4,25.33,19.0,56.0,25.0,1.48,4.9,20.0,1.0,0.0,48.1,9.1,TRAIN,Arunachal Pradesh,Tawang,Arunachal Pradesh Kameng & Tawang Axis,2021-09-02,Dirang Schist,Monsoon Cloudburst,POSITIVE_LANDSLIDE,REAL_OBSERVATION
LS-POS-0531,1,27.2523,92.6421,1946.5,48.43,246.0,4.67,15.12,7.31,19.0,56.0,25.0,1.48,4.9,20.0,0.0,1.0,40.2,9.3,TRAIN,Arunachal Pradesh,Tawang,Arunachal Pradesh Kameng & Tawang Axis,2018-09-02,Dirang Schist,Prolonged Downpour,POSITIVE_LANDSLIDE,REAL_OBSERVATION
LS-POS-0532,1,27.4409,92.6713,2207.7,41.2,87.6,44.61,68.18,57.99,20.5,54.0,25.5,1.45,5.0,22.5,0.0,1.0,54.1,18.3,TRAIN,Arunachal Pradesh,West Kameng,Arunachal Pradesh Kameng & Tawang Axis,2020-07-10,Bomdila Gneiss,Monsoon Cloudburst,POSITIVE_LANDSLIDE,REAL_OBSERVATION
LS-POS-0533,1,27.0998,92.5542,1730.4,44.44,153.3,1.62,14.44,6.98,19.0,56.0,25.0,1.48,4.9,20.0,1.0,0.0,38.2,18.8,TRAIN,Arunachal Pradesh,Tawang,Arunachal Pradesh Kameng & Tawang Axis,2021-08-14,Higher Himalayan Crystalline,Monsoon Cloudburst,POSITIVE_LANDSLIDE,REAL_OBSERVATION
LS-POS-0534,1,27.3696,92.6958,1300.5,35.28,266.6,44.61,68.18,57.99,19.0,56.0,25.0,1.48,4.9,20.0,1.0,0.0,55.4,20.6,TRAIN,Arunachal Pradesh,Tawang,Arunachal Pradesh Kameng & Tawang Axis,2020-07-10,Bomdila Gneiss,High Intensity Rain,POSITIVE_LANDSLIDE,REAL_OBSERVATION
LS-POS-0535,1,27.4816,92.1854,1959.7,42.75,357.4,11.0,69.86,33.77,20.5,54.0,25.5,1.45,5.0,22.5,1.0,0.0,51.4,21.6,TRAIN,Arunachal Pradesh,West Kameng,Arunachal Pradesh Kameng & Tawang Axis,2022-05-18,Bomdila Gneiss,High Intensity Rain,POSITIVE_LANDSLIDE,REAL_OBSERVATION
NON-LS-BG-0564,0,27.2561,92.4934,736.5,32.09,213.4,0.0,0.0,0.0,20.5,54.0,25.5,1.45,5.0,22.5,0.0,1.0,37.8,19.9,TRAIN,Arunachal Pradesh,West Kameng,Arunachal Pradesh Kameng & Tawang Axis,2019-12-05,Higher Himalayan Crystalline,None (Stable Steep Terrain),STEEP_STABLE,REAL_OBSERVATION
NON-LS-BG-0565,0,27.4644,92.5186,954.2,27.93,158.0,5.55,8.71,7.21,20.5,54.0,25.5,1.45,5.0,22.5,0.0,1.0,42.5,18.2,TRAIN,Arunachal Pradesh,West Kameng,Arunachal Pradesh Kameng & Tawang Axis,2018-04-10,Bomdila Gneiss,None (Stable Steep Terrain),STEEP_STABLE,REAL_OBSERVATION
NON-LS-BG-0566,0,27.1832,92.6533,1403.0,46.02,220.9,1.78,9.12,4.41,20.5,54.0,25.5,1.45,5.0,22.5,1.0,0.0,38.3,20.3,TRAIN,Arunachal Pradesh,West Kameng,Arunachal Pradesh Kameng & Tawang Axis,2022-07-19,Higher Himalayan Crystalline,None (Stable Steep Terrain),STEEP_STABLE,REAL_OBSERVATION
NON-LS-BG-0567,0,27.1857,92.2032,950.8,46.01,12.8,0.0,0.01,0.0,19.0,56.0,25.0,1.48,4.9,20.0,1.0,0.0,36.2,20.7,TRAIN,Arunachal Pradesh,Tawang,Arunachal Pradesh Kameng & Tawang Axis,2018-11-20,Bomdila Gneiss,None (Stable Steep Terrain),STEEP_STABLE,REAL_OBSERVATION
NON-LS-BG-0568,0,27.3795,92.2132,1898.6,37.67,214.7,5.78,22.38,10.82,20.5,54.0,25.5,1.45,5.0,22.5,1.0,0.0,41.2,18.4,TRAIN,Arunachal Pradesh,West Kameng,Arunachal Pradesh Kameng & Tawang Axis,2019-09-15,Bomdila Gneiss,None (Stable Steep Terrain),STEEP_STABLE,REAL_OBSERVATION
NON-LS-BG-0569,0,27.554,92.287,1405.7,41.71,248.3,16.59,52.4,25.33,20.5,54.0,25.5,1.45,5.0,22.5,1.0,0.0,47.7,19.7,TRAIN,Arunachal Pradesh,West Kameng,Arunachal Pradesh Kameng & Tawang Axis,2021-09-02,Higher Himalayan Crystalline,None (Stable Steep Terrain),STEEP_STABLE,REAL_OBSERVATION
NON-LS-BG-0570,0,27.5004,92.7743,1433.2,39.94,106.9,0.0,0.0,0.0,20.5,54.0,25.5,1.45,5.0,22.5,1.0,0.0,36.1,18.5,TRAIN,Arunachal Pradesh,West Kameng,Arunachal Pradesh Kameng & Tawang Axis,2021-02-10,Higher Himalayan Crystalline,None (Stable Steep Terrain),STEEP_STABLE,REAL_OBSERVATION
